:020000040800F2
:08C00000A2000000160000057B
:020000040801F1
:10000000E8A401203D040108450401084704010853
:10001000490401084B0401084D04010800000000D8
:100020000000000000000000000000000D030108B7
:100030005104010800000000C5030108290401085B
:100040005704010857040108570401085704010820
:100050005704010857040108570401085704010810
:100060005704010857040108570401085704010800
:1000700057040108570401085704010857040108F0
:100080005704010857040108E9180108570401083A
:1000900057040108570401085704010857040108D0
:1000A00057040108570401085704010857040108C0
:1000B00057040108570401085704010857040108B0
:1000C00057040108570401085704010857040108A0
:1000D0005704010857040108570401085704010890
:1000E0005704010857040108570401085704010880
:1000F0005704010857040108570401085704010870
:10010000570401085704010857040108570401085F
:100110005704010857040108570401082D8D0208EF
:10012000570401085704010857040108570401083F
:1001300057040108F1820108570401085704010817
:10014000570401085704010857040108D92402087C
:10015000570401085704010857040108570401080F
:1001600057040108570401085704010857040108FF
:100170005704010857040108570401080000000053
:10018000570401085704010800F002F800F065F870
:100190000AA090E8000C82448344AAF10107DA45E2
:1001A00001D100F05AF8AFF2090EBAE80F0013F0CF
:1001B000010F18BFFB1A43F0010318472CE102009E
:1001C0005CE102000A444FF0000C10F8013B13F010
:1001D000070408BF10F8014B1D1108BF10F8015BA0
:1001E000641E05D010F8016B641E01F8016BF9D193
:1001F00013F0080F1EBF10F8014BAD1C0C1B09D1EA
:100200006D1E58BF01F801CBFAD505E014F8016B5B
:1002100001F8016B6D1EF9D59142D6D370470000ED
:100220000023002400250026103A28BF78C1FBD8FF
:10023000520728BF30C148BF0B6070471FB52BF075
:10024000F0FA00F0DEFE0400002000212AF018FC85
:10025000401C60601FBD10B510BD00F0A3FE11462C
:10026000FFF7ECFF0FB400F00BF80FBC25F06AFBB2
:1002700000F044FA03B4FFF7EEFF03BC00F08CFE7D
:1002800004B027F09DFF0448002128F06DF827F006
:10029000A9FF00F033FA00009CDA03080048704719
:1002A0000000050780F309887047EFF30980704765
:1002B000684680F3098804480078C00714BF02200C
:1002C000032080F3148870475CDA0308DFF818C055
:1002D000EFF305831B0618BF6047EFF31483DB07BA
:1002E00008BF604700DF704711870308DFF818C0B8
:1002F000EFF305831B0618BF6047EFF31483DB079A
:1003000008BF604700DF7047A9890308EFF3098041
:10031000816911F8021CE1BB90E80F1010B5E047AD
:10032000BDE81040EFF3098C8CE80700214B93E8FF
:100330000600914208BF704741B91EF0100F16D158
:100340001D49086820F00100086010E01EF0100F41
:1003500006BF2CED108A0120002081F825002CE931
:10036000F00FC1F828C00CB428F01EFF0CBC1A60B6
:10037000D2F828C0BCE8F00F92F8250000280EBF84
:100380006FF0020E6FF0120EBCEC108A8CF309882D
:10039000704710B5094A1268914209D8084C54F8C0
:1003A000214090E80F10A047EFF3098C8CE80F0074
:1003B00010BD0000700C002034EF00E08C1001082C
:1003C0008C10010810B528F077FDBDE81040154BE2
:1003D00093E80600914208BF7047EFF3098C1EF0C6
:1003E000100F06BF2CED108A0120002081F8250097
:1003F0002CE9F00FC1F828C00CB428F0D5FE0CBCD5
:100400001A60D2F828C0BCE8F00F92F82500002846
:100410000EBF6FF0020E6FF0120EBCEC108A8CF360
:1004200009887047700C002010B528F085FFCCE7D4
:1004300010B528F069F828F07FFFC6E70948804723
:1004400009480047FEE7FEE7FEE7FEE7FEE7FEE7B6
:10045000FEE7FEE7FEE7FEE704480549054A064BCE
:1004600070470000FD8B020889010108E89E012009
:10047000E8A40120E8A00120E8A00120004870477E
:10048000589E012053EA020C00F069802DE9F04BE0
:100490004FF00006002B1FBFB3FA83F503FA05F4F3
:1004A00024FA05F65E4012BF1643B2FA82F502FA4C
:1004B00005F4C5F120051EBF22FA05FC44EA0C0430
:1004C000203556EA044C4FEA144418BF641C4FF020
:1004D00000084FF00009904271EB030C39D300295A
:1004E00019BFB1FA81F701FA07F6B0FA80F700FAFE
:1004F00007F6C7F120071EBF20FA07FC46EA0C06E4
:100500002037B6FBF4FCA7EB0507103F07F01F0BE5
:10051000CBF120060CFA0BFB2CFA06F644BFB346CF
:100520000026202FA4BF5E464FF0000B5BEA060CAE
:1005300008BF4FF0010B19EB0B09ABFB027C48EB3A
:100540000608C01B06FB02CC0BFB03CC71EB0C01B5
:10055000C1E70B46024641464846BDE8F08B13B55D
:100560004FF000004FF00001AFF30080BDE81C40E9
:10057000704700000FB400B58DB010A9099000912C
:100580000B904FF0FF300A9000200C900648784402
:100590000690064878446A4607900F9909A800F02B
:1005A000A9FA0DB05DF814FB830500009B0500005F
:1005B0002DE9FF5F1D464FF0FF3B91464FF00008CD
:1005C0005F46D5E90146A96901987F1C8847296AD9
:1005D000824688470028F6D1BAF1FF3F0CD0002EA2
:1005E00024F4C06419DD600614D5BAF12B0F09D0CC
:1005F000BAF12D0F0ED103E0584604B0BDE8F09FCC
:1006000044F48064A96901987F1C8847761E82465D
:10061000002E02DDBAF1300F03D0B9F1000F26D061
:1006200032E0A969761E01987F1C44F40074884763
:10063000002E824605DDBAF1780F06D0BAF1580FC8
:1006400003D0B9F1000F10D01EE0B9F1000F02D0B5
:10065000B9F1100F18D1A969761E01987F1C24F4F6
:10066000007488478246102002E0082000E00A203B
:10067000814609E0A96908FB0908761E01987F1CDC
:1006800044F4007488478246002E05DD49465046F2
:1006900000F01CFA0028EDDAE96901988847A00506
:1006A00002D46FF00100A8E7E00725D1600613D55A
:1006B000600502D5C8F1000000E0404629680A1D27
:1006C0002A600968220501D5087015E0220701D5C6
:1006D000088011E008600FE02868011D29600068AB
:1006E000210502D580F8008006E0210702D5A0F898
:1006F000008001E0C0F8008038467EE710B504466F
:10070000AFF300802046BDE81040FFF7B3BD40EADC
:10071000010310B59B070FD1042A0DD310C808C9D7
:10072000121F9C42F8D020BA19BA884201D9012080
:1007300010BD4FF0FF3010BD1AB1D30703D0521CCB
:1007400007E0002010BD10F8013B11F8014B1B1B06
:1007500007D110F8013B11F8014B1B1B01D1921E70
:10076000F1D1184610BD032A40F2308010F0030C7E
:1007700000F0158011F8013BBCF1020F624498BFF4
:1007800011F801CB00F8013B38BF11F8013BA2F191
:10079000040298BF00F801CB38BF00F8013B11F00C
:1007A000030300F02580083AC0F0088051F8043BAC
:1007B000083A51F804CBA0E80810F5E7121D5CBF19
:1007C00051F8043B40F8043BAFF30080D20724BF4C
:1007D00011F8013B11F801CB48BF11F8012B24BFE0
:1007E00000F8013B00F801CB48BF00F8012B70472F
:1007F00010B5203AC0F00B80B1E81850203AA0E8BC
:100800001850B1E81850A0E81850BFF4F5AF5FEAEF
:10081000027C24BFB1E81850A0E8185044BF18C9A2
:1008200018C0BDE810405FEA827C24BF51F8043B49
:1008300040F8043B08BF7047D20728BF31F8023B9D
:1008400048BF11F8012B28BF20F8023B48BF00F831
:10085000012B704702F0FF0343EA032242EA0242FF
:1008600000F002B84FF000020429C0F0128010F02E
:10087000030C00F01B80CCF1040CBCF1020F18BF7C
:1008800000F8012BA8BF20F8022BA1EB0C0100F00F
:100890000DB85FEAC17C24BF00F8012B00F8012BE2
:1008A00048BF00F8012B70474FF0000200B5134617
:1008B00094469646203922BFA0E80C50A0E80C5080
:1008C000B1F12001BFF4F7AF090728BFA0E80C5031
:1008D00048BF0CC05DF804EB890028BF40F8042B2A
:1008E00008BF704748BF20F8022B11F0804F18BF97
:1008F00000F8012B70470000014900F02BB90000FF
:10090000B89E012010B503681C1404EB21449BB26F
:1009100089B2194494FBF2F302FB134394FBF2F403
:1009200001EB034393FBF2F102FB113193FBF2F372
:1009300001E05B1E11440029FBDB016003EB044076
:1009400010BDF0B504464FF0FF3585B00068049047
:1009500060680290A0680390E068019020690090B0
:10096000666906F18040B0F1004F7CD83C2200213E
:1009700004A8FFF7C7FF3C22014602A8FFF7C2FF09
:100980001822014603A8FFF7BDFF411E40F2B552F1
:1009900001A8FFF7B7FF0C22074668460021FFF7C2
:1009A000B1FF414B00EB8700304400267B4411E04F
:1009B000511A01910099491C0229009102D00C2979
:1009C00008D105E0810705D00199491C019101E09A
:1009D000401C00960099019A595C9142E8DD00990B
:1009E000012906D11C2A04D1810702D00221CDE9B8
:1009F0000016A0F146018B293CD2DDE900610022FE
:100A000002E09F5C521C3944B242FADB012E02DD47
:100A1000820700D0491E40F2B55340F26D16C2174E
:100A200000EB927292105A4300F0030303FB06227C
:100A300083070A4400D1521E039E02EB4203049F27
:100A400006EBC303029EC3EB031306EB8303174EAF
:100A500033441E149BB2C6EB0616C3EB0313B60059
:100A600007EB830300E005E006EB134666F31F4344
:100A7000360C02D0284605B0F0BD80C4029E40C4AA
:100A8000039E40C4019E761C44F80C6B009E44E912
:100A900002600720521C92FBF0F600FB162084E84F
:100AA00023001846E7E70000C0D60200A039CEFDBB
:100AB00070477047704710B500F0A8F8006810BD87
:100AC00010B5044600F0A2F8046010BD3A2800D228
:100AD000303820F02002412A01D3A2F137008842A9
:100AE00001D34FF0FF307047026811441378016062
:100AF00018467047D16005497944516104497944E9
:100B0000116200211161114600F08CB8EDFFFFFF6A
:100B10000F010000426842B1016811F8013B23B1A6
:100B2000521EC0E90012184670470121C160881E9C
:100B3000704742685AB1C368016843B983688B4201
:100B400005D0491E521CC0E90012002070474FF02A
:100B5000FF30704770B50C46016800204A1C3ED03B
:100B60003C22B1FBF2F302FB1313B1FBF2F1236061
:100B7000B1FBF2F302FB1313B1FBF2F11822636035
:100B8000B1FBF2F302FB1313B1FBF2F146F2E032D8
:100B90000A440721A360B2FBF1F301FB132140F2E9
:100BA000B553B2FBF3F5A161B2FBF3F103FB1522E0
:100BB0008900B2F5B77F08D39B10521EB2FBF3F544
:100BC0002944B2FBF3F503FB15220F4BE26161618F
:100BD00089077B440CD03B2A0AD3521C08E02C2105
:100BE0002046FFF761FE0120E0600AE0521A401C37
:100BF000195C9142FAD9521CC4E903204FF0FF302E
:100C00002062204670BD00009AD4020023F00CBE82
:100C100010B5044600F0ECF90068005D00F001003A
:100C200010BD00002DE9F34F4FF0000A0C46564668
:100C30008DB001200C9001F10C000B9062690B98B3
:100C400001219047051E2DD0252D2CD0216A8847E3
:100C5000C0B162690B9801219047216A884700283A
:100C6000F7D16269411E0B98904700E0761CA1699C
:100C70000D988847216A88470028F7D1E1690D98C7
:100C80008847DBE7A1690D988847A842074601D14C
:100C9000761CD3E7E1690D9888477F1C02D1BAF131
:100CA000000F6FD06CE162690B9800273D46394612
:100CB00090472A2804D162690B98012190470125A9
:100CC000DFF8D08262690B9801219047A0F13001D2
:100CD0000A290AD24745E5DC07EB870100EB41070B
:100CE000303FDFD445F01005ECE7E90601D46FF0A2
:100CF00000476C280AD04C2814D0682815D06A28E0
:100D00000DD074281CD07A281AD01DE062690B9887
:100D1000012190476C2802D045F0040514E045F00D
:100D200002050DE045F020050AE062690B980121FB
:100D30009047682802D045F0080505E045F40065B5
:100D400062690B9801219047C4E9015765283DD09D
:100D500019DC58287AD00CDC452837D004DC25284B
:100D600026D041289ED131E046282FD0472899D15E
:100D70002CE05B2877D0612828D063287CD06428B9
:100D800023D15AE0F7E06F2848D008DC66281DD050
:100D900067281BD0692821D06E2816D127E070283B
:100DA00045D0732868D0752847D078280DD14DE0FC
:100DB000A1690D988847252805463FF469AFE16988
:100DC0000D9888476D1C3FF46AAFD9E00D99234612
:100DD0006A466FF00100AFF30080C6E045F04000C6
:100DE00023464FF000026060A80736D43EE0E807D3
:100DF0007FF447AF2068011D21600068290501D5F7
:100E000006701BE7290701D5068017E7A90703D558
:100E1000F117C0E9006111E706600FE745F04000F7
:100E200023464FF008026060A80716D41EE040F683
:100E30000E0125EA0100606016E045F040002346FF
:100E40004FF00A026060A80707D40FE045F04000A9
:100E50006060A80708D5234610220D996FF00100A5
:100E6000AFF3008081E007E0102223460D996FF078
:100E70000100FFF79DFB78E04FF0000963284F4623
:100E8000C8464B46CB4602D05B2807D039E02079D4
:100E9000C00601D40120A060012732E06269D4F8C5
:100EA0000CB00B98012190475E2807D14FF0010943
:100EB00049466269D4F80CB00B989047216939B95A
:100EC00000210A4603AB43F82120491C0829FADB1C
:100ED000D8B3216949B308F1010862690B9801216F
:100EE00090475D28F4D1B9F1000F09D0002003A983
:100EF00051F82020D24341F82020401C0828F7DB7D
:100F000003AB2069002820794FEA40701ED05B4671
:100F10002246CDF80080CDE901970D9900286FF0A9
:100F2000010020DAAFF300801FE0C11703AA00EB35
:100F3000D1614B1121F01F0102EB8302411A1368AA
:100F40000120884003431360C7E719E00D9922464A
:100F500000286FF00100009702DAAFF3008004E090
:100F6000AFF3008001E0AFF3008000280ADA401CF4
:100F700006D10C9820B14FF0FF300FB0BDE8F08FD4
:100F80005046FAE7E90701D10AF1010A06440020B8
:100F90000C9053E6CCCCCC0C01491820ABBEFEE73C
:100FA000260002007546FFF769FAAE46050069465D
:100FB000534620F00700854618B020B5FFF74CFADD
:100FC000BDE820404FF000064FF000074FF000084A
:100FD0004FF0000B21F00701AC46ACE8C009ACE8CB
:100FE000C009ACE8C009ACE8C0098D4670470000F4
:100FF00010B500F006F8001D10BD00BF859A020074
:10100000704710B5FFF73AFA203010BD4FF0013CA1
:1010100050F8042B51F8043B9A4221D1A2EB0C0367
:10102000934313EACC1317D150F8042B51F8043B27
:101030009A4215D1A2EB0C03934313EACC130BD1C4
:1010400050F8042B51F8043B9A4209D1A2EB0C034F
:10105000934313EACC13DBD04FF00000704700BF7E
:10106000D01A01BAB1FA81F101F0180122FA01F0A7
:10107000CB40C1F12001DBB2C0B2C01A2CFA01F39F
:10108000D11A914311EAC311E6D170470000000064
:101090002DE9FF4104460F4615461E46DFF874C38E
:1010A000CDE900565CF82430DFF86CC31CF804204E
:1010B000DFF868C31CF80410DFF864C31CF81400E0
:1010C00014F07CF9D74908694FF480410AF0B0F96F
:1010D000D54951F82400002103F04CF8D34951F8C8
:1010E0002400002103F046F8D14A52F82410CE4AD9
:1010F00052F8240003F00AF8CE4A52F82410CB4AE2
:1011000052F8240003F002F8C74951F824000621E0
:1011100003F0D8F9C54951F82400062103F0D2F9AB
:101120001320287000207070B070F070BD490869FD
:101130004FF400410AF07AF9BB4951F8240001212B
:1011400003F018F8B94951F82400012103F012F80E
:1011500000BFB74A52F82410B34A52F8240003F0F3
:10116000C1F80028F5D0B44A32F8242091B2B34A2D
:1011700052F824000AF05CF9AB4951F82400002130
:1011800002F0F8FFA94951F82400002102F0F2FF13
:101190001220287038786870B878A8707878E8706D
:1011A00038792871F87868719F4951F82400062130
:1011B00003F088F99D4951F82400062103F082F9D3
:1011C0009B4A52F82410984A52F8240002F09EFFDD
:1011D000984A52F82410954A52F8240002F096FFDB
:1011E000974A52F82410904A52F8240002F08EFFD9
:1011F000944A52F824108D4A52F8240002F086FFD7
:101200000A2006F0C7FF8C4A32F8242091B28B4A9C
:1012100052F824000AF00AF9012026F0C5FF82499D
:1012200051F82400012102F0A5FF804951F8240063
:10123000012102F09FFF00BF012026F0B5FF7C4A8C
:1012400052F82410784A52F8240003F04BF8002892
:10125000F2D0794A32F8242091B2784A52F8240028
:101260000AF0E6F8704951F82400002102F082FFEC
:101270006E4951F82400002102F07CFF13202870F1
:1012800000207070B070F070694A52F82410664AFD
:1012900052F8240002F03AFF664A52F82410634ADA
:1012A00052F8240002F032FF654A52F824105E4AD8
:1012B00052F8240002F02AFF624A52F824105B4AD6
:1012C00052F8240002F022FF574951F82400314619
:1012D00003F0FAF8554951F82400294603F0F4F8D0
:1012E000514951F82400062103F0ECF84F4951F818
:1012F0002400062103F0E6F84F4A32F8242091B288
:101300004E4A52F824000AF091F8012026F04CFFD2
:10131000454951F82400012102F02CFF434951F8BE
:101320002400012102F026FF00BF012026F03CFF2F
:101330003F4A52F824103C4A52F8240002F0D2FFEF
:101340000028F2D03C4A32F8242091B23B4A52F8AD
:1013500024000AF06DF8364A52F82410324A52F846
:10136000240002F0D3FE334A52F824102F4A52F8D8
:10137000240002F0CBFE324A52F824102A4A52F8D6
:10138000240002F0C3FE2F4A52F82410274A52F8D4
:10139000240002F0BBFE244951F82400002102F091
:1013A000E9FE224951F82400002102F0E3FE012069
:1013B0002870804606E0FF2005F8080008F10100CB
:1013C0001FFA80F8B8F1060FF5DD174951F824002F
:1013D000072103F077F8154951F82400072103F09D
:1013E00071F8114951F824000122102103F016F878
:1013F000154850F82400029000208DF80C000C20B5
:101400008DF80D0001208DF80E0002A806F0A2FF55
:10141000BDE8FF81740600207206002070060020DF
:101420006C060020E00800207C06002084060020D6
:101430008C060020A406002058060020600600202C
:10144000AC060020B4060020BC0600202DE9FF47B2
:101450000446884615461F46DFF8D4C3CDE9005739
:101460005CF82430DFF8CCC31CF80420DFF8C8C3D4
:101470001CF80410DFF8C4C31CF8140013F09EFF1E
:10148000EF4908694FF4804109F0D2FFED4951F866
:101490002400002102F06EFEEB4951F824000021E7
:1014A00002F068FEE94A52F82410E64A52F8240095
:1014B00002F02CFEE64A52F82410E34A52F82400C7
:1014C00002F024FEDF4951F824000D2102F0FAFF5A
:1014D000DD4951F824000D2102F0F4FF5720287057
:1014E00000207870B870F870DA4A32F8242091B28F
:1014F000D94A52F8240009F099FF012026F054FE41
:10150000D04951F82400012102F034FECE4951F8AF
:101510002400012102F02EFE00BF012026F044FE2F
:10152000CA4A52F82410C74A52F8240002F0DAFEE0
:101530000028F2D0C74A32F8242091B2C64A52F8A5
:10154000240009F075FFBF4951F82400002102F082
:1015500011FEBD4951F82400002102F00BFE562077
:10156000287000261DE0C6F1020018F80010701C5B
:101570002954C6F1020108F10300415C301D2954D1
:10158000C6F1020108F10600415CF01D2954C6F1C4
:10159000020108F10900415C06F10A002954701C9F
:1015A00086B2032EDFDBA74951F824000D2102F09B
:1015B00089FFA54951F824000D2102F083FFA34AB9
:1015C00052F824109F4A52F8240002F09FFDA04ACE
:1015D00052F824109C4A52F8240002F097FD9F4ACA
:1015E00052F82410974A52F8240002F08FFD9C4ACA
:1015F00052F82410944A52F8240002F087FD0A2081
:1016000006F0C8FD934A32F8242091B2924A52F86B
:10161000240009F00BFF012026F0C6FD894951F88E
:101620002400012102F0A6FD874951F82400012180
:1016300002F0A0FD00BF012026F0B6FD834A52F85B
:101640002410804A52F8240002F04CFE0028F2D008
:10165000804A32F8242091B27F4A52F8240009F0DF
:10166000E7FE784951F82400002102F083FD764915
:1016700051F82400002102F07DFD57202870002041
:101680007870B870F870714A52F824106D4A52F8A8
:10169000240002F03BFD6E4A52F824106A4A52F8C8
:1016A000240002F033FD6D4A52F82410654A52F8C6
:1016B000240002F02BFD6A4A52F82410624A52F8C4
:1016C000240002F023FD5F4951F82400394602F05E
:1016D000FBFE5D4951F82400294602F0F5FE594908
:1016E00051F824000D2102F0EDFE574951F8240075
:1016F0000D2102F0E7FE574A32F8242091B2564AF3
:1017000052F8240009F092FE012026F04DFD4D49CB
:1017100051F82400012102F02DFD4B4951F824001D
:10172000012102F027FD00BF012026F03DFD474AC0
:1017300052F82410434A52F8240002F0D3FD002846
:10174000F2D0444A32F8242091B2434A52F824009D
:1017500009F06EFE3D4A52F824103A4A52F824002D
:1017600002F0D4FC3A4A52F82410374A52F82400C6
:1017700002F0CCFC394A52F82410324A52F82400C4
:1017800002F0C4FC364A52F824102F4A52F82400C2
:1017900002F0BCFC2B4951F82400002102F0EAFCC5
:1017A000294951F82400002102F0E4FC412028706E
:1017B0004FF0010906E0FF2005F8090009F10100DA
:1017C0001FFA80F9B9F1120FF5DD64B91D4951F81E
:1017D0002400132102F076FE1B4951F82400132146
:1017E00002F070FE0BE0174951F824000A2102F0C4
:1017F00069FE154951F824000A2102F063FE1149DF
:1018000051F824000122102102F008FE154850F87A
:101810002400029000208DF80C000C208DF80D00A3
:1018200001208DF80E0002A806F094FDBDE8FF87A8
:101830007406002072060020700600206C0600204E
:10184000E00800207C060020840600208C06002092
:10185000A40600205806002060060020AC060020E8
:10186000B4060020BC060020CA430260704721B1C4
:10187000826842F00102826003E0826822F0010285
:10188000826070470021084A1168084A1140D0E977
:1018900000231A4383681A43C3681A431143044A56
:1018A000C2F804137047000004230140E030FCFF3D
:1018B0000020014021B1826842F48072826003E01E
:1018C000826822F480728260704721B1826842F49B
:1018D0000072826003E0826822F4007282607047C6
:1018E0000146C86C80B2704710B51049104802F02C
:1018F00027FC0E4918390E48603002F007FC0D48ED
:10190000FFF7EEFF0C4908800C48006828B900205A
:101910000B49088000F0CAF802E00120084908805D
:1019200008210848006826F007FD10BD20000020AF
:101930001064024000200140740000205400002088
:10194000800000200800002010B50B460021D9B20D
:10195000012404FA01F11AB144680C43446002E026
:1019600044688C43446010BD30B50246002000231B
:101970005068104C20400D790C6844EA052420433F
:10198000506090680C4C2040D1E903542C438D6882
:101990002C434D7944EA450420439060D06A20F4FA
:1019A00070000C7D641EE4B2234340EA0350D06211
:1019B00030BD0000FFFEFFFCFDF7FFC0F0B50446A0
:1019C0000D4600200021092D11DDE068A5F10A0671
:1019D00006EB4607072606FA07F18843A5F10A0633
:1019E00006EB460603FA06F10843E0600CE02069C6
:1019F00005EB4507072606FA07F1884305EB450680
:101A000003FA06F108432061072A0FDA606B561EBD
:101A100006EB86071F2606FA07F18843561E06EBDB
:101A2000860605FA06F10843606322E00D2A0FDA04
:101A3000206BD61F06EB86071F2606FA07F18843A0
:101A4000D61F06EB860605FA06F10843206310E070
:101A5000E06AA2F10D0606EB86071F2606FA07F1DB
:101A60008843A2F10D0606EB860605FA06F1084347
:101A7000E062F0BD816841F0804181607047000004
:101A800038B10849096841F40001074AC2F8041353
:101A900006E00449096821F40001034AC2F804136E
:101AA00070470000042301400020014038B108497C
:101AB000096841F48001074AC2F8041306E00449AA
:101AC000096821F48001034AC2F80413704700003A
:101AD000042301400020014070B504460B46154622
:101AE00003EB83000A4E36F82000201A81B2084624
:101AF000CE1701EB5676F210A1EBC200287003EB73
:101B00008300034E06EB8000406800EB420070BD8E
:101B100038E6002010B5024601EB8100064B03EBCE
:101B20008000406801EB8103034C34F82330D31A62
:101B300000EB430010BD000038E6002010B502465F
:101B400001EB8100064B03EB8000406801EB810351
:101B5000034C34F82330D31A00EB430010BD0000CF
:101B6000D4E5002010B5024601EB8100064B03EBE3
:101B70008000806801EB8103034C34F82330D31AD2
:101B800000EB830010BD0000D4E5002010B5024634
:101B900001EB8100064B03EB8000406801EB810301
:101BA000034C34F82330D31A00EB430010BD00007F
:101BB00008E4002070B5024601EB8105084E36F8B6
:101BC0002550541B04EBD475C5F34F0301EB81047E
:101BD000354605EB8404606803EB8304204470BD44
:101BE00008E4002010B5034601EB8100054C34F8F1
:101BF0002000181A108001EB810004EB800040687F
:101C000010BD000008E4002070B5024601EB81051C
:101C1000084E36F82550541B04EBD475C5F34F031A
:101C200001EB8104354605EB8404A06803EB8304D3
:101C3000204470BD08E4002030B5024601EB81036A
:101C4000064C04EB8303DB6801EB8104034D35F89C
:101C50002440141B03EB840030BD0000D4E50020B9
:101C600010B5024601EB8100064B03EB8000C06813
:101C700001EB8103034C34F82330D31A00EB8300CB
:101C800010BD000008E400203EB54FF40040019074
:101C900000208DF8090001208DF8080000208DF843
:101CA0000A008DF80B008A49C86801A909F0B0FA4A
:101CB0008749C8684FF4004109F0B8FB8448C06800
:101CC000844908604FF40040834908600420019073
:101CD00000208DF8090001208DF8080000208DF803
:101CE0000A008DF80B007A49086901A909F090FAF9
:101CF00004207A49086076480069794908604FF401
:101D0000E060019000208DF809008DF808000120A6
:101D10008DF80B006E49086901A909F079FA4FF4B2
:101D200080707049086040006F49086040006F494A
:101D30000860674800696E4908604FF400400190F0
:101D400001208DF8080002208DF8090000208DF890
:101D50000A0001208DF80B005D49086901A909F00E
:101D600057FA5B4908694FF4004109F061FB4FF4F1
:101D7000004060490860564800695F4908604FF4B8
:101D80008040019001208DF8080002208DF80900A4
:101D900000208DF80A0001208DF80B004C490869DD
:101DA00001A909F035FA4FF48040544908604848C9
:101DB000006953490860022402205249088000202B
:101DC0008DF800008DF801008DF8020003204E49C7
:101DD000087004204D49087080034D4908600822AE
:101DE0006946204613F090FC4A48C0684A4908609A
:101DF0004848006949490860032049490860494842
:101E0000096850F821004001474908600846006809
:101E100020F0704040F08050086042484049096816
:101E200050F82100414908600846006820F07040E1
:101E300040F080500860002039490860394809683E
:101E400050F8210040013A4908600846006820F037
:101E5000704040F00050086032483149096850F83D
:101E60002100344908600846006820F0704040F0C6
:101E7000005008603048C068304908602E4800694A
:101E80002F4908600D2017F09DFE2E48032102689F
:101E900008460AF08DFF0220019000208DF808000E
:101EA00002208DF809000A49486801A909F0B0F933
:101EB00008230022012108460BF034FF22480321A9
:101EC000026801200AF0B1FF0220204908603EBDEF
:101ED000E0080020240600202006002048060020FC
:101EE0004C060020280600202C060020300600208A
:101EF0003C06002058060020600600205006002006
:101F0000540600206C060020700600207206002097
:101F1000740600207C0800207C0600208406002037
:101F20006806002058D003088C060020AC0600206C
:101F3000A4060020B406002018D003089C06002048
:101F400094060020180600201C060020BC06002075
:101F500010B5FFF799FE10BD0EB500241CE004EB90
:101F6000840127480844274901EBC401486004EB79
:101F7000840123480F380844224941F8340022489C
:101F800090F864000121A140084020B91F48007862
:101F9000401C1E490870641C032CE0DB2FE04FF44A
:101FA000FA71002026F0D4F98DE807000098402847
:101FB00007D114F07DF820201549088014F056FE52
:101FC0001DE000F0EDFC202013F06CF810480088B4
:101FD000202802D0002014F049F900200C49088084
:101FE0000C4908800C48007828B10B200B49087078
:101FF00000200949087002F06DFB09490880CEE70E
:102000004CD800203CD100205CD50020CC0500201D
:102010008205002086050020D1060020B0040020A3
:10202000CC0400202DE9F041044600260027FD489D
:102030000078022802DA0020BDE8F081002513E0D4
:10204000F94800EBC50050F824000079C00950B9E8
:10205000F64890F864000121A940084018B97F1C97
:102060000120A84006436D1C032DE9DBF04810F861
:10207000140000F00700B04222D0EE4850F82400CF
:10208000401CEC4941F82400084650F82400102870
:1020900011D9E74830F8140066F30200E44921F84A
:1020A0001400084630F8140020F4804021F8140091
:1020B000204600F015FC204615F00EF90020BBE785
:1020C000DB4830F81400C0F3803000287ED0D848B8
:1020D00030F81400C0F30030002878D0D44830F82D
:1020E0001400C0F340300028F7D000254CE0D2485F
:1020F00000EBC50000EB8400D0ED000ACF4850F89B
:10210000240000EE100AB8EE400A80EE801ACA4899
:1021100000EBC50000EB840090ED000A30EE411AA0
:10212000C14800EBC50050F82400006800EE100A1A
:10213000C24850F8240000EE900AF8EE600AC0EEA3
:10214000201A31EE210ABC4800EBC50000EB8400E8
:1021500080ED000A9FEDBA0A10EE100AB24901EBB9
:10216000C50151F824100860AF4800EBC50050F8D5
:102170002400007920F080008030AB4901EBC501DC
:1021800051F8241008716D1C032DB0DBAB4850F8DA
:102190002400402879D99FEDAB0AAB4800EB8400BE
:1021A00080ED000A002516E0A34800EBC50000EB17
:1021B000840090ED000AA44800EB8400D0ED000AF2
:1021C00030EE200AA04800EB840001E058E164E012
:1021D00080ED000A6D1C032DE6DB9B4800EB8400BC
:1021E00090ED000AF0EE080A80EE201A964800EB07
:1021F000840080ED001A002543E08F4800EBC50005
:1022000000EB840090ED000A8F4800EB8400D0EDD5
:10221000000A30EE600AF0EE080A60EE200AB0EE26
:10222000001A80EE810A10EE100A7F4901EBC50109
:1022300051F8241008607C4800EBC50050F82400D9
:10224000006800EE100AB5EEC00AF1EE10FA09D2ED
:102250009FED7C0A10EE100A734901EBC50151F89D
:1022600024100860704800EBC50050F82400007985
:1022700020F080006C4901EBC50151F82410087171
:102280006D1C032DB9DB43E1FFE76C4850F82400D7
:10229000401C6A4941F824003AE1002550E0012041
:1022A000A840304090B3644800EBC50000EB8400C8
:1022B000D0ED000A614850F8240000EE100AB8EE94
:1022C000401A80EE810A5C4800EBC50000EB8400F8
:1022D000D0ED000A30EEC01A534800EBC50050F8AC
:1022E0002400006800EE100A544850F8240000EE64
:1022F000900AF8EE600AC0EE201A31EE210A4E482C
:1023000000EBC50000EB840080ED000A9FED4C0A55
:1023100010EE100A444901EBC50151F82410086081
:10232000414800EBC50050F82400007920F08000FF
:1023300080303D4901EBC50151F8241008716D1C36
:10234000032DACDB3D4850F8240040287ED99FED9A
:102350003D0A3D4800EB840080ED000A002517E0AF
:102360000120A840304090B1334800EBC50000EB9D
:10237000840090ED000A344800EB8400D0ED000AA0
:1023800030EE200A304800EB840080ED000A6D1C1E
:10239000032DE5DB2C4800EB840090ED000AF0EE05
:1023A000000A80EE201A284800EB840080ED001A15
:1023B00000255AE00120A840304090B31E4800EBB1
:1023C000C50000EB840090ED000A1F4800EB84007C
:1023D000D0ED000A30EE600AF0EE000A20EE200A8E
:1023E00010EE100A104901EBC50151F824100860E5
:1023F0000D4800EBC50050F82400006800EE100AFC
:10240000B5EEC00AF1EE10FA09D29FED0E0A10EEF9
:10241000100A054901EBC50151F824100860024873
:1024200015E021E0CC0500203CD100205CD5002047
:102430000C060020F405002080D40020FC050020BC
:10244000FFFF7F7F000000001006002010E000EB7F
:10245000C50050F82400007920F080002D4901EBE0
:10246000C50151F8241008716D1C032DA2DB4FE04B
:10247000294850F82400401C274941F8240047E02F
:10248000012F43DD254850F82400401C234941F822
:102490002400084650F82400082837D9204800783E
:1024A00003281ED11F4830F8140020F4805000F596
:1024B00080501C4921F81400032F09D1084630F838
:1024C000140020F4005000F5005021F8140010E032
:1024D000144830F8140020F40050124921F8140078
:1024E00007E0104830F8140020F480500D4921F81E
:1024F00014000C4830F8140020F4804000F58040AF
:10250000084921F81400204600F0EAF9002093E57C
:10251000002091E53CD10020FC05002004060020AD
:10252000CC0500200C06002010B52DED028B0446D2
:102530000F4804709FED0F0B53EC102B0F4890EDDC
:10254000000B51EC100B28F0A3FB41EC180B9FED96
:102550000C0B53EC102B29F009F80B4A03C2012095
:102560000A4908600A490880BDEC028B10BD0000D2
:10257000CB04002000000000000049409804002027
:10258000000000000000F03F48050020F404002097
:10259000EE04002000B58DB01749002011F0B6F808
:1025A0001649002011F08CF81348807800901248EA
:1025B000407801901048007802901048807803908D
:1025C0000E484078401E04900C48C0786430059056
:1025D0006846FEF7B6F90C9009490C980968C1EBFA
:1025E0004112C2EB012100EB01100C9000200B9076
:1025F000DDE90B010DB000BDB0000020B4000020EB
:102600009400002070B502460C46FF25FF2309E028
:10261000107880EA0501521C0648405C80EA0305F8
:102620000548435C201EA4F10106F4B2F0D143EA50
:10263000052070BD10D3030810D40308F0B503467D
:102640000E461546FF22FF2482EA05010C48405C35
:1026500080EA04020B48445C09E0187880EA020131
:102660005B1C0748405C80EA04020648445C301E5C
:10267000A6F10107FEB2F0D144EA0220F0BD00004D
:1026800010D3030810D4030810B52DED048BF0EE21
:10269000408AF0EE609AB0EE419AF5EEC08AF1EE13
:1026A00010FA65DD9FED340AB4EE409AF1EE10FAAF
:1026B00049D19FED320AF4EE409AF1EE10FA1ED1A4
:1026C0009FED2D0AF4EEC08AF1EE10FA09D2002037
:1026D000F0EE490AB0EE680A17F0E4F8B0EE408A6E
:1026E00008E00020F0EE490AB0EE680A17F046F95B
:1026F000B0EE408AB0EE480ABDEC048B10BD9FEDF1
:10270000200AF4EE409AF1EE10FA1CD19FED1A0A5D
:10271000F4EEC08AF1EE10FA09D20120F0EE490A77
:10272000B0EE680A17F0BEF8B0EE408A08E001206B
:10273000F0EE490AB0EE680A17F020F9B0EE408AD0
:10274000B0EE480AD8E738EEC90AF7EE000A79EE8B
:10275000E00A80EE201AB0EE418A9FED070A28EECB
:10276000000AC0EE090AB0EE608AB0EE480AC3E77C
:102770009FED040AC0E700000000C842AE47B13F29
:102780004A0CB23FFFFF7F7F2DE9F04105460C4622
:10279000A01EC1B22846FFF735FF0646291931F8B9
:1027A000020C12F049FC0746BE4202D00020BDE8F0
:1027B000F0810120FBE7000010B504460021154818
:1027C00040F82410144840F824101448005D00F02C
:1027D000010050B11148005D20F001010F48015582
:1027E00000220121204614F017FB0C48C01E005D9A
:1027F00000F0010060B10948C01E005D20F0010139
:102800000648C01E015500221146204614F004FB64
:1028100010BD0000CCD40020E8D4002055D9002001
:1028200010B5002011498861114988611148007E66
:1028300000F0010048B10F48007E20F001000D4972
:1028400008760021012014F057FB0A48C07D00F0F3
:10285000010048B10748C07D20F001000549C87556
:102860000021084614F048FB10BD0000C0D4002031
:10287000DCD4002042D9002010B5044600201549C0
:1028800041F82400144941F824001448005D00F088
:10289000010050B11148005D20F001010F480155C1
:1028A00000220121204614F083FB0C48C01E005D6D
:1028B00000F0010060B10948C01E005D20F0010178
:1028C0000648C01E015500221146204614F070FB38
:1028D00010BD0000C0D40020DCD400204FD900205F
:1028E0000021054A42F82010044A42F82010012134
:1028F000034A42F820107047F40500200406002027
:10290000FC05002070B50446002C3CD0022C02D9F6
:102910006FF0010070BD641E47F6C8751B48006863
:1029200000EBC430C56228351848006800EBC4309D
:102930004560174850F834101448006800EBC43064
:1029400041624FF0FF311148006800EBC43000F5E0
:10295000E040C0F8F81F00200C49096801EBC431C1
:1029600047F6F87211444860012C02D10120094950
:10297000086001200849085510210848006825F022
:10298000DBFC0020C6E74FF0FF30C3E7F403002074
:10299000E41E002000040020F80300206003002053
:1029A00010B50648006838B10020044908600846A0
:1029B0000168042011F010F810BD0000D0050020BF
:1029C0000020014908707047A8030020F8B50446AC
:1029D0000D46164640F28A31601A8C4272D016DCDF
:1029E000B4F54A7F78D009DCA4F2213007286BD2F5
:1029F000DFE800F03D51646B6F707100A4F5617009
:102A00000628F4D2DFE800F0696D71797D97B0F5A2
:102A1000617F6ED015DCB0F5607F6BD008DC0128DB
:102A200069D0022868D0A0F27F3000284CD124E180
:102A3000A0F28130002879D0012878D00228F5D181
:102A40001FE141F22C12811A904271D00ADCA0F2EF
:102A5000853000286DD001286CD0A0F6A650002843
:102A6000E4D112E101297DD00229DFD110E100205B
:102A70008A49087001218A48006825F05DFC02E05F
:102A8000012025F091FB854800780028F8D000202F
:102A900082490870FEE08348007870B1022101206D
:102AA00010F09AFF0320012300907F480268002065
:102AB000014610F09BFB12F0CBFBEBE0304613F02D
:102AC000EBFAE7E021E007E0E3E001207749087056
:102AD000E0E0DFE0DEE0DDE0DCE00F2013F076FC9C
:102AE000F8BD012013F072FCFAE7022013F06EFC2F
:102AF000F6E7C7E0C2E06CE0A4E0042013F066FC57
:102B0000EEE7082013F062FCEAE76948407E20F017
:102B10000100674948760846407E00221346014678
:102B2000009040F6DC3000F023FDB3E0A7E0A7E022
:102B3000ACE0A8E0A8E09FED5F0A5F4880ED000AE6
:102B40009FED5C0A10EE100A5B49C1F805009FED8D
:102B5000590A10EE100AC1F80A009FED560A10EE4D
:102B6000100A00E093E0C1F80F009FED520A10EE4A
:102B7000100A48619FED4F0A10EE100AC1F81900C3
:102B80009FED4C0A10EE100AC1F82D009FED490A86
:102B900010EE100AC1F832009FED460A10EE100A3E
:102BA000C1F81E009FED430A10EE100AC1F8230081
:102BB0009FED400A10EE100A886240F6FF708863AD
:102BC0001EF000FD11F0EEFA12F09CFE15F09AF9DD
:102BD00060E0D5B13948007800F0010088BB0120E1
:102BE0003749096808703548007820F00100401C1A
:102BF00032490870084600780022134601460090CA
:102C000040F61C4000F0B4FC1BE02C48007800F0BB
:102C10000100B0B100202A490968087029480078ED
:102C200078B92648007820F0010024490870084649
:102C30000078002213460146009040F61C4000F048
:102C400097FC27E09FED1B0A10EE100A1A49C1F805
:102C50002D009FED180A10EE100AC1F83200084648
:102C6000806B40F4407088631EF0ACFC11F09AFA5F
:102C700012F048FE15F046F90CE000BF00BF00BF9F
:102C800000BF00BF00BF00BF00BF00BF00BF00BF4C
:102C900000E000BF00BF002022E700006B0800201A
:102CA00008000020280400202C040020B00400208C
:102CB00042D90020000000005CD90020F20600206C
:102CC000C8060020C40600202DE9F0412DED028B3E
:102CD0000446B0EE408A0F460126A4F28E300B283F
:102CE00074D2DFE800F00607082122233D3E3F5062
:102CF000610000BF00BFA4F28E35012000FA05F686
:102D000018EE100A294601EB8101344A114408608B
:102D10001046806BB043114688631EF053FC11F0DF
:102D200041FA15F0EFF852E000BF00BFA4F28E3573
:102D3000012000FA05F618EE100AE91E01EB8102E7
:102D400026490F31114408602448806BB043234961
:102D500088631EF037FC11F025FA15F0D3F836E041
:102D600000BF00BF18EE100AA4F5657101EB8102E7
:102D70001A491E31114408601EF024FC11F012FAA9
:102D800015F0C0F823E018EE100A1449C1F82D0020
:102D90000846806B20F4807088631EF013FC11F0ED
:102DA00001FA15F0AFF812E018EE100A0B49C1F85D
:102DB00032000846806B20F4007088631EF002FC2D
:102DC00011F0F0F915F09EF801E0FFE700BF00BF39
:102DD0000020BDEC028BBDE8F08100005CD9002032
:102DE0002DE9FC4106460C461746A6F22D3050B19F
:102DF000082828D0A0F6CC6000285BD12F4844607A
:102E000013F0ACFE56E02E480078D8B92D48046087
:102E10000146097849B12C490868C11700EB917146
:102E20008910284A1278914202DC01202549087055
:102E300024484078032802DD002022494870012000
:102E40001F49087036E025462048806A0C2804DCBB
:102E50001E48806A10F10C0F2BDA0C2D29DC15F1BD
:102E60000C0F26DB1A480068854222D013484068C0
:102E700017490968611AC1EB4112C2EB012100EB4D
:102E800001100E4948601248046000681149C1F8F9
:102E900005000F480168032010F09EFD0D48D0F892
:102EA00005100091407A8DF804007920019A00F015
:102EB00091FC00BF00BF0020BDE8FC811002002093
:102EC000B0040020100400209CCD030820DD002069
:102ED000940000201411002070B505460C46A54250
:102EE00004D02146284600F003F870BD0020FCE71E
:102EF000024600207047000030B58BB000250AF074
:102F00002DFF03208849088001208DF814008DF8DA
:102F100015008DF81600082205A98348008812F0D4
:102F2000F3FB824825F0A0F981490860681E8149B9
:102F300008604FF40070099001208DF828000220ED
:102F40008DF8290000208DF82A0001208DF82B0033
:102F50007949486809A908F05BF9774948684FF44E
:102F6000007108F065FA74484068744908604FF4CD
:102F70000070734908600AF0FDFE102009900120DE
:102F80008DF8280002208DF8290000208DF82A00F5
:102F900001208DF82B006849486809A908F038F924
:102FA00065494868102108F043FA002000905E4906
:102FB00001900988C8B24FF480330522002112F035
:102FC000FDF960484069604908605E4800685F49F3
:102FD000086000245E4850F824005E4908605E489E
:102FE00050F824005D4908600524594850F8240031
:102FF0005B490860584850F824005A49086003A803
:1030000006F04EFE48BB9DF80C00BF2813D19DF87A
:103010000D0026280FD1012053490870012506F024
:103020007BFC06A810F022FF00208DF8190006A8EE
:103030001EF02EF800E000259DF80C001F280DD191
:103040009DF80D00472809D10120484908704649DC
:103050000870002005F092FC00E00025444A02219F
:1030600041F6FE7007F076FB414800884AF655218C
:10307000884215D13F4A022141F6FE7007F002FC5A
:103080003B4A022141F6FE7007F064FB3848008895
:103090004CF2C331884218D101203749087014E03E
:1030A000364A022141F6FE7007F0ECFB304A02215D
:1030B00041F6FE7007F04EFB2D4800884AF6552178
:1030C000884202D101202C4908704FF480502C49CD
:1030D000088040002B4908604000486040102A49A1
:1030E00008604FF44020294908604FF48050284977
:1030F00008600001274908604FF4407026490880A5
:10310000302026490880088800EBD0714910214AF8
:1031100012681E4B1B6801FB0231214A116009F045
:10312000F1FD28460BB030BD440300205CB9030814
:10313000FC02002000030020E00800203C030020E7
:10314000400300207C080020B4170020C017002096
:10315000F8CF0308CC17002038D00308E41700206C
:10316000D8170020F01700200F03002010030020C4
:103170004A0300204E0300200C0300204C030020D3
:103180002403002014030020C4020020E4020020D5
:10319000F4020020F8020020EC020020EE020020E1
:1031A000E802002030B587B0002502205C49088085
:1031B00000208DF80C008DF80D008DF80E002022F7
:1031C00003A95748008812F09FFA564825F04CF89A
:1031D0005549086013F04AFC5448006805900120E6
:1031E0008DF8180002208DF8190000208DF81A00C3
:1031F00001208DF81B0005A94D48006808F008F86B
:103200004A48008881B24A48006808F011F94FF432
:103210000040059001208DF8180002208DF819005B
:1032200000208DF81A0001208DF81B004149086923
:1032300005A907F0EDFF3F4908694FF4004108F088
:10324000F7F800200090364901900988C8B24FF481
:1032500080330422032112F0B1F83748006937495E
:1032600048603548C068364948600324354850F8FE
:10327000240035494860354850F8240034494860F6
:103280000424304850F82400324948602F4850F850
:1032900024003149486004A9012005F09FFE012067
:1032A00005F072FF002005F08FFF0A2024F07CFF5C
:1032B00004A9012005F092FE012005F065FF0A2017
:1032C00024F072FF04A9012005F088FE0A2024F0F2
:1032D0006BFF04A9012005F081FE9DF81000022873
:1032E00003D101201D4908700225012005F02CFFA3
:1032F00004A9012005F072FE012005F045FF04A994
:10330000012005F06BFE00201549086008460068A2
:1033100014490860202014490880284607B030BDB1
:103320004603002060B90308040300203003002096
:103330002C030020E00800207C080020B4170020A7
:10334000C0170020F8CF0308CC17002038D003089E
:10335000E4170020D8170020F01700200D030020EC
:1033600020030020B00200202603002070B505468F
:103370004F48007900F0020010B94FF0FF3070BDE7
:10338000072D7DD2DFE805F08D045A6C808D8A0010
:103390004848006820F4B84201F0030010B1012849
:1033A00006D102E042F4006205E042F4804202E00D
:1033B0006FF00300E3E700BF01F0040020B1042830
:1033C00003D142F4006203E002E04FF0FF30D6E7A1
:1033D00000BF01F0100008B142F480523648806905
:1033E00020F0087301F0200018B142F4806243F02D
:1033F000007301F0400028B143F4001301202C4E6B
:10340000F07102E000202A4EF0712B4883612948B8
:103410000260406820F0310401F0800008B944F0F7
:10342000200401F4807008B144F0100401F400702D
:1034300008B144F001041F48446035E01D480068AD
:1034400020F008021C48806920F4005319B142F0B2
:10345000080243F40053174802601748836123E0D1
:103460001448006820F004021348806920F0020329
:1034700019B142F0040243F002030E48026000E07A
:103480000FE00D4883610FE001F0020028B10A4807
:10349000806940F48010084EB06105E00548C161C4
:1034A00002E06FF003006AE700BF002067E700005A
:1034B0000C400120008002400090024002464FF084
:1034C000FF30704770B505460E460024842221491E
:1034D0002148FDF78DF90B24A22D27D104EB4401DF
:1034E0001D4A02EB810078221C49FDF781F90A345C
:1034F00004EB4401184A02EB810078221849FDF7D9
:1035000077F90A3404EB4401134A02EB81002422C8
:103510001449FDF76DF9E41C04EB44010E4A02EB7B
:10352000810030221049FDF763F9241D04EB4401AA
:10353000094A02EB81004FF496720C49FDF758F9E5
:1035400019344FF0FF3004EB4401034A42F82100E4
:10355000104670BD54CF0308C4D90020F4D003082E
:10356000ACD1030830D2030860D20308080700205A
:103570002DE9FF4182B0074615461E46002464E04F
:1035800004EB840000EBC400324901EB0020324917
:10359000095D01EB810202EBC10108449DF80C10AA
:1035A000017104EB840000EBC4002A4901EB002008
:1035B0002949095D01EB810202EBC1010844076062
:1035C000002185EA01007140084311D004EB84001A
:1035D00000EBC4001F4901EB00201F49095D01EB0E
:1035E000810202EBC101084440F8055F466015E026
:1035F000684608F0D3FA04EB840202EBC402154BD0
:1036000003EB0222144B1B5D03EB830C0CEBC30397
:103610001A44DDE9001042F8051F50600E48005DB5
:10362000401C0D4908550846005DFF2801DD0020BB
:1036300008550948005D0949095D884204D10748D9
:10364000005D401C05490855641C012C98DB06B040
:10365000BDE8F081840900105501002054010020CC
:1036600070B5044617480088022802DB4FF6FF7049
:1036700070BD1548134D2D8800EB051004801248CD
:10368000104D2D8800EB0510416001250E480D4EB0
:10369000368800EB061045800B480A4D2D8800EB5C
:1036A000051082600848074D2D8800EB0510437314
:1036B00004480088401C034D288028460088401E8E
:1036C00080B2D5E7EA0100205000001070B5044632
:1036D0001148124D2D8800EB051004800E480F4D47
:1036E0002D8800EB0510416006200B4D0B4E3688EF
:1036F00005EB061568800848084D2D8800EB05107D
:10370000826006480088401C044D288028460088B6
:10371000401E80B270BD000080F10020180B002018
:1037200030B5044614480088052802DB4FF6FF70C8
:1037300030BD1248104D2D8800EB051004800F4855
:103740000D4D2D8800EB051081700C480A4D2D8819
:1037500000EB051082600948074D2D8800EB05102D
:10376000037305480088401C034D288028460088C4
:10377000401E80B2DCE70000E801002000000010DD
:1037800070B504461148124D2D8800EB05100480D9
:103790000E480F4D2D8800EB0510416006200B4DA3
:1037A0000B4E368805EB061568800848084D2D88B5
:1037B00000EB0510826006480088401C044D2880FC
:1037C00028460088401E80B270BD0000D0F1002065
:1037D0001A0B002017B50346002022E000EBC002C0
:1037E000114C04EB0222114C245C04EBC40422446F
:1037F0000199516000EBC0010B4A02EB01210B4A19
:10380000125C02EBC20211440B600849095C491CBE
:10381000064A11541146095CFF2901DD00211154AB
:10382000401C0128DADB1EBD84270010590100204E
:10383000FFB583B00746DDE90C5600244CE004EBED
:103840000411274A02EB0121264A125D02EB021203
:1038500011440498486004EB0410214901EB002056
:103860002049095D01EB011108440760002185EA48
:103870000100714008430DD004EB0410184901EB1E
:1038800000201849095D01EB0111084440F8095F67
:10389000466015E0684608F081F904EB840202EB0B
:1038A000C402114B03EB0222104B1B5D03EB830C94
:1038B0000CEBC3031A44DDE9001042F8051F506009
:1038C0000848005D401C074908550846005DFF2870
:1038D00001DD00200855641C012CB0DB07B0F0BDF1
:1038E00084160010570100208409001055010020A3
:1038F00017B50346002022E000EBC002114C04EB98
:103900000222114C245C04EBC4042244019951604E
:1039100000EBC0010B4A02EB01210B4A125C02EBE7
:10392000C20211440B600849095C491C064A115443
:103930001146095CFF2901DD00211154401C0128BA
:10394000DADB1EBDCC3000105D01002017B5034648
:1039500000201EE000EBC0020F4C04EBC2020F4C33
:10396000245C04EBC40422440199516000EBC001C3
:10397000094A02EBC101094A125C02EBC20211447E
:103980000B600649095C491C01F00701034A115408
:10399000401C0128DEDB1EBD843000105B010020CE
:1039A00029B1064A92680243044B9A6004E0034A34
:1039B00092688243014B9A6070470000002004E047
:1039C00029B1064AD2680243044BDA6004E0034A94
:1039D000D2688243014BDA6070470000002004E0A7
:1039E00010B5012141F62F00FFF7DAFF0121032076
:1039F000FFF7E6FF10BD000000202CE09FED580A05
:103A0000584901EB800181ED000A574901EB800123
:103A100081ED000A5449183101EB800181ED000A63
:103A2000524901EB800181ED000A9FED4D0A4D4A9C
:103A3000C11C02EB810181ED000A4B49C21C01EB64
:103A4000820181ED000A4849183101EB820181EDC4
:103A5000000A411C88B20328D0DB002009E09FED5A
:103A6000400A4149303101EB800181ED000A411CDF
:103A700088B20628F3DB002030E09FED390A3C498C
:103A800001EB800181ED000A9FED350A38490C31C8
:103A900001EB800181ED000A9FED310A3449343198
:103AA00001EB800181ED000A9FED2D0A30494C3178
:103AB00001EB800181ED000A9FED290A2C4940317C
:103AC00001EB800181ED000A9FED250A284958315C
:103AD00001EB800181ED000A411C88B20328CCDB98
:103AE0009FED1F0A2249083981ED080A9FED1C0A43
:103AF00081ED0A0A9FED1A0A81ED0B0A9FED180A63
:103B000081ED090A9FED160A81ED0D0A9FED140A59
:103B100081ED0E0A9FED120A81ED0C0A9FED100A4D
:103B200081ED1B0A9FED0E0A81ED1C0AB3EE0E0A11
:103B300081ED1D0A9FED0A0A81ED1E0A01210D4A41
:103B4000117000210C4A118001210C4A11609FED77
:103B50000C0B0D4981ED000B00210C4A11707047D0
:103B600000000000E0CB0020F8D60020ACCC002004
:103B700070D80020C6040020EE040020F4040020C9
:103B8000000000000000000020050020800500204B
:103B90002DED088B84B001220021A94815F002F90F
:103BA0000121A74815F017F9A648007920F08000F8
:103BB0008030A4490871A448407A20F08000803009
:103BC000A14948720846007920F0800080300871D1
:103BD0000846807B20F08000803088732FE14FF40E
:103BE000FA71002024F0B4FB01AB07C30198402810
:103BF00030D1082013F03AF89FED940A944880EDF4
:103C0000190A9FED920A10EE100A8E4908600846C4
:103C1000007920F08000803008719FED8C0A10EE52
:103C2000100A8949C1F80A000846807B20F080000C
:103C3000803088739FED850A10EE100AC1F80500E8
:103C40000846407A20F08000803048720120814987
:103C50000860F4E0082011F025FA7F4890ED000A92
:103C6000B8EE400ADFED7D0A80EE201A7C4880ED38
:103C7000001A794800686821B0FBF1F4204627F06B
:103C8000D3F941EC190B9FED770B53EC102B27F078
:103C900025FA03D340F6FF70844233D3704890ED89
:103CA000000A724880ED070A9FED680A684880EDB7
:103CB000190A9FED660A10EE100A6249086008466C
:103CC000007920F08000803008719FED600A10EECE
:103CD000100A5D49C1F80A000846807B20F0800088
:103CE000803088739FED590A10EE100AC1F8050064
:103CF0000846407A20F08000803048720120554903
:103D000008609CE05A4890ED010ADFED5A0A20EE67
:103D1000200A10EE101A084627F012FD41EC190B8C
:103D2000524890ED070A4E48D0ED000A30EEC00A26
:103D300010EE101A084627F003FD41EC1B0BB0EE05
:103D40004B0AF0EE6B0A1FF0C3FEB0EE40AAF0EE95
:103D500060AA53EC192B51EC1A0B27F0F9FA02D296
:103D600000203C4908603B48006843490968884294
:103D700004D238480068401C364908603B48D0ED02
:103D8000070A34480068401E00EE100AB8EE401AD8
:103D9000334890ED000A00EE810A2E48D0ED000A6B
:103DA000F8EE600A80EE201A304880ED071A90ED98
:103DB000070A2F48D0ED020A30EE200AD0ED010AA2
:103DC00080EE208A224880ED198A2C4890ED000A66
:103DD000B0EE401A90ED010AF0EE400AB0EE480A4B
:103DE000FEF752FC10EE100A1649086008460079EA
:103DF00020F080000871084600681349C1F80A00E5
:103E00000846807B20F080010F4881731B48007AB0
:103E100000F00F0040B90B4800680B4908600846E5
:103E2000007920F08000087118EE100A0649C1F8E8
:103E300005000846407A20F0800103484172CEE632
:103E4000000C00405C0A0020E8D80020FFFF7F7FC4
:103E5000F4D60020480A0020500A00200000D0427A
:103E6000540A00200000000000003440D4D6002096
:103E7000B4DE00206666663F4C0A00205CDF00204E
:103E80002DE9F041894A128891B2894A106807F0F9
:103E9000CFFA0021874800F06DF9002185481830DD
:103EA00000F068F91321834800F00CFB13218148CE
:103EB000183000F007FB80497E48183000F040F9C8
:103EC0007E497C4800F03CF97D497A48183000F082
:103ED00037F97C49774800F033F912227A497B4858
:103EE000FCF741FC7A4F00242DE004EB4400C6B2FD
:103EF00000250AE070197549085C40B2022101EB07
:103F00008401491B7854681CC5B2032DF2DB6F484D
:103F1000805D00F0800020B1FF21A000C01C39545A
:103F200003E00021A000C01C3954694850F8241057
:103F300004EB4400674A02EBC020674A128840F84D
:103F40002210601CC4B2062CCFDB64480078002825
:103F50007BD06348007830BB6248007810B90120FC
:103F6000604908705F49097800EE901AF8EE600A1F
:103F70005D4991ED001A60EE810AB0EE600A594980
:103F8000497842F2267288180EF03AFB57490860C9
:103F90000846006838B10120514908700020544992
:103FA0000880544908804E48007800284DD0504879
:103FB0000088002844D14B48407848B149484378AC
:103FC000434A4C480188494800681FF025F806E03C
:103FD0003F4A48480188454800681EF0E1FF4148D3
:103FE0000078401E4249088042480088401C4149F0
:103FF00008803C48407888B10846008840F6F9714E
:10400000884222DB39480068FEF77CFC00203949F1
:104010000880324908703249087016E03548008837
:1040200040F25351884210DB30480068FEF76AFCCA
:10403000002030490880294908702949087004E0A7
:104040002B480088401E2A4908802B480088401CC5
:10405000294908800846008828490988884205D1EE
:104060000120274908800020234908801A48008839
:10407000401C1949088008460088B0F5C06F05D17A
:104080000220204908800020134908801D4800882C
:10409000022808D11A480088012804D101211A48B1
:1040A000006824F049F9BDE8F081000058060020BE
:1040B0006006002058600240208000200080001828
:1040C000010000A000004090DDD00020DC22002094
:1040D0000823002020230020B6040020B004002084
:1040E000B204002010040020A0040020740400206A
:1040F000BC0400208C050020BA040020B404002079
:104100008605002084050020780400200246094B23
:104110009A4201D2084801E00648103801F00053E5
:104120001BB1064B0B40C36002E0044B0B408360A5
:104130007047000010640240006002407D0F7D0F58
:104140000246094B9A4201D2084801E0064810385D
:1041500001F000531BB1064B0B40C36002E0044B5F
:104160000B40836070470000106402400060024012
:104170007D0F7D0F21B1026842F00102026003E071
:10418000026822F00102026070470000016821F01D
:10419000010101600021016041608160C160016135
:1041A000212141614A49884204D13D21484A103ABF
:1041B00091608CE046491831884205D14FF4746112
:1041C000434A103A916082E041493031884205D13A
:1041D0004FF474113E4A103A916078E03C494831FE
:1041E000884205D14FF07461394A103A91606EE00F
:1041F00037496031884204D13649354A103AD16096
:1042000065E033497831884204D13349304A103A65
:10421000D1605CE02E499031884204D12F492C4A6C
:10422000103AD16053E02A49A831884205D14FF0B5
:104230003D51274A103AD16049E02949884204D1CA
:104240003D21274A083A116041E02549183188424A
:1042500005D14FF47461224A083A116037E02049D1
:104260003031884205D14FF474111D4A083A11606B
:104270002DE01B494831884205D14FF07461184A3E
:10428000083A116023E016496031884204D111498F
:10429000134A121F11601AE011497831884204D183
:1042A0000D490F4A121F116011E00D4990318842EB
:1042B00004D10A490A4A121F116008E00849A831CE
:1042C000884204D14FF03D51054A121F11607047DA
:1042D000106002403D000020400F002000003D2003
:1042E0001064024030B503460A46002000240B4DFE
:1042F000AB4201D20A4901E00849103902F00055E9
:104300000DB14C6800E00C68064D2C4004EA020533
:104310000DB1012000E0002030BD0000106402401B
:10432000006002407D0F7D0F70B502460020002422
:104330000025124EB24201D2114B01E00F4B103B4F
:10434000104E0E4036B11E2606EAD124166806EA43
:10435000040502E0566906F0800501F000560EB132
:104360005C6800E01C68084E344004EA010616B19F
:104370000DB1012000E0002070BD0000106402407B
:10438000006002403C0F3C0F7D0F7D0F10B50D49C2
:104390000D48FFF7C9FF0446012C0DD109490A4811
:1043A000FFF7CEFE00210848FFF7E4FE012240F2AD
:1043B0002661064816F02CF805490348FFF7C0FEB1
:1043C00010BD000000800028B864024000100140C9
:1043D000000040A010B50D490D48FFF7A5FF0446A9
:1043E000012C0DD109490A48FFF7AAFE002108480F
:1043F000FFF7C0FE012240F22661064816F008F8D9
:1044000005490348FFF79CFE10BD000000802020F6
:10441000A060024000440040000001A010B501F07F
:1044200080034BB122B1436943F08003436103E051
:10443000436923F08003436180290BD02AB10368CC
:1044400001F01E042343036004E0036801F01E042E
:10445000A343036010BD21B1026842F48062026090
:1044600003E0026822F480620260704710B5002207
:104470000268134B1A40CC680B6823434C692343F2
:104480008C692343CC6923430C6A23434C6A23433E
:104490008C6A23434C6B23438C6B23431A43026087
:1044A000426922F00702D1E90B3423431A434261E7
:1044B0000B6943604B6883608B68C36010BD00006C
:1044C0003F801CF041607047C1607047026822F075
:1044D000010202604160026842F00102026070471E
:1044E00010B510F0C3FC64480078002870D1634810
:1044F000D0F8050058B362480078C0F340000028A7
:1045000037D107F063FB04465E48D0E90010002273
:1045100051405040014303D100205A49C1E90040B5
:1045200059480068574B0CCB821843F1000000211A
:10453000A21A81411DD30121084603F06FFE5048A5
:10454000007820F00200801C4D49087011E0002125
:104550004C4A116051604A480078C0F3400040B1B5
:10456000012003F05BFE4648007820F00200444939
:1045700008704248D0F80A0058B341480078C0F3A8
:10458000800020BB07F022FB04464048D0E9001021
:10459000002359405840014303D100203B49C1E961
:1045A000004039484068394B0CCB821843F1000079
:1045B0000021A21A81411FD30121022003F02EFE07
:1045C0002F48007820F00400001D2D49087013E0EA
:1045D0003BE0FFE700212D4A116051602848007838
:1045E000C0F3800040B1022003F018FE2448007898
:1045F00020F00400224908702548D0F846001F49E1
:1046000008600846006878B11D48007800F0010095
:1046100080B30021042003F001FE1948007820F047
:1046200001001749087025E01548007800F00100E6
:1046300000BB0121042003F0F1FD1148007820F0B7
:104640000100401C0E49087014E01248007800F088
:104650000101012003F0E2FD0E48007800F00201A4
:10466000022003F0DBFD0B48007800F00401042079
:1046700003F0D4FD10BD0000490B002030F20020F3
:10468000300B0020380B002068DF0020400B00209A
:1046900088DD0020480B002010B50A4A128891B22C
:1046A000094A106806F0C2FE01210848FFF762FDC2
:1046B000012106481830FFF75DFD0549086803F041
:1046C00043FE10BD580600206006002058600240DE
:1046D000BC06002000B5A3B0FE4908684968FE4A40
:1046E00003C2FE480088401CFC490880FC48008842
:1046F000002845D0F848D0E90020FA49D1E9003136
:10470000D21A60EB0100CDE908201046099926F085
:104710009FFC9FEDF50B53EC102BCDE90A019DEDAD
:104720000A0B51EC100B26F0B3FACDE90C019DED0C
:104730000C0B51EC100B26F0C5F91790E8490988CD
:10474000491EEB4A179842F82100E54800880528E1
:1047500004D19DED170AE74880ED010AE048008882
:1047600005280DDDE348D0ED010A9DED170AF4EEB2
:10477000C00AF1EE10FA03DD9DED170A80ED010A83
:10478000D548D0E90010D74AC2E90010DA480088BD
:1047900080B201460D90D948006806F049FED8481D
:1047A0000088401E1A901A98002803DA1A9800F51B
:1047B000C0601A90D3480188D3480088C01C814249
:1047C00004DAD0480088401CCE490880CF4890EDDC
:1047D0001D0ACF48D0ED1E0A30EE600A8DED170A93
:1047E0000020209024E0CA487C30209900EB810012
:1047F00090ED001ADDED170AB7EE000A01EE600A2F
:10480000C348943000EB810090ED001ADDED170AEB
:1048100021EE201ADDED170A01EE600ABD4920984D
:1048200001EB800080ED000A2098401C00B220902F
:1048300020980628D7DB0020209024E0B448AC3034
:10484000209900EB810090ED000AF1EE400A9DED09
:10485000170A20EE800AAE48B83000EB810090EDD8
:10486000001ADDED170A21EE201ADDED170A01EE20
:10487000600AA949209801EB800080ED000A209889
:10488000401C00B2209020980328D7DB0020A349C9
:10489000087020906AE0A2481D9040421C900020C1
:1048A000219026E021991A98401A00B2229022986D
:1048B000002804DA229800F5C06000B22290209807
:1048C00000EB4001974800EBC121229851F82000ED
:1048D0001B901D991B98884201DD1B981D90DDE9F6
:1048E0001B01884201DA1B981C902198401C00B2E1
:1048F00021902198B0F5007FD4DB8B4A20991D9838
:1049000042F82100894A20991C9842F821008449E4
:1049100049421D98884203D01C9810F5000F04D11D
:104920000121834A2098115403E00021804A2098F5
:10493000115480480078A8B17B49209851F8202074
:104940007A4951F8200010440D9000EBD0704010CF
:1049500000EE100AB8EEC00A7749209801EB8000FB
:1049600080ED000A2098401C00B220902098062874
:1049700091DB002071490880002171480160714875
:1049800090F86600F0B90020209017E06649209862
:1049900051F82010654A52F82000081A18906A4908
:1049A0001898884206DD654920980880644918985F
:1049B000086006E02098401C00B220902098032850
:1049C000E4DB00BF5E480068F0B90320209018E0E7
:1049D0005549209851F82010544A52F82000081ADE
:1049E0001890574918980968884206DD209881B2C6
:1049F000524801805249189808602098401C00B223
:104A0000209020980628E3DB4D4800684F498842F3
:104A100003DA0120FDF788FD11E243484749098880
:104A200050F821104148454A128850F822000844A5
:104A30000D9000EBD0704010189001201E903F4860
:104A4000008800EB4001374800EBC1211A9851F86B
:104A500020101898081A02D54FF0FF301E90012040
:104A60002190A3E02198B0F5007F03D10220FDF74B
:104A70005BFDE4E121991A98401A00B22290229835
:104A8000002804DA229800F5C06000B222902B487A
:104A9000008800EB4000234901EBC021229851F827
:104AA00020101898091A199119991E98484300283E
:104AB00078DA229881B2264801802298401C00B200
:104AC00022902298B0F5C06F01D1002022901B489F
:104AD00000883FE010020020D8050020F2050020E9
:104AE000F0050020E0050020000000C04D625041AC
:104AF000E4D2002074D400202006002024060020E8
:104B0000B6040020EE040020BE04002068D8002077
:104B1000C4D5002018D1002030D10020CB040020C3
:104B2000010080FF2023002020CB002038CB002074
:104B3000C0040020C604002050CB0020F004002058
:104B4000D00400205CD500208B2E3A00584701008D
:104B5000E804002000EB4000FE4901EBC021229850
:104B600051F820101998411A18980844099026F015
:104B700044FACDE90C01199826F03FFACDE90A0173
:104B80009DED0C0B53EC102B9DED0A0B51EC100B13
:104B900026F07EF8F04A03C21E98404200B21E90F2
:104BA00009E0FFE72198401C00B221902198B0F560
:104BB000C06F7FF757AF00BF0020219039E02198E8
:104BC000B0F5407F03D10320FDF7AEFC37E1E348A9
:104BD00001882198081A203800B2229022980028D3
:104BE00004DA229800F5C06000B22290DC48008808
:104BF00000EB4000D74901EBC021229851F820106A
:104C00001898081A1E99484300280EDA219818B9F6
:104C10000420FDF789FC12E1229881B2D14801807D
:104C20001E98404200B21E9007E02198401C00B23E
:104C300021902198B0F5407FC1DD00BF0020219078
:104C400065E02198B0F5007F03D10620FDF76CFCEC
:104C5000F5E0C44801882198081A203800B2229053
:104C60002298002804DA229800F5C06000B2229051
:104C7000BB48008800EB4000B64901EBC0212298F8
:104C800051F820101898081A199019991E9848433D
:104C9000002838DA219818B90720FDF745FCCEE046
:104CA000229881B2B04801802298401C00B2229024
:104CB0002298B0F5C06F01D100202290A84800884A
:104CC00000EB4000A34901EBC021229851F82010CD
:104CD0001998411A18980844099026F08EF9CDE9E0
:104CE0000C01199826F089F9CDE90A019DED0C0B0C
:104CF00053EC102B9DED0A0B51EC100B25F0C8FF67
:104D00009A4A03C207E02198401C00B221902198E2
:104D1000B0F5407F95DD00BF904800889249098832
:104D2000401A9349086008460068002804DA0846DB
:104D3000006800F5C06008608D4800687E2804DBCC
:104D40008B480068B0F5007F03DD0820FDF7ECFB21
:104D500075E0864890ED000B53EC102B7E4890EDEB
:104D6000000B51EC100B26F001FC824A03C2804874
:104D7000006826F042F9CDE90C017E4890ED000B69
:104D800053EC102B9DED0C0B51EC100B25F0CCFED1
:104D9000794A03C29FED790B53EC102B764890EDC6
:104DA000000B51EC100B26F0E1FB764A03C276486B
:104DB0000088032835DB74480088801E099026F09F
:104DC0001CF9CDE90C0170480088C01E059026F042
:104DD00014F9CDE906016D4890ED000B53EC102B52
:104DE0009DED060B51EC100B26F0B4F9CDE908014E
:104DF000644890ED000B53EC102B9DED080B51EC2B
:104E0000100B25F091FECDE90A019DED0C0B53EC42
:104E1000102B9DED0A0B51EC100B25F039FF5B4A6E
:104E200003C29FED560B53EC102B584890ED000B2E
:104E300051EC100B25F02CFF554A03C200BF54481B
:104E400090ED000B53EC102B9FED520B51EC100B1F
:104E500025F06AFECDE90C0150480168084607912B
:104E600026F06EFCCDE908014D4890ED000B53ECA7
:104E7000102B9DED080B51EC100B26F06BF9CDE9D2
:104E80000A019DED0C0B53EC102B9DED0A0B51EC20
:104E9000100B25F0FDFE434A03C2424890ED000B83
:104EA00053EC102B9FED400B51EC100B26F052F9F8
:104EB0003F4A03C23F480078B0B19FED3F0A3F48E8
:104EC00080ED060A9FED3C0A3D4880ED000A9FED0B
:104ED0003A0A10EE100A3B4908600846007920F0B3
:104EE00080008030087173E0294890ED000B53EC8E
:104EF000102B9FED280B51EC100B25F015FECDE982
:104F00000A019DED0A0B53EC102B254890ED000B88
:104F100051EC100B25F0BCFECDE90C019DED0C0B06
:104F200051EC100B25F0CEFD244988611D4890ED11
:104F3000000B51EC100B25F0C5FD21490860194804
:104F400090ED000B51EC100B25F0BCFD1D490860E5
:104F5000084639E02023002008050020E80400204E
:104F6000F0040020EA040020EC04002010050020DA
:104F7000D4040020000500202805002000000000C7
:104F80000000704018050020EE04002020050020DD
:104F900048050020000000000000F03FB4DE0020C3
:104FA000980400204005002044174154FB2119407B
:104FB00050050020CB04002000000000D4D60020C3
:104FC000F4D60020FCD70020007920F08000087182
:104FD000FE48008880B201460D90FD48006806F04A
:104FE00025FAFC4890ED000B51EC100B25F06AFD02
:104FF0000D901A9880B20C909DED0D0A24F090FD52
:10500000F248008880B201460D90F148006806F031
:105010000FFA002020906CE01FED190AEE4920984D
:1050200001EB800080ED000A0020229019E0EB499E
:10503000209801EB8021229801EB800090ED000A7E
:10504000E549209801EB8000D0ED000A30EE200AFF
:10505000209801EB800080ED000A2298401C00B2ED
:1050600022902298FF28E2DDDB49209801EB8000A6
:10507000D0ED000A9FEDDA1A80EE810A8DED150A57
:10508000D848008803281FDBD749209801EB80000F
:10509000D0ED000AD3480088C01E00EE100AB8EE1A
:1050A000C01A9DED150A00EE810ACE480088801EC8
:1050B00000EE900AF8EEE00A80EE201A209801EB4C
:1050C000800080ED001A07E09DED150AC649209882
:1050D00001EB800080ED000A0021C44A209842F8CC
:1050E0002010C34A209842F820102098401C00B29B
:1050F0002090209806288FDB0020209026E01FEDCE
:10510000520ABC49209801EB800080ED000AB249A8
:10511000209801EB800080ED000A1FED590AB64986
:10512000209801EBC00080ED010A209801EBC0003F
:1051300080ED000A1FED600AB049209801EB800065
:1051400080ED000A2098401C00B22090209806288C
:10515000D5DB1FED670AAA4880ED010A80ED000A41
:1051600000202290C8E0A749229801EB800090ED32
:10517000000A8DED170A229840301F901F98FF28D3
:1051800003D91F98A0F580701F909E491F9801EBCE
:10519000800090ED000A8DED160A00202090A3E01B
:1051A0008E49209801EB8021229801EB800090ED40
:1051B000000A8D49209801EB8000D0ED000A30EE06
:1051C000600A8DED120A8DED150A8B49209801EBCE
:1051D000C00090ED001A9DED150ADDED170A00EEF6
:1051E000201A209801EBC00080ED001A209801EBF6
:1051F000C00090ED011A9DED150ADDED160A00EED6
:10520000201A209801EBC00080ED011A9DED150ACF
:10521000B5EEC00AF1EE10FA05D29DED150AB1EE19
:10522000400A8DED120A7549209801EB8000D0EDFF
:10523000000A9DED120AF4EEC00AF1EE10FA06D251
:105240009DED120A209801EB800080ED000A69496B
:10525000209801EB8000D0ED000A9DED120A40EE8F
:10526000000A209801EB8000C0ED000A2098022877
:1052700036DD634890ED000A6349209801EB800019
:1052800090ED001ADDED150A21EE201ADDED170A6A
:1052900061EE200A5D49209801EB800090ED001A34
:1052A00000EE810A564880ED000A90ED010A564949
:1052B000209801EB800090ED001ADDED150A21EE3B
:1052C000201ADDED160A61EE200A5049209801EB04
:1052D000800090ED001A00EE810A494880ED010A35
:1052E0002098401C00B2209020980628FFF658AF66
:1052F0002298401C00B222902298FF287FF733AFFB
:105300000020209057E13C49209801EBC00090ED2F
:10531000000AF0EE000A20EE200ADFED310A80EEEE
:10532000201A209801EBC00080ED001A8DED171AAD
:10533000209801EBC00090ED010AF0EE000A20EE8B
:10534000200ADFED270A80EE201A209801EBC0002A
:1053500080ED011A8DED161A9DED170A60EE000A18
:105360009DED160A40EE000AB0EE001A80EE810AAA
:105370008DED090A099826F0E3F9CDE90A019DEDC2
:105380000A0B1EF015FC8DED0C0B9DED0C0B51EC7A
:10539000100B25F097FB01461D4A209842F820107B
:1053A00015911949209801EB8000D0ED000A9DED80
:1053B000150A20EE800A1549209801EB8000D0EDF7
:1053C000000A20EE200A1349209825E0200600203C
:1053D000240600204805002068CB002020B30020D0
:1053E00000008043EE04002050CB002038CB00208A
:1053F00020CB0020B0CB002080CB002010CC0020A0
:1054000030050020DCCC0020F022002018D1002044
:10541000D4D60020C8CB002001EB800080ED000A2C
:10542000FE49209851F820100846079126F088F987
:10543000CDE90A01FA49209801EB8000D0ED000A7D
:105440001FED191A80EE810A8DED010A019826F0F0
:1054500077F9CDE902019DED020B1EF0A9FB8DED60
:10546000060BF049209851F820100846039126F0C9
:1054700067F9CDE904019DED060B53EC102B9DED72
:10548000040B51EC100B25F065FECDE908019DEDF4
:105490000A0B53EC102B9DED080B51EC100B25F073
:1054A00059FECDE90C019DED0C0B51EC100B25F0D4
:1054B00009FBDD4A209942F82100DC48007870BBE6
:1054C000DB49209801EB800090ED000AD949209833
:1054D00001EB8000D0ED000A30EE600A8DED090A84
:1054E000099826F02DF9CDE90A019DED0A0B1EF071
:1054F000EFFA8DED0C0B9DED0C0B51EC100B25F024
:10550000E1FA1790209803280ADACB4890ED000AB8
:10551000DFEDCA0A20EE200A8DED160A0DE01CE030
:105520002098C01EC64901EB800090ED000ADFED17
:10553000C30A20EE200A8DED160A9DED170ADDED57
:10554000160AB4EEE00AF1EE10FA06DDBD48008856
:10555000032802DB0120BB490880B549209801EBF4
:10556000800090ED000AB349209801EB800080EDA7
:10557000000A0021AD480170AA49209801EB800083
:1055800090ED000AA549209801EB8000D0ED000ABB
:1055900020EE200AAC49209801EB8000D0ED000AF3
:1055A00020EE200A209801EB800080ED000A209870
:1055B000401C00B2209020980628FFF6A4AE0020E0
:1055C000209077E19F48008803287CDB9849209849
:1055D00001EB800090ED000A9C48209900EB8100CF
:1055E00090ED001A97480088C01E00EE900AF8EE71
:1055F000E00A01EE200A93480088801E00EE900A1F
:10560000F8EEE00A80EE201A904800EB810080ED71
:10561000001A8549209801EB800090ED000A8B4824
:105620001838209900EB810090ED001A8548008819
:10563000C01E00EE900AF8EEE00A01EE200A814852
:105640000088801E00EE900AF8EEE00A80EE201A34
:105650007E48183800EB810080ED001A74492098CC
:10566000C01C01EB800090ED000A7949209801EB05
:10567000800090ED001A73480088C01E00EE900A6A
:10568000F8EEE00A01EE200A6E480088801E00EE67
:10569000900AF8EEE00A80EE201A209801EB8000D4
:1056A00080ED001A60492098C01C01EB800090ED4D
:1056B000000A6849209801EB800090ED001A6148CB
:1056C0000088C01E00E014E000EE900AF8EEE00A48
:1056D00001EE200A5B480088801E00EE900AF8EE7A
:1056E000E00A80EE201A209801EB800080ED001A7D
:1056F00032E04F49209801EB800090ED000A5348BA
:10570000209900EB810080ED000A4749209801EBC9
:10571000800090ED000A4D481838209900EB810078
:1057200080ED000A42492098C01C01EB800090EDFA
:10573000000A4749209801EB800080ED000A3A49B1
:105740002098C01C01EB800090ED000A4149209890
:1057500001EB800080ED000A3D49209801EB8000BC
:1057600090ED000ADFED3C0A80EE201A37492098C0
:10577000C01C01EB800080ED001A3649209801EB37
:10578000800090ED000ADFED340A80EE201A2F49E8
:1057900018392098C01C01EB800080ED001A0846E3
:1057A000209900EB810090ED000A2C48D0ED000A12
:1057B00020EE200A10EE100A01EB8101284A114464
:1057C00008602248209900EB810090ED000A2348F0
:1057D000D0ED000A20EE200A10EE100A01EB810243
:1057E0001F491431114408601949209851F82000CC
:1057F000209901EB81011B4A11440860154920984A
:1058000051F82000209901EB81021649143111440E
:1058100008600E481838209926E0000018D10020B2
:10582000B0CB0020F0220020F8CB0020C6040020DE
:10583000C8CB0020E0CB002090040020CDCC4C3D14
:10584000FC060020EE04002010CC002010D7002021
:10585000C4220020D022002000007A4458050020F5
:105860005CD70020ACD7002050F821000B9025F029
:1058700067FFCDE90C01FD4890ED000B53EC102BB8
:105880009DED0C0B51EC100B25F028FC07D2209855
:10589000C0B201460D90012012F02AFE06E02098C9
:1058A000C0B201460D90002012F022FE2098401C4C
:1058B00000B2209020980328FFF684AE00202090AC
:1058C000FBE02098C01C00B22290E949209801EB2F
:1058D000800090ED000A8DED170A179825F030FF33
:1058E000CDE90A019DED0A0B1EF0F2F88DED0C0BCF
:1058F0009FEDE00B53EC102B9DED0C0B51EC100BBE
:1059000025F026FD42D2DD49209801EB800090ED84
:10591000001A9DED170AC1EE000A9FEDD90A80EE2C
:10592000801A8DED151A209800EB8001D5480844A7
:10593000006800EE900AD4480088401E00EE100A6D
:10594000B8EEC01A9DED150A00EE810ACE48008817
:1059500000EE900AF8EE600A80EE201A8DED151A1E
:10596000209901EB8102C7491144159808602098DD
:1059700000EB8001C3480844007920F080012098A2
:1059800000EB8002BF481044017118E09FEDBF0A90
:1059900010EE100A209901EB8102BA491144086007
:1059A000209800EB8001B7480844007920F080007F
:1059B0008030209901EB8102B24911440871AC4951
:1059C000229801EB800090ED000A8DED170A1798E0
:1059D00025F0B6FECDE90A019DED0A0B1EF078F820
:1059E0008DED0C0B9FEDA30B53EC102B9DED0C0BD1
:1059F00051EC100B25F0ACFC42D2A049229801EBEF
:105A0000800090ED001A9DED170AC1EE000A9FED8F
:105A10009C0A80EE801A8DED151A209800EB80010B
:105A20009B480844006800EE900A97480088401E92
:105A300000EE100AB8EEC01A9DED150A00EE810ABC
:105A40009148008800EE900AF8EE600A80EE201A75
:105A50008DED151A209901EB81028D49114415989D
:105A60000860209800EB800189480844007920F004
:105A70008001209800EB800285481044017118E0F5
:105A80009FED820A10EE100A209901EB81028049F5
:105A900011440860209800EB80017D48084400799B
:105AA00020F080018031209800EB8002784810447B
:105AB00001712098401C00B2209020980328FFF626
:105AC00000AF0020209051E07249209801EB800047
:105AD00090ED000A7048D0ED000A9FED701A60EE5C
:105AE000810AB4EEE00AF1EE10FA04D201216C4A08
:105AF0002098115403E00021694A20981154654907
:105B00002098C01C01EB800090ED000A65492098A8
:105B100001EB8000D0ED000A9FED601A60EE810A73
:105B2000B4EEE00AF1EE10FA04D201215E4A2098A8
:105B3000115403E000215C4A209811542098C0B20F
:105B400057490D902098085C0C900D9912F0D4FEE6
:105B50002098C0B254490D902098085C0C900D9983
:105B600012F0E2FA2098401C00B2209020980328FE
:105B7000AADB4D480178407801444B4880780844BE
:105B8000002872D1494890ED000AF0EE000A20EE9C
:105B9000200ADFED470A80EE201A8DED171A90EDEE
:105BA000010AF0EE000A20EE200ADFED410A80EE45
:105BB000201A8DED161A9DED170A60EE000A9DED74
:105BC000160A40EE000AB0EE001A80EE810A8DED52
:105BD000090A099825F0B4FDCDE90A019DED0A0BEB
:105BE0001DF0E6FF8DED0C0B9DED0C0B51EC100B39
:105BF00024F068FF2F4908602F4890ED060A8DEDCC
:105C0000130A90ED070A8DED120A04202090E5E1B9
:105C10002949209801EBC000D0ED000A9DED130A40
:105C200060EE800A209801EBC00090ED011A9DED16
:105C3000120A41EE000ACDED170A209801EBC000D0
:105C4000D0ED010A9DED130A60EE800A209801EB69
:105C5000C00090ED001A9DED120A41EE400ACDED14
:105C6000160A179825F06CFD28E0FDE3800400205B
:105C7000F8CB0020000000E04D62503F10CC002027
:105C8000F304B53F84D70020EE040020000000009C
:105C9000D4D70020C8CB002090040020CDCC4C3EAF
:105CA000C0050020FC060020C305002030050020B0
:105CB00000008043B805002080CB0020CDE90A0118
:105CC0009DED0A0B1DF004FF8DED0C0B1FED170B66
:105CD00053EC102B9DED0C0B51EC100B25F038FB09
:105CE00051D29DED160ADDED170A80EE201A8DEDDA
:105CF000151A159825F024FDCDE906019DED060B3A
:105D00001DF016FD8DED080B9FEDFE0B53EC102BD7
:105D10009DED080B51EC100B25F01CFA9FEDFB0BD1
:105D200053EC102BCDE90A019DED0A0B51EC100B41
:105D300024F0AEFFCDE90C019DED0C0B51EC100BE6
:105D400024F0C0FE14909DED170AB5EEC00AF1EEE6
:105D500010FA0ED29DED160AB5EEC00AF1EE10FA59
:105D600008D29DED140ADFEDEB0A30EE600A8DEDEE
:105D7000140A91E09DED140ADFEDE60A30EE200AE8
:105D80008DED140A88E0169825F0DAFCCDE90A01B9
:105D90009DED0A0B1DF09CFE8DED0C0B1FED4B0BCA
:105DA00053EC102B9DED0C0B51EC100B25F0D0FAA1
:105DB0006ED29DED170ADDED160A80EE201A8DEDEC
:105DC000151A159825F0BCFCCDE906019DED060BD2
:105DD0001DF0AEFC8DED080B9FEDCA0B53EC102BA4
:105DE0009DED080B51EC100B25F0B4F99FEDC70B9E
:105DF00053EC102BCDE90A019DED0A0B51EC100B71
:105E000024F046FFCDE90C019DED0C0B51EC100B7D
:105E100024F058FE14909DED170AB5EEC00AF1EE7D
:105E200010FA1AD29DED160AB5EEC00AF1EE10FA7C
:105E30000AD29DED140AB1EE400ADFEDB70A30EE4A
:105E4000600A8DED140A27E09DED140ADFEDB20A19
:105E500030EEC00A8DED140A1EE09DED160AB5EE77
:105E6000C00AF1EE10FA0AD29DED140AB1EE400A12
:105E7000DFEDA90A30EE600A8DED140A0CE09DED0D
:105E8000140ADFEDA50A30EEC00A8DED140A03E016
:105E90001FED820A8DED140AA048209900EB8100C5
:105EA00090ED000A9D486038D0ED1B0A30EE600A84
:105EB000C81E9B4901EB8000D0ED000A30EE200A9D
:105EC0000846D0ED000A70EE600A9DED140A30EE2F
:105ED000800A8DED140A149825F032FC9FED8B0B8F
:105EE00053EC102BCDE908019DED080B51EC100B84
:105EF00025F030F99FED830B53EC102BCDE90A010F
:105F00009DED0A0B51EC100B24F0C2FECDE90C0103
:105F10009DED0C0B51EC100B24F0D4FD1490149853
:105F200025F00EFCCDE906019DED060B1DF0DCFD14
:105F30008DED0A0B7B49209851F8201008460791F7
:105F400025F0FEFBCDE908019DED0A0B53EC102B6B
:105F50009DED080B51EC100B25F0FCF8CDE90C0180
:105F60009DED0C0B51EC100B24F0ACFD014620987C
:105F7000001F0EAA42F83010149825F0E1FBCDE97D
:105F800006019DED060B1DF03FFD8DED0A0B6549E9
:105F9000209851F820100846079125F0D1FBCDE953
:105FA00008019DED0A0B53EC102B9DED080B51ECF5
:105FB000100B25F0CFF8CDE90C019DED0C0B51EC49
:105FC000100B24F07FFD01462098001F0EAA02EB63
:105FD000C00041602098401C00B220902098062804
:105FE000FFF616AE4F4890ED030ADDED0F0A30EED6
:105FF000200ADDED110A30EE200A8DED130A9DED29
:106000000E0ADDED100A30EE200A8DED120A9DED2C
:10601000130ADFED450A60EE200A444890ED001AAD
:1060200080EE810A4248D0ED000A30EE600A8DED24
:10603000170A9DED120ADFED3C0A20EE200A3B48CC
:10604000D0ED000A80EE201A3A4890ED000A31EEB9
:10605000400A8DED160A9DED170A20EE000ADDEDCF
:10606000160A00EEA00A8DED090A099825F068FBD2
:10607000CDE90A019DED0A0B1DF09AFD8DED0C0B8B
:106080009DED0C0B51EC100B24F01CFD15902A48D3
:106090000088032819DB28480088C01E00EE100A7B
:1060A000F8EEC00A9DED150A244890ED001A01EEA5
:1060B000200A21480088801E00EE900AF8EEE00ACF
:1060C00080EE201A1D4880ED001A1C4800681C490B
:1060D000C863084690F8400020F08001184880F816
:1060E0004010164890ED000A12F0D0F8179825F0ED
:1060F00027FBCDE90A019DED0A0B1DF0E9FC8DEDB2
:106100000C0B1FE000000000008066404417415463
:10611000FB210940000034430000B44224D6002093
:1061200030D10020C8CB00200000C842BC050020B0
:10613000AC050020B0050020EE040020B4050020CE
:106140001FD800209FEDFE0B53EC102B9DED0C0B88
:1061500051EC100B25F0FCF851D29DED160ADDED47
:10616000170A80EE201A8DED151A159825F0E8FA19
:10617000CDE906019DED060B1DF0DAFA8DED080B59
:106180001FED200B53EC102B9DED080B51EC100B69
:1061900024F0E0FF1FED230B53EC102BCDE90A0197
:1061A0009DED0A0B51EC100B24F072FDCDE90C01B2
:1061B0009DED0C0B51EC100B24F084FC14909DED24
:1061C000170AB5EEC00AF1EE10FA0ED29DED160ACE
:1061D000B5EEC00AF1EE10FA08D29DED140A5FED9B
:1061E000330A30EE600A8DED140A91E09DED140A39
:1061F0005FED380A30EE200A8DED140A88E016981B
:1062000025F09EFACDE90A019DED0A0B1DF060FC18
:106210008DED0C0B9FEDCA0B53EC102B9DED0C0B71
:1062200051EC100B25F094F86ED29DED170ADDEDC0
:10623000160A80EE201A8DED151A159825F080FAB1
:10624000CDE906019DED060B1DF072FA8DED080BF0
:106250001FED540B53EC102B9DED080B51EC100B64
:1062600024F078FF1FED570B53EC102BCDE90A01FA
:106270009DED0A0B51EC100B24F00AFDCDE90C0149
:106280009DED0C0B51EC100B24F01CFC14909DEDBB
:10629000170AB5EEC00AF1EE10FA1AD29DED160AF1
:1062A000B5EEC00AF1EE10FA0AD29DED140AB1EE75
:1062B000400A5FED670A30EE600A8DED140A27E0B0
:1062C0009DED140A5FED6C0A30EEC00A8DED140AE4
:1062D0001EE09DED160AB5EEC00AF1EE10FA0AD2E4
:1062E0009DED140AB1EE400A5FED750A30EE600ACA
:1062F0008DED140A0CE09DED140A5FED790A30EE85
:10630000C00A8DED140A03E09FED8F0A8DED140A8B
:106310008E480088032828DB8C480088C01E00EEC9
:10632000100AF8EEC00A9DED140A894890ED001A93
:1063300001EE200A85480088801E00EE900AB8EE23
:10634000E01AC0EE010A10EE900A8249C1F841003D
:106350000846D0F841007E4908607E4890F8450024
:1063600020F080017B4880F845109DED0F0ADDED9F
:10637000110A30EE200AF0EE000A80EE201A76486C
:1063800090ED030A30EE410A8DED170A9DED0E0ADD
:10639000DDED100A30EE600ADFED700A20EE200A13
:1063A000F0EE000A80EE201A8DED161A9DED170A08
:1063B000DDED160A30EE600AF0EE080A80EE201AD3
:1063C0008DED151A9DED170ADDED160A30EE200A47
:1063D000F0EE080A80EE201A8DED141A9DED0E0ADB
:1063E000DDED100A30EE200AB1EE400AF0EE000AB0
:1063F00080EE201A8DED171A9DED0F0ADDED110AC2
:1064000030EE600ADFED550A20EE200AF0EE000AB9
:1064100080EE201A8DED161A9DED170ADDED160A95
:1064200030EE200AF0EE080A80EE201A8DED131AE5
:106430009DED170ADDED160A70EE600AB0EE080A4F
:1064400080EE801A8DED121A9DED150A20EE000ADD
:10645000DDED130A00EEA00A8DED090A099825F07A
:106460006FF9CDE90A0100E0F3E09DED0A0B1DF0A4
:106470009FFB8DED0C0B9DED0C0B51EC100B24F0E4
:1064800021FB37491790C863084690F8400020F078
:106490008001334880F840109DED140A20EE000A78
:1064A000DDED120A00EEA00A8DED090A099825F02B
:1064B00047F9CDE90A019DED0A0B1DF079FB8DED41
:1064C0000C0B9DED0C0B51EC100B24F0FBFA244946
:1064D0001390C1F84100084690F8450020F0800173
:1064E0001F4880F845101C4890ED030ADDED0F0AA7
:1064F00030EE200ADDED110A30EE200AF0EE080A37
:1065000080EE201A8DED151A9DED0E0ADDED100AB4
:1065100030EE200AF0EE080A80EE201A8DED141AF3
:106520009DED150A20EE000ADDED140A00EEA00A2A
:106530008DED090A099825F003F9CDE90A0111E06A
:10654000F168E388B5F8E43E00000000EE040020A6
:106550008C0400201FD80020C8CB0020D7B3DD3F1B
:10656000ACD700209DED0A0B1DF022FB8DED0C0B2E
:106570009DED0C0B51EC100B24F0A4FAFE49159084
:10658000C1F83700084690F83B0020F08001FA4837
:1065900080F83B10179825F0D3F8CDE90A019DED5E
:1065A0000A0B1DF095FA8DED0C0B9FEDF40B53ECDF
:1065B000102B9DED0C0B51EC100B24F0C9FE2DD2CD
:1065C0009DED130ADFEDEF0A20EE201A9DED170A6C
:1065D000C1EE000A10EE900AE749C1F84B009DEDAC
:1065E000150ADFEDE80A20EE201A9DED170AC1EE2C
:1065F000000A10EE900AC1F84600084690F84F00D5
:1066000020F08001DC4880F84F10002190F84A000B
:1066100061F3C710D84981F84A0076E01FED360AC9
:1066200010EE100AD449C1F84600C1F84B000846E4
:1066300090F84F0020F08000803081F84F00C109B1
:10664000CD4890F84A0061F3C710CB4981F84A0061
:106650005BE0FCF7E5F8C84890F83B0020F08000CC
:106660008030C54981F83B00084690F8400020F092
:106670008000803081F84000084690F8450020F006
:106680008000803081F84500BF4890F8400020F03D
:1066900080008030BC4981F84000084690F84500F1
:1066A00020F08000803081F845001FED590A10EE7F
:1066B000100AB149C1F84100C863C1F837001FEDA5
:1066C0005E0A10EE100AB049C8631FED610A10EEB1
:1066D000100AC1F841001FED640A10EE100AA64925
:1066E000C1F84600C1F84B00084690F84F0020F072
:1066F0008000803081F84F00C1099F4890F84A001F
:1067000061F3C7109C4981F84A0000202090FDE306
:106710009E492098085C00287DD19D492098085CFE
:106720000028F9D19B492098C01C01EBC00090EDD6
:10673000000A209801EBC000D0ED000A20EE200AEC
:106740002098C01C01EBC000D0ED010A209801EB9D
:10675000C00090ED011A00EE810A8DED170A209815
:10676000C01C01EBC00090ED000AB1EE400A209879
:1067700001EBC000D0ED010A20EE200A2098C01CD9
:1067800001EBC000D0ED010A209801EBC00090EDB4
:10679000001A00EE810A8DED160A169824F0D0FF3B
:1067A000CDE90A019DED0A0B1DF092F98DED0C0B60
:1067B0009FED790B53EC102B9DED0C0B51EC100B56
:1067C00024F0C6FD50D29DED170ADDED160A80EECD
:1067D000201A8DED151A159824F0B2FFCDE90601A7
:1067E0009DED060B1CF0A4FF8DED080B9FED6C0BCF
:1067F00053EC102B9DED080B51EC100B24F0AAFC70
:106800009FED690B53EC102BCDE90A019DED0A0BAE
:1068100051EC100B00E030E324F03AFACDE90C0122
:106820009DED0C0B51EC100B24F04CF914909DEDE8
:10683000160AB5EEC00AF1EE10FA7DD29DED140AEB
:10684000DFED5B0A30EEC00A8DED140A9DED170AEC
:10685000B5EEC00AF1EE10FA6ED29DED140AB1EE5B
:10686000400A8DED140A67E0179824F069FFCDE91E
:106870000A019DED0A0B1DF02BF98DED0C0B9FED20
:10688000460B53EC102B9DED0C0B51EC100B24F030
:106890005FFD4DD2DDED160A9DED170A80EE801AE0
:1068A0008DED151A159824F04BFFCDE904019DEDEF
:1068B000040B1CF03DFF8DED060B9FED390B53ECE7
:1068C000102B9DED060B51EC100B24F043FC9FEDBB
:1068D000360B53EC102BCDE908019DED080B51EC64
:1068E000100B24F0D5F99FED330B53EC102BCDE9B1
:1068F0000A019DED0A0B51EC100B24F05FFDCDE970
:106900000C019DED0C0B51EC100B24F0DBF81490F6
:106910009DED170AB5EEC00AF1EE10FA0CD29DED0E
:10692000140ADFED230A30EE600A8DED140A03E04D
:106930001FEDFB0A8DED140A9DED140A1F492098E6
:1069400001EB800080ED000A1D48209900EB8100DA
:1069500090ED000A1A492098C01C01EB8000D0ED90
:10696000000A30EE600A1749209801EB8000D0ED54
:10697000000A70EE600A27E0ACD70020000000009B
:106980000000F03F0000C8421FD80020C0050020D2
:10699000C305002080CB0020000000E04D62503F86
:1069A000000000000080664044174154FB2109406C
:1069B000000034430000000000805640ACCC0020B2
:1069C00024D6002030D100209DED140A30EE800A3C
:1069D0008DED140A209800EB8001FC480844006803
:1069E000079024F0ADFECDE90A01149824F0A8FE2A
:1069F0001FED130B53EC102BCDE900019DED000BA7
:106A000051EC100B24F0A6FB1FED1B0B53EC102BCD
:106A1000CDE902019DED020B51EC100B24F038F989
:106A2000CDE904019DED040B1DF002F98DED060B7F
:106A30009FEDE70B53EC102B9DED060B51EC100B6B
:106A400024F088FBCDE908019DED0A0B53EC102BD7
:106A50009DED080B51EC100B24F088FDCDE90C01E5
:106A60009DED0C0B51EC100B24F02CF81590DA482E
:106A70000088032808DAD948209900EB810090EDBE
:106A8000000A8DED150A23E0D448209900EB81001F
:106A9000D0ED000AD0480088C01E00EE100AB8EE03
:106AA000C01A9DED150A00EE810ACB480088801EB1
:106AB00000EE900AF8EEE00A80EE201A8DED151A2D
:106AC0009DED150AC548209900EB810080ED000A74
:106AD000209901EB8102C249114415980860209861
:106AE00000EB8001BE480844007920F08001209826
:106AF00000EB8002BA4810440171209800EB80013D
:106B0000B2480F380844006800EE100AB5EEC00A1B
:106B1000F1EE10FA26D0209800EB8001AB480F3838
:106B20000844006800EE100ADDED150A30EEC00AD8
:106B300010EE100A209901EB8102A9491E3111447F
:106B40000860209800EB8001A5481E3008440079B9
:106B500020F08001209800EB8002A1481E301044F4
:106B600001711BE09FED9F0A10EE100A209901EBC6
:106B700081029B491E3111440860209800EB80017E
:106B800097481E300844007920F08000803020991A
:106B900001EB810292491E31114408719DED150AE5
:106BA0001FED881AC0EE010ACDED090A099824F0FC
:106BB000C7FDCDE90A019DED0A0B1CF0B9FD8DED75
:106BC0000C0B9DED0C0B51EC100B23F07BFF139085
:106BD0008549209801EB800090ED000A8348D0EDB4
:106BE000000A20EE200A8DED140A139824F0A8FD67
:106BF000CDE906019DED060B1CF006FF8DED0A0B9D
:106C000079492098C01C51F820100846079124F0BB
:106C100097FDCDE908019DED0A0B53EC102B9DED7E
:106C2000080B51EC100B24F095FACDE90C019DED09
:106C30000C0B51EC100B23F045FF16909DED160A3E
:106C4000DFED6B0A20EE201A9DED140AC1EE000A5A
:106C5000CDED090A099824F073FDCDE90A016548D4
:106C600090ED000B53EC102B9DED0A0B51EC100B2B
:106C700024F00EF8CDE90C019DED0C0B51EC100B3E
:106C800023F020FF159054480088032825DB209826
:106C900000EB800052490F390844006800EE900A6A
:106CA0004D480088C01E00EE100AB8EEC01A9DEDD7
:106CB000150A00EE810A48480088801E00EE900AFE
:106CC000B8EEE01AC0EE010A10EE901A209800EB20
:106CD0008000434A0F3A10440160209800EB800086
:106CE0003F490F390844006800EE100A3F48D0EDD4
:106CF000000A20EE200ADFED400A80EE201A374815
:106D00000C38209900EB810080ED001A209800EBF0
:106D1000800033490F390844007920F08001209821
:106D200000EB80002E4A0F3A10440171209800EBCE
:106D3000800026491E390844006800EE100AB5EEAE
:106D4000C00AF1EE10FA5BD0209800EB80001146EB
:106D50000844006800EE100AB5EEC00AF1EE10FA21
:106D60004ED0209800EB80000844006800EE100A26
:106D7000209800EB800015491E390844006800EE99
:106D8000900A80EE201AB7EE000A31EE400ADFEDDD
:106D90001B0A20EE200A10EE100A209901EB810256
:106DA0000F490F3111440860209800EB80010C4816
:106DB0000F300844007920F08001209800EB800219
:106DC00007480F301044017133E000007AD90020E9
:106DD0000000000000005940EE0400204CD70020C5
:106DE0002ED80020FFFF7F7FC8CB00205805002051
:106DF000002474495005002000007A440000C84275
:106E00001FED080A10EE100A209901EB8102FD49DE
:106E100011440860209800EB8001FA48084400798A
:106E200020F080008030209901EB8102F549114467
:106E30000871F54890F86500F0BB2098C0B20D903D
:106E4000209800EB8001EF480F30084400680C9058
:106E50000D989DED0C0A11F0F9FB2098C0B20D9031
:106E6000209800EB8001E748084400680C900D98DA
:106E70009DED0C0A10F0F0FE8EE09FEDE40AE44870
:106E8000209900EB810080ED000A1FED2A0A10EE28
:106E9000100A209901EB8102DA4911440860209917
:106EA00001EB8101D74A1E3A11440860209800EB9B
:106EB00080001146084400E06EE0007920F0800078
:106EC0008030209901EB8102CE491E3911440871AE
:106ED0001FED3C0A10EE100A209901EB8102C9490E
:106EE0000F3111440860209901EB8102C5490F3927
:106EF00011440860209800EB8001C2480F38084414
:106F0000007920F080008030209900E048E001EB1B
:106F10008102BC490F39114408719FEDBC0A10EE83
:106F2000100A209901EB8102B649114408602098AB
:106F300000EB8001B3480844007920F080008030E5
:106F4000209901EB8102AF49114408719FEDAF0A0E
:106F500010EE100A209901EB8102AA490F31114469
:106F60000860209800EB8001A6480F3008440079A3
:106F700020F080008030209901EB8102A1490F317F
:106F8000114408712098C0B20D90FBF775FC209851
:106F9000C0B20D90FBF710FC2098401C00B220906E
:106FA00020980328FFF6B4AB974890F86500A8B383
:106FB0000120FBF737F80020FBF734F80020209081
:106FC00040E0209800EB80018E480F3008440079A3
:106FD000C00928B12098C0B20D90FBF74DFC0FE01E
:106FE0002098C0B20D90209800EB800185480F30AA
:106FF000084400680C900D989DED0C0A11F026FBDA
:10700000209800EB80017F4808440079C00930B126
:107010002098C0B20D90FBF7CFFB0FE015E0209851
:10702000C0B20D90209800EB8001764808440068BB
:107030000C900D989DED0C0A10F00EFE2098401C4F
:1070400000B2209020980328BBDB00202090BFE1F5
:1070500070492098085C18B96F492098085C08B1FD
:10706000012000E0002000287ED16C492098C01C3F
:1070700001EBC00090ED000A209801EBC000D0EDBC
:10708000000A20EE200A2098C01C01EBC000D0EDC1
:10709000010A209801EBC00090ED011A00EE810A70
:1070A0008DED170A2098C01C01EBC00090ED010A7D
:1070B000209801EBC000D0ED000A20EE200A2098B5
:1070C000C01C01EBC000D0ED000A209801EBC0000D
:1070D00090ED011A00EEC10A8DED160A179824F002
:1070E0002FFBCDE90A019DED0A0B1CF0F1FC8DEDA3
:1070F0000C0B9FED4B0B53EC102B9DED0C0B51EC3F
:10710000100B24F025F953D29DED160ADDED170A78
:1071100080EE201A8DED151A159824F011FBCDE99B
:1071200006019DED060B1CF003FB8DED080B9FED9A
:107130003E0B53EC102B9DED080B51EC100B24F083
:1071400009F89FED3B0B53EC102BCDE90A019DEDA7
:107150000A0B51EC100B23F09BFDCDE90C019DEDCA
:107160000C0B51EC100B00E016E123F0ABFC14907B
:107170009DED170AB5EEC00AF1EE10FA0ED29DEDA4
:10718000160AB5EEC00AF1EE10FA08D29DED140A07
:10719000DFED290A30EE600A8DED140AAFE09DEDB7
:1071A000140ADFED250A30EE200A8DED140AA6E060
:1071B000169824F0C5FACDE90A019DED0A0B1CF0E2
:1071C00087FC8DED0C0B9FED160B53EC102B9DEDFA
:1071D0000C0B51EC100B24F0BBF870D29DED170A8C
:1071E000DDED160A80EE201A8DED151A159824F0A3
:1071F000A7FACDE906019DED060B1CF099FA8DED7D
:10720000080B1BE03DD800205CD5002000000000EA
:107210004CD70020C0050020C305002080CB0020F3
:10722000000000E04D62503F00000000008066401A
:1072300044174154FB210940000034431FED060B65
:1072400053EC102B9DED080B51EC100B23F082FF3B
:107250001FED090B53EC102BCDE90A019DED0A0B34
:1072600051EC100B23F014FDCDE90C019DED0C0B3E
:1072700051EC100B23F026FC14909DED170AB5EE8F
:10728000C00AF1EE10FA1BD29DED160AB5EEC00A47
:10729000F1EE10FA0AD29DED140AB1EE400ADFEDCC
:1072A000FA0A30EE600A8DED140A28E09DED140A0A
:1072B000DFEDF50A30EEC00A8DED140A1FE01AE08A
:1072C0009DED160AB5EEC00AF1EE10FA0AD29DED58
:1072D000140AB1EE400ADFEDEC0A30EE600A8DEDE3
:1072E000140A0CE09DED140ADFEDE70A30EEC00A47
:1072F0008DED140A03E01FED3B0A8DED140AE348FF
:10730000209900EB8100D0ED000A9DED140A30EECB
:10731000800A8DED140A9DED140AB1EE400A8DED40
:10732000140ADB48008803281EDBDA49209801EBA9
:107330008000D0ED000AD6480088C01E00EE100A7A
:10734000B8EEC01A9DED140A00EE810AD0480088FC
:10735000801E00EE900AF8EEE00A80EE201A2098D7
:1073600001EB800080ED001ACA49209851F82000F6
:10737000209901EB8101C84A11440860209800EB74
:10738000800011460844007920F08001209800EB2D
:1073900080001044017117E09FEDC00A10EE100A42
:1073A000209901EB8101BC4A11440860209800EB50
:1073B000800011460844007920F080008030209938
:1073C00001EB8101114408712098401C00B220900B
:1073D00020980328FFF63CAEB148007800287CD105
:1073E00001202090B4E1AF49209801EBC00090ED5E
:1073F000000A0846D0ED000A20EE200A209801EB92
:10740000C000D0ED010A084690ED011A00EE810A95
:107410008DED170A209801EBC00090ED010A084697
:10742000D0ED000A20EE200A209801EBC000D0ED3C
:10743000000A084690ED011A00EEC10A8DED160A09
:10744000179824F07DF9CDE90A019DED0A0B1CF097
:107450003FFB8DED0C0B1FED8E0B53EC102B9DEDB8
:107460000C0B51EC100B23F073FF53D29DED160A59
:10747000DDED170A80EE201A8DED151A159824F00F
:107480005FF9CDE906019DED060B1CF051F98DED7C
:10749000080B1FED9B0B53EC102B9DED080B51ECD3
:1074A000100B23F057FE1FED9E0B53EC102BCDE974
:1074B0000A019DED0A0B51EC100B23F0E9FBCDE91D
:1074C0000C019DED0C0B51EC100B23F0FBFA14900A
:1074D0009DED170AB5EEC00A00E0DEE3F1EE10FA0A
:1074E0000ED29DED160AB5EEC00AF1EE10FA08D2E2
:1074F0009DED140A5FEDB00A30EE600A8DED140ABE
:1075000092E09DED140A5FEDB40A30EE200A8DED95
:10751000140A89E0169824F013F9CDE90A019DEDCB
:107520000A0B1CF0D5FA8DED0C0B1FEDC30B53ECC1
:10753000102B9DED0C0B51EC100B23F009FF6FD2BB
:107540009DED170ADDED160A80EE201A8DED151A55
:10755000159824F0F5F8CDE906019DED060B1CF019
:10756000E7F88DED080B1FEDD00B53EC102B9DEDC4
:10757000080B51EC100B23F0EDFD1FEDD30B53EC7A
:10758000102BCDE90A019DED0A0B51EC100B23F0F5
:107590007FFBCDE90C019DED0C0B51EC100B23F0A2
:1075A00091FA14909DED170AB5EEC00AF1EE10FAAB
:1075B0001AD29DED160AB5EEC00AF1EE10FA0AD203
:1075C0009DED140AB1EE400ADFED2F0A30EE600A9D
:1075D0008DED140A28E09DED140ADFED2B0A30EE44
:1075E000C00A8DED140A1FE09DED160AB5EEC00A23
:1075F000F1EE10FA0AD29DED140AB1EE400ADFED69
:10760000220A30EE600A8DED140A0DE09DED140A99
:10761000DFED1D0A30EEC00A8DED140A04E0FFE72D
:107620009FED210A8DED140A9DED140A1F49209843
:1076300001EB800080ED000A1448209900EB8100E6
:10764000D0ED000A9DED140A30EE800A8DED140A8B
:10765000209802283DDD2098C01E1549085C90B195
:107660009FED110A8DED140A1049209801EB80005E
:1076700080ED000A9FED0C0A0E48209900EB810076
:1076800080ED000A25E017E00000B44224D6002077
:10769000EE040020B82200201FD90020FFFF7F7FCA
:1076A000C005002080CB002000000000C4CC0020DA
:1076B000C305002028D700202098C01EFE4901EBFA
:1076C0008000D0ED000A9DED140A30EE800A8DEDA9
:1076D000140AFA48008803281FDBF948209900EBB8
:1076E0008100D0ED000AF5480088C01E00EE100AA7
:1076F000B8EEC01A9DED140A00EE810AEF4800882A
:10770000801E00EE900AF8EEE00A80EE201AEC48A7
:10771000209900EB810080ED001AE948209950F88B
:10772000210001EB8102E74911440860209800EB39
:107730008001E4480844007920F08001209800EBA3
:107740008002E048104401712098401C00B2209053
:1077500020980628FFF647AE00202090E2E0D848A7
:10776000209950F82100079023F0EAFF9FEDD60BF7
:1077700053EC102BCDE908019DED080B51EC100BDB
:1077800023F0E8FC9FEDD20B53EC102BCDE90A015E
:107790009DED0A0B51EC100B23F07AFACDE90C01A8
:1077A0009DED0C0B51EC100B23F08CF915902298E9
:1077B000032859DA159823F0C3FFCDE906019DEDA2
:1077C000060B1CF021F98DED0A0BBD4818382099E5
:1077D00050F821100846079123F0B2FFCDE90801C7
:1077E0009DED0A0B53EC102B9DED080B51EC100B8B
:1077F00023F0B0FCCDE90C019DED0C0B51EC100B0E
:1078000023F060F9B44A209902EBC1014860159851
:1078100023F096FFCDE906019DED060B1CF064F9FF
:107820008DED0A0BA6481838209950F8211008460B
:10783000079123F085FFCDE908019DED0A0B53EC7C
:10784000102B9DED080B51EC100B23F083FCCDE9C0
:107850000C019DED0C0B51EC100B23F033F99E4AFB
:10786000209942F8310059E0159823F069FFCDE9DD
:1078700006019DED060B1CF0C7F88DED0A0B209854
:10788000C01E964951F820100846079123F058FF72
:10789000CDE908019DED0A0B53EC102B9DED080B73
:1078A00051EC100B23F056FCCDE90C019DED0C0BB7
:1078B00051EC100B23F006F9874A209902EBC10125
:1078C0004860159823F03CFFCDE906019DED060BBD
:1078D0001CF00AF98DED0A0B2098C01E7F4951F863
:1078E00020100846079123F02BFFCDE908019DEDFC
:1078F0000A0B53EC102B9DED080B51EC100B23F0F1
:1079000029FCCDE90C019DED0C0B51EC100B23F083
:10791000D9F80146704A209842F830102098401C4F
:1079200000B2209020980628FFF619AF6A4890ED23
:10793000030AD0ED050A70EE200AB0EE001A80EEC0
:10794000810AD0ED010A30EEC00A8DED170A90EDE4
:10795000020AD0ED040A30EE600ADFED610A20EE83
:10796000200AF0EE000A80EE201A8DED161A9DED29
:10797000170ADDED160A30EE600AF0EE080A80EE16
:10798000201A8DED151A9DED170ADDED160A30EE61
:10799000200AF0EE080A80EE201A8DED141A90ED00
:1079A000020AD0ED040A70EE200AB0EE001A80EE52
:1079B000810AD0ED000A30EEC00A8DED170A90ED75
:1079C000030AD0ED050A30EE600ADFED450A20EE2D
:1079D000200AF0EE000A80EE201A8DED161A9DEDB9
:1079E000170ADDED160A30EE200AF0EE080A80EEE6
:1079F000201A8DED131A9DED170ADDED160A30EEF3
:107A0000600AF0EE080A80EE201A8DED121A354851
:107A1000006823F095FECDE90A019DED150A20EEE0
:107A2000000ADDED130A00EEA00A8DED050A0598A7
:107A300023F086FECDE906019DED060B1CF0B8F89B
:107A40008DED080B9DED0A0B53EC102B9DED080BF3
:107A500051EC100B23F07EFBCDE90C019DED0C0BDE
:107A600051EC100B23F02EF81F491790C8630846FD
:107A700090F8400020F080011B4880F84010194821
:107A8000006823F05DFECDE90A019DED140A20EEA9
:107A9000000ADDED120A00EEA00A8DED050A059838
:107AA00023F04EFECDE906019DED060B1CF080F89B
:107AB0008DED080B1AE0000030D10020EE0400200C
:107AC00028D7002001D8002044174154FB21094049
:107AD000000000000080664080CB0020C42200200F
:107AE000D7B3DD3F580500205CD700209DED0A0B81
:107AF00053EC102B9DED080B51EC100B23F02AFBDF
:107B0000CDE90C019DED0C0B51EC100B22F0DAFFCE
:107B1000FE491390C1F84100084690F8450020F056
:107B20008001FA4880F84510F94890ED010AD0ED3F
:107B3000030A30EE200AD0ED050A30EE200AF0EEFE
:107B4000080A80EE201A8DED151A90ED000AD0ED8E
:107B5000020A30EE200AD0ED040A30EE200AF0EEE0
:107B6000080A80EE201A8DED141AEA48006823F006
:107B7000E7FDCDE90A019DED150A20EE000ADDEDD5
:107B8000140A00EEA00A8DED050A059823F0D8FD31
:107B9000CDE906019DED060B1CF00AF88DED080BF2
:107BA0009DED0A0B53EC102B9DED080B51EC100BC7
:107BB00023F0D0FACDE90C019DED0C0B51EC100B2C
:107BC00022F080FFD1491590C1F83700084690F89F
:107BD0003B0020F08001CD4880F83B10179823F03F
:107BE000AFFDCDE90A019DED0A0B1BF071FF8DED94
:107BF0000C0B9FEDC90B53EC102B9DED0C0B51ECB6
:107C0000100B23F0A5FB2DD29DED130ADFEDC40A66
:107C100020EE201A9DED170AC1EE000A10EE900A20
:107C2000BA49C1F84B009DED150ADFEDBD0A20EE03
:107C3000201A9DED170AC1EE000A10EE900AC1F855
:107C40004600084690F84A0020F08001AF4880F8CE
:107C50004A10002190F84F0061F3C710AB4981F83A
:107C60004F0057E09FEDAF0A10EE100AA749C1F888
:107C70004600C1F84B00084690F84A0020F080000A
:107C8000803081F84A00C109A04890F84F0061F3A4
:107C9000C7109E4981F84F003CE09FEDA20A10EE0C
:107CA000100A9A49C1F84100C863C1F83700084674
:107CB00090F8450020F08000803081F84500C1092F
:107CC000924890F8400061F3C710904981F8400055
:107CD000C1098E4890F83B0061F3C7108B4981F8C9
:107CE0003B009FED900A10EE100AC1F84600C1F863
:107CF0004B00084690F84A0020F08000803081F860
:107D00004A00C109814890F84F0061F3C7107F49CC
:107D100081F84F00B0EE080A8DED130A9FED810A3D
:107D20008DED140A8DED150A8DED160A8DED170AED
:107D3000002020903DE0209800EB8000734908442B
:107D4000006800EE100ADDED170A30EE200A8DED16
:107D5000170A209800EB80016C4814300844006832
:107D600000EE100ADDED160A30EE200A8DED160A3F
:107D7000209800EB80006C490844006800EE100A6F
:107D8000DDED150A30EE200A8DED150A209800EB86
:107D90008001654814300844006800EE100ADDEDEB
:107DA000140A30EE200A8DED140A2098401C00B20F
:107DB000209020980328BEDB9DED170ADDED130A05
:107DC00080EE201A11EE100A5049C1F80F009DED07
:107DD000160A9DED131AC0EE010A10EE900AC1F8C2
:107DE00023009DED150ADDED130A80EE201A11EE39
:107DF000100A4D49C1F80F009DED140A9DED131AAC
:107E0000C0EE010A10EE900AC1F82300474801684D
:107E100047480068814204D244480068401C4349F6
:107E20000860002020905BE04248209900EB810030
:107E300001EB81010D903548143008440C900D99E8
:107E400019F08EFB3B480C30209900EB810001EBD0
:107E500081010D903448143008440C900D9919F0AC
:107E60007FFB34483430209900EB81000D9001EB0A
:107E70008100314908440C900D9919F071FB2D488F
:107E80004C30209900EB810001EB81010D902A48D4
:107E90001E3008440C900D9919F062FB25484030C3
:107EA000209900EB810001EB81010D9022480F30F9
:107EB00008440C900D9919F053FB1E485830209936
:107EC00000EB810001EB81010D901B482D3008442F
:107ED0000C900D9919F044FB2098401C00B22090A2
:107EE00020980328A0DB13491831144819F038FBF7
:107EF0001049203105483C3019F032FB0D4924313E
:107F00000248413019F02CFB0A4919E05CD70020E7
:107F100080CB002058050020000000000000F03F4A
:107F20000000C84200000000ACD70020F40400208C
:107F3000F804002070D800201FD80020FCD70020B3
:107F40001C31574819F00CFB5649574819F008FBEB
:107F50005449091D544819F003FB5249091F52485E
:107F60000A3819F0FDFA4F493831504819F0F8FA3B
:107F70004C493C314D48401D19F0F2FA4949403115
:107F80004B4819F0EDFA474944314A4819F0E8FAEC
:107F90004449483147480F3019F0E2FA10F060FECA
:107FA000404934394860444908684968434A03C233
:107FB00043480088642804DA41480088401C40494E
:107FC00008803E48D0E900213E48D0E90030D21A6E
:107FD00061EB00011046CDE9082123F039F89FED4F
:107FE0003A0B53EC102BCDE90A019DED0A0B51EC35
:107FF000100B22F04DFECDE90C019DED0C0B51EC68
:10800000100B22F05FFD17902D490988491E304A58
:10801000179842F821002A480088052804D19DEDD0
:10802000170A2C4880ED020A2548008805280DDD36
:108030002848D0ED020A9DED170AF4EEC00AF1EED1
:1080400010FA03D29DED170A80ED020A2148D0ED07
:10805000000A2148007800EE100AB8EE400AF4EE5B
:10806000C00AF1EE10FA08D21B48007800EE100AA0
:10807000B8EE400A174880ED000A18480088401EF4
:1080800081B2164801801648008880B201460D90E2
:108090001448006803F0CAF90F48007823B000BD07
:1080A00093D700209CD80020EDD700205BD800207B
:1080B000080D0020E8D8002010020020E80500206C
:1080C000F0050020D8050020000000C04D6250419E
:1080D00054D1002074D40020CB040020F2050020ED
:1080E00020060020240600207047000038B5002438
:1080F0000CE04FF4781000EB04452946032002F011
:108100000BF80121601C0EF0D9FC641C012CF0DB83
:108110000020064908800649088015200123002216
:108120000090104611460BF061F838BDC0090020E0
:10813000C209002038B500240CE04FF4741000EBA5
:1081400004452946032001F0E7FF0121601C0EF0E1
:10815000B5FC641C012CF0DB0020064908800649B0
:1081600008801620012300220090104611460BF0D3
:108170003DF838BDE0090020E2090020044A1168FA
:1081800000BF034A1268521A8242FAD970470000AF
:10819000A8090020044A116800BF034A1268521A55
:1081A0008242FAD970470000A809002038B50020A3
:1081B0001449087001201449087000240BE04FF4A2
:1081C000803000EB0441032001F0A6FF3C21601C3D
:1081D0000EF074FC641C3C2CF1D300200A4908709A
:1081E0000A4908600A4908600A4908600A490860A3
:1081F0001820012300220090104611460AF0F6FFD5
:1082000038BD0000A8030020F5090020FC0900206B
:10821000000A0020040A0020F009002070B504467E
:108220000D4604F00100B8B15DB12749C8680121CD
:1082300003F0FEF82548006840F00100234908607B
:108240000AE02149C868012103F0F0F81F480068DE
:1082500020F001001D49086004F00200B8B15DB1D2
:108260001949C868022103F0E3F81848006840F093
:108270000200164908600AE01349C868022103F0A9
:10828000D5F81248006820F002001049086004F098
:108290000400B8B15DB10C49C868042103F0C8F806
:1082A0000A48006840F00400084908600AE00649EE
:1082B000C868042103F0BAF80448006820F00400FC
:1082C0000249086070BD0000E00800203FF2002075
:1082D00070B5002505200BF073FA044634B128462A
:1082E0001FF062FF0CF0B4FF00BFFEE770BD00009E
:1082F00070B5002410484569104828400E4948616F
:1083000005F0010008B144F0020405F0400008B196
:1083100044F001040A48866B06F0080018B10848CA
:10832000C06A44F0040434B10648006818B1054836
:1083300001682046884770BD00900240410001005E
:10834000008002400C400120014908607047000095
:10835000143C0140002123498279002A3AD00A4680
:10836000126803689A430B461A600A1D1268036874
:108370009A430B1D1A60027911440A6803681A4374
:108380000A60184A0832126803689A43154B08338A
:108390001A601A1D126803689A43124B0C331A6054
:1083A0004279102A0ED11A1F126803681A430D4B26
:1083B00008331A601A1D126803681A43094B0C33FC
:1083C0001A600DE00749427911440A6803681A43AC
:1083D0000A6005E0027911440A6803689A430A605A
:1083E00070470000003C014008B5564988420FD153
:1083F00000BF002100915449096841F00101524A2F
:1084000011601146096801F00101009100BF97E079
:108410004E4988420FD100BF002100914A490968A6
:1084200041F00201484A11601146096801F0020159
:10843000009100BF84E0464988420FD100BF00216F
:1084400000914149096841F004013F4A1160114619
:10845000096801F00401009100BF71E03D498842C4
:108460000FD100BF002100913749096841F0080190
:10847000354A11601146096801F00801009100BFFA
:108480005EE0354988420FD100BF002100912E499E
:10849000096841F010012C4A11601146096801F089
:1084A0001001009100BF4BE02C4988420FD100BF62
:1084B000002100912449096841F02001224A1160FD
:1084C0001146096801F02001009100BF38E02449FD
:1084D00088420FD100BF002100911B49096841F07B
:1084E0004001194A11601146096801F040010091EC
:1084F00000BF25E01B4988420FD100BF0021009139
:108500001149096841F080010F4A1160114609685C
:1085100001F08001009100BF12E0134988420FD1A1
:1085200000BF002100910849096841F48071064AA2
:1085300011601146096801F48071009100BF00BF0D
:1085400008BD000000000240303802400004024034
:1085500000080240000C02400010024000140240DB
:1085600000180240001C02400020024008B5564995
:1085700088420FD100BF002100915449096841F0A1
:108580000101524A11601146096801F00101009190
:1085900000BF97E04E4988420FD100BF00210091F3
:1085A0004A49096841F00201484A116011460968C8
:1085B00001F00201009100BF84E0464988420FD1DA
:1085C00000BF002100914149096841F004013F4A80
:1085D00011601146096801F00401009100BF71E0CB
:1085E0003D4988420FD100BF0021009137490968F9
:1085F00041F00801354A11601146096801F008018F
:10860000009100BF5EE0354988420FD100BF0021D4
:1086100000912E49096841F010012C4A1160114661
:10862000096801F01001009100BF4BE02C4988421D
:108630000FD100BF002100912449096841F02001B9
:10864000224A11601146096801F02001009100BF23
:1086500038E0244988420FD100BF002100911B4916
:10866000096841F04001194A11601146096801F09A
:108670004001009100BF25E01B4988420FD100BF97
:10868000002100911149096841F080010F4A1160F1
:108690001146096801F08001009100BF12E0134902
:1086A00088420FD100BF002100910849096841F4B8
:1086B0008071064A11601146096801F480710091C9
:1086C00000BF00BF08BD000000000240303802407B
:1086D0000004024000080240000C0240001002406A
:1086E0000014024000180240001C0240002002401A
:1086F00010B50821024800681FF01EFE10BD0000E2
:10870000600300200C48D0F8460042F2AA0108405D
:1087100018B10220094908700DE00748D0F846005A
:1087200045F65571084018B101200449087002E06F
:10873000002002490870704788DD00209809002059
:108740002DE9F04105460E46174698460DB900241E
:1087500000E0002414B1012C0ED106E043463A4655
:1087600031462846F8F772FE06E043463A4631465F
:108770002846F8F78DFC00BF00BFBDE8F08100007F
:1087800001490860704700000C3C024070B5044687
:108790000A460026092502B909E0012A01D116027C
:1087A00005E0022A01D1160201E04FF4407600F004
:1087B000BFF80546092D28D11548006820F44070FF
:1087C000134908600846006830430860084600689E
:1087D00020F0F80008600846006844F002010843F1
:1087E0000B4908600846006840F48030086000F0DB
:1087F0009FF805460648006820F00200044908601A
:108800000846006820F0F8000860284670BD0000A7
:10881000103C024009201049096801F48031B1F58B
:10882000803F01D1012015E00B49096801F01001DA
:1088300009B106200EE00849096801F0EF0109B10D
:10884000072007E00449096801F0020109B1082086
:1088500000E00920704700000C3C0240034800681B
:1088600040F000400149086070470000103C0240A1
:1088700030B502460C46092500F05AF80546092D88
:1088800017D10D48006820F440700B490860084675
:10889000006808600846006840F001000860147035
:1088A00000F046F805460448006820F0010002493F
:1088B0000860284630BD0000103C024030B502463A
:1088C0000C46092500F034F80546092D19D10E484B
:1088D000006820F440700C4908600846006840F4C5
:1088E000007008600846006840F0010008601460ED
:1088F00000F01EF805460448006820F00100024917
:108900000860284630BD0000103C02400548006861
:1089100000F0004028B1044802490C3908600348BF
:1089200008607047103C024023016745AB89EFCDDA
:1089300008B509200090FFF76DFF009002E0FFF7F7
:1089400069FF00909DF800000128F8D09DF8000014
:1089500008BD024600230AE01068884201D1104693
:1089600070471068401C00B904E05B1C0C32B3F582
:108970007A7FF1DB00BF0020F2E700002DE9FC4127
:1089800004462CB90021494800681FF08FFC04E020
:108990000021474800681FF089FC01F069FB454A47
:1089A00052F82410444A52F82400FBF7AFFB434A24
:1089B00052F82410424A52F82400FBF7A7FB414A20
:1089C00052F824103C4A52F82400FBF79FFB3E4A21
:1089D00052F824103A4A52F82400FBF797FB012082
:1089E0008DF8000000208DF80100334951F8240073
:1089F00001A9FBF769FD324951F824006946FBF7EC
:108A000063FD2D4951F824000221FBF75BFD2C4941
:108A100051F824000221FBF755FD2C48008881B253
:108A20002B48006802F002FD234951F8240001217F
:108A3000FBF7A0FB224951F824000121FBF79AFB28
:108A40002448066800BF1B4A52F824101A4A52F8FC
:108A50002400FBF747FC054625B91E480068801B2B
:108A60000A28F0D31948008881B21948006802F03A
:108A7000DFFC114951F824000021FBF77BFB104972
:108A800051F824000021FBF775FB24B90748006862
:108A90001FF000FC03E0064800681FF0FBFB0DB967
:108AA0004FF0FF373846BDE8FC810000FC02002093
:108AB00004030020CC170020C0170020D817002086
:108AC000B4170020E4170020F01700204003002016
:108AD0003C030020A80900202DE9FF4F89B004467F
:108AE0000E46154600200190022C05D10021754844
:108AF00000681FF0DBFB04E00021734800681FF0F2
:108B0000D5FB0020029000BF204600F03DFB6946E7
:108B1000204600F063FA6D4A52F824106C4A52F86D
:108B20002400FBF7F3FA6B4A52F824106A4A52F811
:108B30002400FBF7EBFA694A52F82410644A52F811
:108B40002400FBF7E3FA664A52F82410624A52F80E
:108B50002400FBF7DBFA63496348FBF7D7FA5C496B
:108B600051F8240006A9FBF7AFFC5B4951F824003B
:108B700003A9FBF7A9FC082D05DD4FF0080BA5F1B3
:108B8000080085B201E0AB46002506F480700221A2
:108B900041EA60108DF80C00F0B28DF80D004FF036
:108BA00000090BE002990C98084410F8091003AA78
:108BB00009F102001154401E1FFA80F9D945F1DB7A
:108BC0000BF1020291B2424A52F82400FBF77AFC00
:108BD0000BF1020291B2404A52F82400FBF772FCFA
:108BE000012C06D14148008881B24148006802F05A
:108BF0001DFC374951F824000121FBF7BBFA364927
:108C000051F824000121FBF7B5FA3A48D0F800A04A
:108C100000BF324A52F824102D4A52F82400FBF7C4
:108C200061FB074637B933480068A0EB0A00B0F58E
:108C3000C87FEED3012C06D12C48008881B22C4885
:108C4000006802F0F5FB224951F824000021FBF7EF
:108C500091FA214951F824000021FBF78BFA00BF5B
:108C6000204600F023F90190019830B121480068B6
:108C7000A0EB0A00B0F5C87FF2D306F1080086B277
:108C80000298083080B202901DB1019800283FF48C
:108C90003BAF24B9184800681FF0FCFA03E00A480B
:108CA00000681FF0F7FA17B94FF0FF3806E0019897
:108CB00010B16FF0010801E04FF0000840460DB020
:108CC000BDE8F08F0803002004030020E417002013
:108CD000C0170020F0170020B4170020CC17002088
:108CE000D81700200008001028640240300300203C
:108CF0002C030020A8090020FC0200202DE9F047E9
:108D0000A2B004460F4615469946022C04DD6FF0CA
:108D1000080022B0BDE8F087802D00DD8025022C00
:108D200005D10021564800681FF0C0FA04E0002178
:108D3000544800681FF0BAFA534A52F82410534AB4
:108D400052F82400FBF7E2F9514A52F82410514A34
:108D500052F82400FBF7DAF94F4A52F824104B4A34
:108D600052F82400FBF7D2F94C4A52F82410494A31
:108D700052F82400FBF7CAF907F48070032141EA96
:108D800060108DF80000F8B28DF801003F4951F8ED
:108D9000240001A9FBF798FB3E4951F824006946DD
:108DA000FBF792FBAA1C91B2384A52F82400FBF759
:108DB00089FBAA1C91B2374A52F82400FBF782FBC8
:108DC000314A52F82410314A52F82400FBF78AFA4B
:108DD0000646012C06D13248008881B2314800682D
:108DE00002F024FB294951F824000121FBF7C2F9C4
:108DF000284951F824000121FBF7BCF92A48D0F892
:108E000000A000BF204A52F82410204A52F8240043
:108E1000FBF768FA06462EB923480068A0EB0A0063
:108E20006428EFD3012C06D11D48008881B21D486B
:108E3000006802F0FDFA154951F824000021FBF703
:108E400099F9144951F824000021FBF793F924B94A
:108E50000B4800681FF01EFA03E00A4800681FF084
:108E600019FA16B94FF0FF3807E02A460DF106014E
:108E70004846F7F778FC4FF00008404649E7000005
:108E80000803002004030020CC170020C017002096
:108E9000D8170020B4170020E4170020F017002096
:108EA000300300202C030020A80900202DE9FC41FC
:108EB0000446414A52F82410404A52F82400FBF775
:108EC00025F93F4A52F824103E4A52F82400FBF795
:108ED0001DF93D4A52F82410384A52F82400FBF795
:108EE00015F93A4A52F82410364A52F82400FBF792
:108EF0000DF905208DF80000304951F8240001A932
:108F0000FBF7E2FA2F4951F824006946FBF7DCFA37
:108F10002A4951F824000221FBF7D4FA294951F8D3
:108F200024000221FBF7CEFA012C06D12848008844
:108F300081B22848006802F079FA204951F82400EB
:108F40000121FBF717F91F4951F824000121FBF714
:108F500011F92148076800BF174A52F82410174A30
:108F600052F82400FBF7BEF9054625B91A480068F7
:108F7000C01B6428F0D3012C06D11548008881B2AB
:108F80001448006802F054FA0C4951F824000021FA
:108F9000FBF7F0F80B4951F824000021FBF7EAF841
:108FA00015B94FF0FF3603E09DF8050000F001060B
:108FB0003046BDE8FC810000CC170020C01700201F
:108FC000D8170020B4170020E4170020F017002065
:108FD000300300202C030020A80900202DE9FC41CB
:108FE00004460F46022C05D100214C4800681FF0B2
:108FF0005DF904E000214A4800681FF057F9494A2A
:1090000052F82410484A52F82400FBF77FF8474AE8
:1090100052F82410464A52F82400FBF777F8454AE4
:1090200052F82410404A52F82400FBF76FF8424AE5
:1090300052F824103E4A52F82400FBF767F8052046
:109040008DF80000384951F8240001A9FBF73CFADB
:10905000374951F824006946FBF736FA324951F88E
:1090600024000221FBF72EFA314951F82400022195
:10907000FBF728FA012C06D13048008881B230482D
:10908000006802F0D3F9284951F824000121FBF7C8
:1090900071F8274951F824000121FBF76BF82948A2
:1090A000D0F8008000BF1F4A52F824101E4A52F820
:1090B0002400FBF717F905462DB922480068A0EBFC
:1090C00008000A28EFD3012C06D11C48008881B281
:1090D0001B48006802F0ACF9134951F82400002144
:1090E000FBF748F8124951F824000021FBF742F839
:1090F000022C04D1094800681FF0CCF803E00848AE
:1091000000681FF0C7F815B94FF0FF3603E09DF86F
:109110000500387000263046BDE8FC8108030020B9
:1091200004030020CC170020C0170020D81700200F
:10913000B4170020E4170020F017002030030020AF
:109140002C030020A809002070B50446012C06D18C
:109150000B48008881B20B48006802F067F90421CF
:1091600020460CF0C3F945B2012C06D10448008812
:1091700081B20448006802F05BF9284670BD000027
:10918000300300202C03002070B50446012C06D1CA
:109190000B48008881B20B48006802F047F90621AD
:1091A00020460CF0A3F945B2012C06D104480088F2
:1091B00081B20448006802F03BF9284670BD000007
:1091C000300300202C0300202DE9FC410746012438
:1091D000022C05D100214A4800681FF067F804E01E
:1091E0000021484800681FF061F8474A52F82410EF
:1091F000464A52F82400FAF789FF454A52F82410EB
:10920000444A52F82400FAF781FF434A52F82410E6
:109210003E4A52F82400FAF779FF404A52F82410E7
:109220003C4A52F82400FAF771FF01208DF8000043
:109230008DF80170354951F8240001A9FBF744F974
:10924000344951F824006946FBF73EF92F4951F89B
:1092500024000221FBF736F92E4951F8240002219F
:10926000FBF730F9012C06D12D48008881B22D483A
:10927000006802F0DBF8254951F824000121FAF7D3
:1092800079FF244951F824000121FAF773FF264899
:10929000D0F8008000BF1C4A52F824101B4A52F834
:1092A0002400FBF71FF805462DB91F480068A0EB06
:1092B00008000A28EFD3012C06D11948008881B292
:1092C0001848006802F0B4F8104948680021FAF71D
:1092D00051FF104948680021FAF74CFF24B91348A0
:1092E00000681EF0D7FF03E0064800681EF0D2FFBA
:1092F00015B94FF0FF3600E000263046BDE8FC818E
:109300000803002004030020CC170020C017002011
:10931000D8170020B4170020E4170020F017002011
:10932000300300202C030020A8090020FC020020AC
:109330002DE9F04106460C46FFF76CFA0746092F67
:1093400001D000F015FAB6F5007F06D0B6F5806FB3
:109350001DD0B6F5006F19D13EE0424DFFF7D6FAA9
:1093600072B602213020FFF711FA00203E49087042
:10937000B4F5003F03D902213820FFF707FAFFF7C1
:109380006DFA62B64FF440303849086065E0384DF8
:10939000FFF7BCFA72B602214020FFF7F7F9B4F5E7
:1093A000003F03D902214820FFF7F0F9B4F5802FE0
:1093B00003D902215020FFF7E9F9B4F5C02F03D9F2
:1093C00002215820FFF7E2F9FFF748FA62B64FF49E
:1093D000E0202649086040E0264DFFF797FA72B674
:1093E0000221A020FFF7D2F9B4F5803F03D9022172
:1093F000A820FFF7CBF9B4F5403F03D90221B020F4
:10940000FFF7C4F9B4F5A02F03D90221B820FFF764
:10941000BDF9B4F5E02F03D90221C020FFF7B6F95A
:10942000B4F5102F03D90221C820FFF7AFF9B4F526
:10943000302F03D90221D020FFF7A8F9B4F5502F1F
:1094400003D90221D820FFF7A1F9FFF707FA62B686
:109450004FF470200549086000BF00BF2846BDE8F2
:10946000F08100000000040818040020140400200B
:10947000000008080000110870477047704710B5D9
:1094800019F018FD10BD10B5FEF72EFE10BD704787
:10949000704770472DE9FC413D4801683D48006830
:1094A0001EF004FF07461FB16FF00600BDE8FC8107
:1094B000394A1168394A1068FAF728FE384A1168A3
:1094C000384A1068FAF722FE374A1168334A1068A2
:1094D000FAF71CFE354A1168324A1068FAF716FE90
:1094E00000F06AF805208DF8000000208DF80100DA
:1094F0002A49086801A9FAF7E7FF2A490868694676
:10950000FAF7E2FF254908680221FAF7DBFF25494F
:1095100008680221FAF7D6FF1021254801F086FFDE
:109520001E4908680121FAF725FE1E490868012135
:10953000FAF720FE1F48066800BF174A1168174A4D
:109540001068FAF7CFFE044624B91A480068801B59
:109550006428F2D31021164801F06AFF0F49086809
:109560000021FAF707FE0F4908680021FAF702FE0A
:10957000084800681EF08EFE074614B94FF0FF350C
:1095800003E09DF8050000F0010528468EE7000085
:1095900000030020FC020020CC170020C017002090
:1095A000D8170020B4170020E4170020F01700207F
:1095B00000040240A809002070B50E4801680E485A
:1095C00000681EF073FE054615B16FF0060070BD11
:1095D00010210A4801F02AFF06200CF063F844B27B
:1095E0001021064801F024FF034800681EF052FED7
:1095F0002046ECE700030020FC02002000040240AB
:109600002DE9F0410746384602F082F90646082E59
:1096100001D3182E03D96FF00500BDE8F0810021B9
:10962000094800681EF042FE304600F095FD0446F1
:10963000092C01D065B200E00025034800681EF047
:1096400029FE2846E9E700009C0200202DE9F047AA
:1096500005460E4617461EF0A9FE814648461EF0F6
:10966000B1FE82466FF0010148461EF0B7FE0021B0
:109670000E4800681EF01AFE8046002407E03959A3
:10968000284600F0FFFD092800D12D1D241DB442FD
:10969000F5D3064800681EF0FDFD80465146484659
:1096A0001EF09CFE4FFA88F0BDE8F0879C02002077
:1096B0002DE9F04704460E4690461D48844202D3E9
:1096C0001C48844203D96FF00500BDE8F087A0195B
:1096D0001849884202D96FF00500F6E71EF066FED1
:1096E000814648461EF06EFE82466FF001014846F4
:1096F0001EF074FE0021104800681EF0D7FD0746DA
:10970000002508E018F80510204600F091FD092812
:1097100000D1641C6D1CB542F4D3074800681EF0EC
:10972000B9FD0746514648461EF058FE78B2CCE7D0
:1097300000400008FFFF00089C0200202DE9F041D6
:1097400004460D4616460021084800681EF0AEFD8E
:1097500007462A4621463046F7F705F803480068D1
:109760001EF098FD074678B2BDE8F0819C0200200B
:10977000F0200149086070470C3C02402DE9F04799
:1097800006460F46904672B6FFF744F88146B9F197
:10979000090F01D0FFF7ECFFFFF7B8F800240EE047
:1097A00058F804103019FFF789F80546092D05D03F
:1097B000FFF754F862B668B2BDE8F087241DBC42DA
:1097C000EED3FFF74BF862B60020F5E7F1B584B0B1
:1097D00048480168484800681EF068FD07461FB108
:1097E0006FF0060005B0F0BD00F042FC434A11687E
:1097F000434A1068FAF78AFC424A1168424A1068E4
:10980000FAF784FCD8208DF808000498C0B28DF8CF
:109810000B009DF811008DF80A009DF812008DF8DC
:1098200009003749086803A9FAF74EFE3649086867
:1098300002A9FAF749FE324908680421FAF742FE04
:10984000314908680421FAF73DFE3048008881B2AA
:109850002F48006801F0EAFD294908680121FAF75C
:1098600089FC294908680121FAF784FC2948056820
:1098700000BF224A1168224A1068FAF733FD0446F5
:1098800024B924480068401B0A28F2D301201EF0A6
:109890008BFC1E48008881B21D48006801F0C8FD9D
:1098A000174908680021FAF765FC17490868002184
:1098B000FAF760FC1748056800BF0A201EF074FC28
:1098C00001A800F079FA9DF8040000F0010030B121
:1098D00010480068401B40F6B8318842EDD3064876
:1098E00000681EF0D7FC14B94FF0FF3600E00026E8
:1098F000304677E700030020FC020020CC17002050
:10990000C0170020D8170020B41700204003002003
:109910003C030020A809002070B5144801681448D1
:1099200000681EF0C3FC054615B16FF0060070BD5F
:1099300000F09EFB01201EF037FC0E48008881B22B
:109940000D48006801F072FD98200BF00DFE44B246
:109950000848008881B20848006801F069FD0448A1
:1099600000681EF097FC2046E1E70000000300209D
:10997000FC020020400300203C0300202DE9F743B7
:1099800084B00C46904660480168604800681EF04C
:109990008DFC8146B9F1000F04D06FF0060007B0CE
:1099A000BDE8F083B4F5807F01DD4FF4807422467A
:1099B00041465748F6F7D7FE00F05AFB02A800F0E0
:1099C000FBF9544A1168544A1068FAF79FFB534A4E
:1099D0001168534A1068FAF799FB524A11684E4AC7
:1099E0001068FAF793FB504A11684D4A1068FAF76D
:1099F0008DFB4E48008881B24D48006801F016FD8D
:109A000002204349091F08700498C8709DF811008E
:109A100088709DF8120048703F49086803A9FAF75A
:109A200053FD3F4908683A49091FFAF74DFD221DC9
:109A300091B2394A1068FAF745FD221D91B2384AB1
:109A40001068FAF73FFD344908680021FAF703FD72
:109A5000314908680121FAF78DFB31490868012175
:109A6000FAF788FB3348066800BF2A4A11682A4A79
:109A70001068FAF737FC054625B92E480068801BA8
:109A80006428F2D301201EF08FFB2848008881B2A1
:109A90002748006801F0CCFC1F4908680021FAF74C
:109AA00069FB1F4908680021FAF764FB1A49086836
:109AB0000121FAF7D0FC0020019000BF01201EF028
:109AC00073FB01A800F078F99DF8040000F0010094
:109AD00028B118480068801BB0F57A7FEED30027C4
:109AE0009DF8040000F0010000B10127074800685C
:109AF0001EF0D0FB0FB1384651E715B94FF0FF37D4
:109B000000E0002738464AE700030020FC0200205E
:109B100010180020CC170020C0170020D8170020F4
:109B2000B4170020E4170020F017002040030020A5
:109B30003C030020A80900202DE9F74382B00C4621
:109B400017464B4801684B4800681EF0AFFB814642
:109B5000B9F1000F04D06FF0060005B0BDE8F08346
:109B6000B4F5007F01DD4FF40074434A1168434AA5
:109B70001068FAF7CBFA424A1168424A1068FAF7BD
:109B8000C5FA414A11683D4A1068FAF7BFFA3F4AE0
:109B900011683C4A1068FAF7B9FA03208DF80400FE
:109BA0000298C0B28DF807009DF809008DF80600F4
:109BB0009DF80A008DF80500304908683449FAF725
:109BC00083FC3049086801A9FAF77EFC221D91B296
:109BD0002A4A1068FAF776FC221D91B2294A1068C9
:109BE000FAF770FC2B48008881B22B48006801F01E
:109BF0001DFC224908680121FAF7BCFA21490868CE
:109C00000121FAF7B7FA2548D0F8008000BF1A4AB8
:109C100011681A4A1068FAF765FB05462DB91F4806
:109C20000068A0EB08000A28F1D31A48008881B226
:109C30001948006801F0FCFB104908680021FAF798
:109C400099FA104908680021FAF794FA15B94FF00B
:109C5000FF3606E022460E49091D3846F6F783FD19
:109C60000026044800681EF015FB304675E700002A
:109C700000030020FC020020CC170020C0170020A9
:109C8000D8170020B4170020E4170020F017002098
:109C90000C180020400300203C030020A8090020ED
:109CA0002DE9FC4104463B4801683B4800681EF032
:109CB000FDFA8046B8F1000F03D06FF00600BDE852
:109CC000FC819F208DF80000344A1168344A1068E6
:109CD000FAF71CFA334A1168334A1068FAF716FA91
:109CE0002F49086801A9FAF7EFFB2F490868694670
:109CF000FAF7EAFB2A4908680421FAF7E3FB2A4944
:109D000008680421FAF7DEFB2848008881B2284859
:109D1000006801F08BFB224908680121FAF72AFA52
:109D2000214908680121FAF725FA2248076800BF8F
:109D30001A4A11681A4A1068FAF7D4FA054625B982
:109D40001C480068C01B0A28F2D31848008881B25A
:109D50001748006801F06CFB114908680021FAF708
:109D600009FA114908680021FAF704FA0A4800685C
:109D70001EF090FA15B94FF0FF3609E09DF8050086
:109D800020709DF8060060709DF80700A070002606
:109D9000304694E700030020FC020020CC1700208E
:109DA000C0170020D8170020B4170020400300205F
:109DB0003C030020A80900202DE9FC410646384854
:109DC0000168384800681EF071FA8046B8F1000F4B
:109DD00003D06FF00600BDE8FC8105208DF800007F
:109DE000314A1168314A1068FAF790F9304A11681F
:109DF000304A1068FAF78AF92C49086801A9FAF77D
:109E000063FB2C4908686946FAF75EFB2749086836
:109E10000221FAF757FB274908680221FAF752FB9B
:109E20002548008881B22548006801F0FFFA1F49E3
:109E300008680121FAF79EF91E4908680121FAF71E
:109E400099F91F48076800BF174A1168174A106838
:109E5000FAF748FA044624B919480068381A0A285B
:109E6000F2D31548008881B21448006801F0E0FA86
:109E70000E4908680021FAF77DF90E4908680021AB
:109E8000FAF778F9074800681EF004FA14B94FF0A1
:109E9000FF3503E09DF805003070002528469AE75D
:109EA00000030020FC020020CC170020C017002077
:109EB000D8170020B4170020400300203C030020E6
:109EC000A8090020F1B584B05B4801685B480068D0
:109ED0001EF0ECF907461FB16FF0060005B0F0BDAB
:109EE00000F0C6F8564A1168564A1068FAF70EF99B
:109EF000554A1168554A1068FAF708F95149086837
:109F00005349FAF703F9514908685249FAF7FEF83C
:109F10004F493C315048FAF7F9F850494E487830EB
:109F2000FAF7F4F820208DF808000498C0B28DF8F4
:109F30000B009DF811008DF80A009DF812008DF8B5
:109F400009004049086803A9FAF7BEFA3F490868C2
:109F500002A9FAF7B9FA3B4908680421FAF7B2FAFC
:109F60003A4908680421FAF7ADFA3D48008881B201
:109F70003C48006801F05AFA324908680121FAF7B2
:109F8000F9F8324908680121FAF7F4F8364805680B
:109F900000BF2B4A11682B4A1068FAF7A3F9044650
:109FA00024B931480068401B0A28F2D301201EF072
:109FB000FBF82B48008881B22A48006801F038FA83
:109FC000204908680021FAF7D5F8204908680021DF
:109FD000FAF7D0F81D4908681E49FAF783F92349B2
:109FE00008700846007818B108460078401C0870D0
:109FF0001D4805684FF4FA701EF0D6F800BF0A201D
:10A000001EF0D2F801A8FFF7D7FE9DF8040000F07B
:10A01000010030B114480068401B40F6B831884256
:10A02000EDD3064800681EF035F914B94FF0FF363D
:10A0300000E00026304651E700030020FC0200202B
:10A04000CC170020C0170020D8170020B41700201C
:10A05000010080104000002010600240400F0020EE
:10A06000400300203C030020A809002059030020E1
:10A0700070B511480168114800681EF017F90546CF
:10A0800015B16FF0060070BD0D48008881B20D4813
:10A09000006801F0CBF906200BF066FA44B20848DC
:10A0A000008881B20748006801F0C2F903480068DF
:10A0B0001EF0F0F82046E6E700030020FC02002036
:10A0C000400300203C03002070B504460D466FF0AD
:10A0D0000706022C13D0032C02D00C2C14D100E064
:10A0E00000BF0B48007810B90A48007820B1284614
:10A0F000FFF7E8FE064601E06FF0060604E028469A
:10A10000FFF77EFA064600BF00BF304670BD000074
:10A110000F0300201003002070B504460D466FF0B9
:10A120000706032C02D00C2C0FD100E000BF08481A
:10A13000007810B90748007820B12846FFF746FBA1
:10A14000064601E06FF0060600BF00BF304670BD56
:10A150000F0300201003002070B504460925F320EA
:10A16000FEF70EFB00F01EF900F044F90546092D3C
:10A1700029D11748006820F4407015490860084646
:10A18000006840F4007008600846006820F0F8009D
:10A1900008600846006844F0020108430C49086062
:10A1A0000846006840F48030086000F023F9054656
:10A1B0000748006820F0020005490860084600686A
:10A1C00020F0F800086000F029F8284670BD000073
:10A1D000103C024009201049096801F48031B1F5B2
:10A1E000803F01D1012015E00B49096801F0100101
:10A1F00009B106200EE00849096801F0EF0109B134
:10A20000072007E00449096801F0020109B10820AC
:10A2100000E00920704700000C3C02400348006841
:10A2200040F000400149086070470000103C0240C7
:10A2300030B502460C46092500F0B4F800F0C4F829
:10A240000546092D17D10E48006820F440700C49CE
:10A2500008600846006808600846006840F0010091
:10A260000860147000F0B0F805460548006820F05A
:10A27000010003490860FFF7D1FF284630BD000008
:10A28000103C024030B502460C46092500F08AF821
:10A2900000F09AF805460F48006820F440700D4918
:10A2A00008600846006840F40070086008460068CE
:10A2B00040F001000860146000F086F8054605488B
:10A2C000006820F0010003490860FFF7A7FF284657
:10A2D00030BD0000103C02402DE9F04707460D4616
:10A2E00014461E466FF00708032F2AD004DC012F06
:10A2F00007D0022F4AD135E0092F3AD00C2F45D193
:10A3000020E024480078C8B115E0802C03D94FF034
:10A310008009803C01E0A14600241FFA89F2A9B21D
:10A3200033460120FEF7EAFC804680358036B8F1DE
:10A33000000F00D001E0002CE7D101E06FF006082B
:10A3400024E000BF1448007810B91448007830B1F8
:10A35000A1B232462846FFF7EFFB804601E06FF0DE
:10A36000060813E0A1B232462846FFF7E7F9804617
:10A370000CE00B48007830B1A1B2A8B2324600F030
:10A38000E9F9804601E06FF0060800BF00BF4046D3
:10A39000BDE8F0870D0300200F030020100300200C
:10A3A0000C0300200548006800F0004028B1044874
:10A3B00002490C390860034808607047103C0240AD
:10A3C00023016745AB89EFCD08B509200090FFF761
:10A3D00001FF009002E0FFF7FDFE00909DF80000F5
:10A3E0000128F8D000BF9DF800000128FBD09DF89F
:10A3F000000008BD08B509200090FFF7EBFE0090B3
:10A4000000BFFFF7E7FE00909DF80000012801D192
:10A410001DF0CAFE9DF800000128F2D09DF8000052
:10A4200008BD00002DE9F04781460D4614461E4642
:10A430006FF00707B9F1090F6FD009DCB9F1010F0F
:10A440000DD0B9F1020F6DD0B9F1030F24D142E064
:10A45000B9F10B0F21D0B9F10C0FF7D13CE0424814
:10A460000078B8B113E0802C03D94FF08008803C0D
:10A4700001E0A04600241FFA88F2A9B23346012069
:10A48000FEF72AFB07468035803607B101E0002C35
:10A49000E9D101E06FF0060761E034480078B8B117
:10A4A00013E0802C03D94FF08008803C01E0A046E7
:10A4B00000241FFA88F2A9B233460220FEF70CFBF3
:10A4C00007468035803607B101E0002CE9D101E074
:10A4D0006FF0060743E000BF2548007810B9254813
:10A4E0000078E0B116E0B4F5807F04D94FF48078AD
:10A4F000A4F5807401E0A04600241FFA88F13246DA
:10A500002846FFF73BFA074605F5807506F5807685
:10A5100007B101E0002CE6D103E013E002E06FF0A8
:10A5200006071CE0042C06D2324621462846FFF7D7
:10A53000BFF8074605E0324621462846FFF786F871
:10A5400007460CE00C48007830B1A1B2A8B2324600
:10A5500000F098F9074601E06FF0060700BF00BF62
:10A560003846BDE8F08700000D0300200E030020F0
:10A570000F030020100300200C0300202DE9F047FA
:10A5800081460E4615461C466FF00707B9F1030FCA
:10A590004AD006DCB9F1010F0AD0B9F1020F74D12B
:10A5A0005FE0B9F1090F63D0B9F10B0F6DD11DE078
:10A5B00038480078B8B113E0802C03D94FF08008F8
:10A5C000803C01E0A04600241FFA88F2A9B233467D
:10A5D0000120FEF793FB07468035803607B101E086
:10A5E000002CE9D101E06FF006074EE02A48007820
:10A5F000B8B113E0802C03D94FF08008803C01E013
:10A60000A04600241FFA88F2A9B233460220FEF7C2
:10A6100075FB07468035803607B101E0002CE9D193
:10A6200001E06FF0060730E01C480078B0B112E09E
:10A63000B4F5807F02D94FF4807800E0A046A1B243
:10A6400032462846FFF778FA074605F5807506F585
:10A650008076A4EB0804002CEAD101E06FF0060735
:10A6600013E0A1B232462846FFF768F807460CE02F
:10A670000B48007830B1A1B2A8B2324600F06AF8B7
:10A68000074601E06FF0060700BF00BF3846BDE88F
:10A69000F08700000D0300200E0300200F030020B0
:10A6A0000C0300200EB549E04FF0FF3100201DF0F3
:10A6B0004FFE8DE80700019C04F0010020B1204806
:10A6C000007808B918F0EEF904F0020008B1FDF7BF
:10A6D0000DFD04F0040020B11A48007808B918F004
:10A6E00003FA04F0080008B1FDF724FD04F010009F
:10A6F00008B1FEF7C4FE04F0200008B1FEF7C3FE67
:10A7000004F0400008B1FEF7C2FE04F0800008B17A
:10A71000FEF7BEFE04F4807008B1FEF7BAFE04F442
:10A72000007008B1FEF7A8FE04F4806008B1FEF7DF
:10A73000A4FE04F4006008B1FEF7A0FEB4E7000038
:10A740005C0300205D03002010B501201DF02CFDEE
:10A7500010BD00002DE9F04FA3B006460C4691460F
:10A760004FEA162BF0B20090802C00DD80243D488B
:10A7700001683D4800681DF099FD074627B16FF05C
:10A78000060023B0BDE8F08F384A1168384A1068D7
:10A79000F9F7BCFC374A1168374A1068F9F7B6FC7C
:10A7A00003208DF804008DF805B000988DF80600A0
:10A7B0002F49086802A9F9F787FE2F49086801A9FF
:10A7C000F9F782FEE21C91B2294A1068F9F77AFE85
:10A7D000E21C91B2284A1068F9F774FE102127484C
:10A7E00000F024FE224908680121F9F7C3FC224940
:10A7F00008680121F9F7BEFC2148D0F800A000BF8D
:10A800001A4A11681A4A1068F9F76CFD05462DB905
:10A810001B480068A0EB0A006428F1D301201DF05A
:10A82000C3FC1021154800F003FE114908680021FF
:10A83000F9F7A0FC104908680021F9F79BFC0A48C9
:10A8400000681DF027FD074615B94FF0FF3807E0F7
:10A8500022460DF10B014846F5F785FF4FF0000841
:10A8600040468EE700030020FC020020CC170020A9
:10A87000C0170020D8170020B417002000040240A1
:10A88000A80900202DE9F74F8AB080460C46002029
:10A890000390802C00DD80245A4801685A480068E3
:10A8A0001DF004FD8146B9F1000F04D06FF00600E1
:10A8B0000DB0BDE8F08F00BF4FEA1820029008F0FD
:10A8C000FF000190514A1168514A1068F9F71EFCC7
:10A8D000504A1168504A1068F9F718FC4F4A11683D
:10A8E0004B4A1068F9F712FC4D4A11684A4A106841
:10A8F000F9F70CFCFEF760FE082C05DD4FF0080BA5
:10A90000A4F1080084B201E0A346002402208DF8DF
:10A91000100002988DF8110001988DF812000027A0
:10A9200005E00C98C15D04AAF81C11547F1C5F451A
:10A93000F7DB3749086807A9F9F7C6FD3649086803
:10A9400004A9F9F7C1FD0BF1030291B2304A106876
:10A95000F9F7B8FD0BF1030291B22F4A1068F9F72D
:10A96000B1FD10212F4800F061FD2949086801213F
:10A97000F9F700FC284908680121F9F7FBFB2A4890
:10A98000D0F800A000BF214A1168214A1068F9F7E9
:10A99000A9FC05462DB924480068A0EB0A006428EC
:10A9A000F1D310211F4800F043FD19490868002128
:10A9B000F9F7E0FB184908680021F9F7DBFB1248BA
:10A9C00000681DF067FC814600BFFEF763FD039041
:10A9D000039828B114480068A0EB0A001428F4D3A7
:10A9E0001CB1039800283FF467AF15B94FF0FF364C
:10A9F00005E0039810B16FF0010600E00026304634
:10AA000056E7000000030020FC020020CC170020C5
:10AA1000C0170020D8170020B4170020E41700202A
:10AA2000F017002000040240A809002038B50446B1
:10AA3000CCB11B48007800F0010080BB012019490F
:10AA400008701748007820F00100401C1449087075
:10AA500008460078002213460146009040F61C404C
:10AA6000F8F786FD1BE00E48007800F00100B0B159
:10AA700000200C4908700C480068007878B9084834
:10AA8000007820F00100064908700846007800228E
:10AA900013460146009040F61C40F8F769FD38BDAA
:10AAA000F2060020C4060020C806002030B5034688
:10AAB0000C4619460A48007A01280FD109480D684A
:10AAC000C0F80F500D79C574D1F8055045614D7A25
:10AAD0000576D1F8055005604D7A0571002030BD2E
:10AAE0005CDF0020E8D8002030B503460C4619464C
:10AAF0000A48007A02280FD109480D68C0F80F50A3
:10AB00000D79C574D1F8055045614D7A0576D1F8B7
:10AB1000055005604D7A0571002030BD5CDF0020D6
:10AB2000E8D8002030B503460C4619460A48007A9A
:10AB300003280FD109480D68C0F80F500D79C5746E
:10AB4000D1F8055045614D7A0576D1F8055005607C
:10AB50004D7A0571002030BD5CDF0020E8D8002070
:10AB600030B503460C4619460A48007A04280FD12E
:10AB700009480D68C0F80F500D79C574D1F805501B
:10AB800045614D7A0576D1F8055005604D7A05711D
:10AB9000002030BD5CDF0020E8D8002030B503463F
:10ABA0000C4619460A48007A05280FD109480D6855
:10ABB000C0F80F500D79C574D1F8055045614D7A34
:10ABC0000576D1F8055005604D7A0571002030BD3D
:10ABD0005CDF0020E8D8002030B503460C4619465B
:10ABE0000A48007A06280FD109480D68C0F80F50AE
:10ABF0000D79C574D1F8055045614D7A0576D1F8C7
:10AC0000055005604D7A0571002030BD5CDF0020E5
:10AC1000E8D8002030B503460C4619460A48007AA9
:10AC200007280FD109480D68C0F80F500D79C57479
:10AC3000D1F8055045614D7A0576D1F8055005608B
:10AC40004D7A0571002030BD5CDF0020E8D800207F
:10AC500030B503460C4619460A48007A08280FD139
:10AC600009480D68C0F80F500D79C574D1F805502A
:10AC700045614D7A0576D1F8055005604D7A05712C
:10AC8000002030BD5CDF0020E8D800202DE9FE4F19
:10AC900005468A4690461F460D9E00240C98401E8D
:10ACA000009006EB8600FE4901EB800005EB850174
:10ACB0000844007920F0800006EB8601F84A02EB98
:10ACC000810105EB85021144087106EB8600F44909
:10ACD00001EB800005EB85010844C0F800A0BAF143
:10ACE000000F7CD197F90000012879D0032802D009
:10ACF000042876D100E000BF002479E197F9010033
:10AD0000032802D004286DD158E058F8240006EB3F
:10AD10008601E44A02EB011105EB850201EB820199
:10AD200004EB84021144086006EB8600DE4901EB67
:10AD3000001005EB850100EB810004EB8401084461
:10AD4000007964F3C71006EB8601D74A02EB0111C4
:10AD500005EB850201EB820104EB840211440871CA
:10AD60009FEDD20A10EE100A06EB8601CE4A02EBE6
:10AD7000011105EB850201EB820104EB8402114411
:10AD8000086006EB8600C74901EB001005EB850162
:10AD900000EB810004EB84010844007920F080007E
:10ADA00006EB8601BF4A02EB011105EB850201EBC0
:10ADB000820104EB84021144087117E158F8240061
:10ADC000029006EB8600B74901EB001005EB850108
:10ADD00000EB810004EB84010844007903E0ACE15E
:10ADE00031E1A9E16FE020F08000803006EB8601C0
:10ADF000AC4A02EB011105EB850201EB820104EB89
:10AE0000840211440871029820F00041C1F1FF4111
:10AE1000C90F69B306EB8600A34901EB001005EBEF
:10AE2000850100EB810004EB84010844007964F3A0
:10AE3000C71006EB86019C4A02EB011105EB850267
:10AE400001EB820104EB8402114408719FED970A23
:10AE500010EE100A06EB8601934A02EB011105EB96
:10AE6000850201EB820104EB84021144086029E0B1
:10AE700006EB86008C4901EB001005EB850100EB29
:10AE8000810004EB84010844007920F0800006EB87
:10AE90008601854A02EB011105EB850201EB820177
:10AEA00004EB84021144087106EB86017E4A02EB32
:10AEB000011105EB850201EB820104EB84021144D0
:10AEC0000298086092E038F9140000EE100AB8EE1B
:10AED000C00A8DED020A7649009851F82000801DC5
:10AEE00000EB8400B0F9020000EE100AB8EEC00AD0
:10AEF000DDED020A30EEC00A8DED020A009851F82D
:10AF00002000801D30F924B0BBF1000F03DACBF133
:10AF100000000FFA80FB002001901CE064490098BB
:10AF200051F82000801D30F92400002808DD9DED37
:10AF3000020AF2EE040A20EE200A8DED020A07E072
:10AF40009DED020AF2EE040A80EE201A8DED021A3F
:10AF50000198401C019001985845DFDB06EB860004
:10AF6000504901EB001005EB850100EB810004EB7B
:10AF700084010844007920F08000803006EB8601CF
:10AF8000484A02EB011105EB850201EB820104EB5B
:10AF900084021144087106EB8600434901EB00105E
:10AFA00005EB850100EB810004EB84010844007986
:10AFB00020F0800006EB86013B4A02EB011105EB15
:10AFC000850201EB820104EB84021144087106EB57
:10AFD0008601354A02EB011105EB850201EB820186
:10AFE00004EB840211440298086000BF00BF641C97
:10AFF000B888A0423FF782AE7878032811D106EBDB
:10B000008601284A02EB011105EB850201EB820063
:10B01000284901EB061151F8253039460C9A98471A
:10B0200010E006EB8601204A02EB011105EB8502D8
:10B0300001EB82001F4901EB061151F8253039461A
:10B040000C9A984778E0B888C11700EB5171C1F3AA
:10B05000C709B9F1000F6ED0002454E058F824005D
:10B0600006EB86010F4A02EB011105EB850201EBAD
:10B07000820104EB84021144086006EB86000A4951
:10B0800001EB001005EB850100EB810004EB84016E
:10B090000844007964F3C71006EB8601024A0BE00E
:10B0A00018F00020E0F0002040F00020FFFF7F7F3C
:10B0B000F80A0020F8EF002002EB011105EB8502F1
:10B0C00001EB820104EB84021144087106EB860057
:10B0D0004C4901EB001005EB850100EB810004EB0E
:10B0E00084010844007920F0800006EB8601454A7F
:10B0F00002EB011105EB850201EB820104EB8402F6
:10B1000011440871641C4FEAE97109EB9171B4EBC9
:10B11000A10FA3DB06EB86013A4A02EB011105EB16
:10B12000850201EB8200384901EB061151F8253008
:10B1300039460C9A984700BF61E000244BE006EBCB
:10B140008600304901EB001005EB850100EB810022
:10B1500004EB84010844007920F08000803006EB85
:10B160008601284A02EB011105EB850201EB820101
:10B1700004EB84021144087106EB8600234901EBBD
:10B18000001005EB850100EB810004EB840108440D
:10B19000007920F08000803006EB86011B4A02EB2C
:10B1A000011105EB850201EB820104EB84021144DD
:10B1B00008711FED420A10EE100A06EB8601134AD1
:10B1C00002EB011105EB850201EB820104EB840225
:10B1D00011440860641CB888A042B0DC06EB86010C
:10B1E0000A4A02EB011105EB850201EB82000649D8
:10B1F00001EB061151F8253039460C9A9847BDE805
:10B20000FE8F0000E0F00020F8EF002040F000206A
:10B21000F0B50A4600210023002400BF3DE00125CF
:10B2200005FA01F3156805EA03049C4234D1056868
:10B230004F000326BE40B543056015794E00B5406A
:10B240000668354305601579012D02D01579022D68
:10B2500016D185684F000326BE40B54385605579F9
:10B260004E00B540866835438560456801268E40AE
:10B27000B5434560456896798E40B6B23543456022
:10B28000C5684F000326BE40B543C560D5794E0062
:10B29000B540C6683543C560491C1029BFD3F0BD11
:10B2A000F0B5002300244D07ED0E02FA05F3CE1091
:10B2B00000F1200555F826504E07F70E0F26BE4028
:10B2C000B543CF1000F1200646F82750CE1000F10C
:10B2D000200555F8265045EA0304CE1000F120055C
:10B2E00045F82640F0BD000008B500BF00200090E2
:10B2F0004448006840F00100424908600846006880
:10B3000000F00100009000BF00BF00BF00200090CF
:10B310000846006840F0020008600846006800F037
:10B320000200009000BF00BF00BF00200090084650
:10B33000006840F0040008600846006800F004005F
:10B34000009000BF00BF00BF0020009008460068CA
:10B3500040F0080008600846006800F0080000900F
:10B3600000BF00BF00BF002000900846006840F00A
:10B37000100008600846006800F01000009000BF50
:10B3800000BF00BF002000900846006840F0200089
:10B3900008600846006800F02000009000BF00BF71
:10B3A00000BF002000900846006840F040000860A0
:10B3B0000846006800F04000009000BF00BF00BFDA
:10B3C000002000900846006840F0800008600846B1
:10B3D000006800F08000009000BF00BF00BF0020A8
:10B3E00000900846006840F48070086008460068D5
:10B3F00000F48070009000BF00BF0121880307F0B7
:10B40000F1FF08BD303802400246002013690B40AE
:10B410000BB1012000E00020704702460020536974
:10B420000B400BB1012000E00020704741837047C2
:10B430000183704702461248405C124B5B5C9842A5
:10B440001CD001EBC100104B03EB00200D4B5B5CEB
:10B4500003EBC30318440368136043685360007A26
:10B4600010720848405C401C064B58541846405C1B
:10B47000FF2801DD00205854012070470020FCE720
:10B48000590100205801002084270010024610486E
:10B49000405C104B5B5C984218D001EBC1000E4B36
:10B4A00003EBC0000B4B5B5C03EBC3031844036866
:10B4B000136043685360007A10720648405C401C79
:10B4C00000F00700034B5854012070470020FCE7B0
:10B4D0005B0100205A0100208430001030B5024684
:10B4E0004FF0FF30002309E01478C5B26C40054DE1
:10B4F00055F8244084EA1020521C5B1C8B42F3D385
:10B5000030BD000090C90308014800687047000082
:10B510001CDB0308024600207047024600207047EB
:10B520000148007870470000A803002070B5054668
:10B530000C461348005D1349095D88421ED004EB98
:10B54000840000EBC400104A02EB00200D4A125D9B
:10B5500002EB820303EBC20281180D222846F5F7A5
:10B5600002F90848005D401C064908550846005D80
:10B57000FF2801DD00200855012070BD0020FCE7F8
:10B5800055010020540100208409001070B50546C3
:10B590000C461148005D1149095D88421AD004EB40
:10B5A00004100F4A02EB00200C4A125D02EB02125B
:10B5B000811811222846F5F7D6F80848005D401C8E
:10B5C000064908550846005DFF2801DD00200855A2
:10B5D000012070BD0020FCE757010020560100202B
:10B5E0008416001002461248405C124B5B5C984285
:10B5F0001CD001EBC100104B03EB00200D4B5B5C3A
:10B6000003EBC30318440368136043685360007A74
:10B6100010720848405C401C064B58541846405C69
:10B62000FF2801DD00205854012070470020FCE76E
:10B630005D0100205C010020CC3000102DE9F047B6
:10B6400004460E4615461F462B4632462146032029
:10B65000FEF794FF8246A1464FF0000808E099F8F3
:10B660000000394619F038F909F1010908F101081B
:10B67000A845F4D35046BDE8F08700000EB5002081
:10B6800001901648807A00F0020028B1134801AA00
:10B690001E21036800209847BDF80400C0F3400154
:10B6A000029861F301000290BDF80400810802983D
:10B6B00061F3820002900298009960F30101009109
:10B6C00002988108009861F3820000900298C108F6
:10B6D000009861F3DF00009000980EBD004001204B
:10B6E00038B5002000900848807A00F0020028B1A8
:10B6F00005486A460121036800209847BDF800000C
:10B70000C0F38004204638BD00400120014611B935
:10B710006FF0040070470C48007900F0020010B987
:10B720004FF0FF30F6E70948026C100A48710A71C1
:10B730000648426C100EC870100C8870100A4870D1
:10B740000A700020E6E700000C4001200080024063
:10B7500030B500B930BD401E064A126802EBC03257
:10B76000D2E907459369526A81E83800CA6000BF90
:10B77000F0E70000F40300202DE9F04104460E46F6
:10B7800017461D460CB9BDE8F081641E07480068E5
:10B7900000EBC4303030AA087A4300EB82012A461D
:10B7A0003046F4F7E0FF00BFEDE70000F4030020AF
:10B7B000012003210A4A117001210A4A11704FF633
:10B7C000FF7101EAC001084A11800849084A116066
:10B7D0000921084A1170C100074A11607047000032
:10B7E0009002002091020020880200200004024004
:10B7F0008C02002092020020940200200EB50D4918
:10B80000098889B2ADF800100B49098889B2ADF8F2
:10B8100002100A490988C1F5F041064A126811442C
:10B8200001914FF4701102919DE80E0080E80E0026
:10B830000EBD0000FC090020000A0020C209002003
:10B840000EB50C490988ADF800100B490988ADF810
:10B85000021009490988C1F58051064A128811442D
:10B8600001914FF4803102919DE80E0080E80E00B6
:10B870000EBD0000C0090020C20900200EB50C4911
:10B880000988ADF800100B490988ADF802100A4983
:10B890000988C1F58051064A1288114401914FF47C
:10B8A000803102919DE80E0080E80E000EBD000080
:10B8B000E0090020E2090020C20900201048807938
:10B8C000104A02EB401001680D48007900F00200B8
:10B8D00008B90020704701F0004008B10020F9E7E6
:10B8E00001F4004028B901F4007010B101F4807037
:10B8F00010B94FF0FF30EDE7C1F30D40001FE9E74D
:10B900000C4001201840012001464FF0FF307047E5
:10B91000014600202C4A914203D2B1F1006F00D3BE
:10B9200050E02A4A914204D2274A914201D308208A
:10B9300048E0274A914204D2244A914201D3102080
:10B9400040E0244A914204D2214A914201D3182076
:10B9500038E0214A914204D21E4A914201D320206C
:10B9600030E01E4A914204D21B4A914201D3282062
:10B9700028E01B4A914204D2184A914201D3302058
:10B9800020E0184A914204D2154A914201D338204E
:10B9900018E0154A914204D2124A914201D3402044
:10B9A00010E0124A914204D20F4A914201D348203A
:10B9B00008E00F4A914204D20C4A914201D3502030
:10B9C00000E0582070470000004000080080000898
:10B9D00000C0000800000108000002080000040880
:10B9E000000006080000080800000A0800000C0813
:10B9F00000000E087CB504460B460125062C74D2C7
:10BA0000DFE804F090031F3B5774002116E001EBC0
:10BA100041005C4E06EB40005E5C30F81600001200
:10BA200001AE705401EB4100564E06EB40005E5CE7
:10BA300010F816000DF80100481C81B20329E6DB5E
:10BA400073E0002116E001EB41004F4E06EB400091
:10BA50005E5C30F81600001201AE705401EB41003C
:10BA6000494E06EB40005E5C10F816000DF8010030
:10BA7000481C81B20329E6DB57E0002116E001EB08
:10BA80004100424E06EB40005E5C30F816000012AA
:10BA900001AE705401EB41003C4E06EB40005E5C91
:10BAA00010F816000DF80100481C81B20329E6DBEE
:10BAB0003BE0002116E001EB4100354E06EB400073
:10BAC0005E5C30F81600001201AE705401EB4100CC
:10BAD0002F4E06EB40005E5C10F816000DF80100DA
:10BAE000481C81B20329E6DB1FE01BE0002116E0C1
:10BAF00001EB4100274E06EB40005E5C30F816007B
:10BB0000001201AE705401EB4100224E06EB4000E2
:10BB10005E5C10F816000DF80100481C81B2032984
:10BB2000E6DB02E04FF0FF307CBD00BF9DF8040073
:10BB3000194E56F8200010609DF8000005FA00F03C
:10BB400090809DF8000090719DF8050056F8200047
:10BB500090609DF8010005FA00F090819DF8016069
:10BB600096739DF806000C4E56F8200010619DF863
:10BB7000020005FA00F090829DF8026096750020A0
:10BB8000D2E7000068D003087AD003088CD00308FD
:10BB90009ED00308B0D00308E00800200246094800
:10BBA00001684068C2E9001007495068096849689F
:10BBB000884204D0034801684068C2E90010D2E915
:10BBC0000001704710020020280200200148006890
:10BBD0004068704728020020014680200860014824
:10BBE0007047000068D8002001464FF0FF307047D2
:10BBF0000A490888C0F30B0040F21942904201D173
:10BC0000022070470888C0F30B0040F213429042B4
:10BC100001D10120F5E70020F3E70000002004E057
:10BC200008B502480068009008BD0000ACDA0308BF
:10BC300008B502480068009008BD000018DB030842
:10BC400008B50E480078A8B10221012007F0C4FE13
:10BC50000320012300900A4802680020014607F0F3
:10BC6000C5FA11200AF0B4F964201CF09DFA09F01D
:10BC7000EFFA02E00C200AF009F908BD28040020C0
:10BC80002C040020F0B50C460025002200230021E2
:10BC900097E0012606FA01F504EA0502AA427DD1E1
:10BCA00006684FEA410C032707FA0CF7BE4306600B
:10BCB000CF0800F1200656F827604F074FEAD76CEF
:10BCC0000F2707FA0CF7BE434FEAD10C00F120070B
:10BCD00047F82C6086684FEA410C032707FA0CF7F7
:10BCE000BE438660476801268E40B7434760C668FA
:10BCF0004FEA410C032707FA0CF7BE43C660334EE8
:10BD00008F0856F827308E07370F0F26BE40334076
:10BD10002F4EB04201D1002628E02E4EB04201D174
:10BD2000012623E02C4EB04201D102261EE02B4E0C
:10BD3000B04201D1032619E0294EB04201D10426B8
:10BD400014E0284EB04201D105260FE0264EB04245
:10BD500001D106260AE0254EB04201D1072605E0B2
:10BD6000234EB04201D1082600E009268F073F0F7D
:10BD7000BE409E4224D18E07370F0F2606FA07F3E6
:10BD8000124E8F0856F827609E43104F4FEA910CD1
:10BD900047F82C60174E3668964300E010E0154FC8
:10BDA0003E603E1D366896433F1D3E603E1D366830
:10BDB00096433F1D3E603E1D366896433F1D3E60E4
:10BDC000491C1029FFF465AFF0BD000008380140A0
:10BDD000000002400004024000080240000C024043
:10BDE000001002400014024000180240001C0240F3
:10BDF00000200240003C0140F8B502460B460025F9
:10BE0000002400200021E1E0012606FA01F51E6869
:10BE100006EA0504AC4273D15E68022E02D05E6869
:10BE2000122E13D1CF0802F1200656F827004E0734
:10BE3000F70E0F26BE40B0434F07FF0E1E69BE40EF
:10BE40003043CF0802F1200646F8270010684F0063
:10BE50000326BE40B0431E7906F003064F00BE40E5
:10BE6000304310605E68012E08D05E68022E05D057
:10BE70005E68112E02D05E68122E13D190684F00BA
:10BE80000326BE40B0434F00DE68BE4030439060A2
:10BE9000506801268E40B0431E79C6F300168E40CE
:10BEA00030435060D0684F000326BE40B0434F007F
:10BEB0009E68BE403043D0605E6806F08056B6F1A2
:10BEC000805FA8D100BF00260096424E366846F437
:10BED0008046404F3E603E46366806F480460096F7
:10BEE00000BF00BF3C4E8F0856F827008E07370F63
:10BEF0000F26BE40B043394EB24202D1002629E09F
:10BF000063E0374EB24201D1012623E0354EB24202
:10BF100001D102261EE0344EB24201D1032619E0BF
:10BF2000324EB24201D1042614E0314EB24201D168
:10BF300005260FE02F4EB24201D106260AE02E4E12
:10BF4000B24201D1072605E02C4EB24201D10826AB
:10BF500000E009268F073F0FBE4030431E4E8F087A
:10BF600046F82700264E3068A0435E6806F4803607
:10BF7000B6F5803F00D12043214E3060361D306839
:10BF8000A0435E6806F40036B6F5003F00D12043BA
:10BF90001B4E361D3060361D3068A0435E6806F4C7
:10BFA0008016B6F5801F00D12043154E083630604C
:10BFB000361D3068A0435E6806F40016B6F5001F13
:10BFC00000D120430E4E0C363060491C1029FFF47E
:10BFD0001BAFF8BD44380240083801400000024061
:10BFE0000004024000080240000C02400010024021
:10BFF0000014024000180240001C024000200240D1
:10C00000003C01400148006870470000980B002088
:10C0100010B504460CB9012010BD607B20B900208A
:10C020002073204600F01AF80220607345F2555044
:10C03000216808602068406820F0070061680843B4
:10C0400021684860206880686FF30B00A16808438E
:10C0500021688860012060730020DDE7704770B5BB
:10C060000446002500BF207B012801D1022070BDBD
:10C070000120207300BF02206073FFF7C3FF054655
:10C080000DE0FFF7BFFF401BB0F57A7F07D9032013
:10C09000607300BF0020207300BF0320E7E7206823
:10C0A000C068C0F340000028EBD14AF6AA202168FE
:10C0B00008600120607300BF0020207300BF00BF34
:10C0C000D5E7014600BF087B012801D10220704757
:10C0D0000120087300BF022048734CF6CC400A6868
:10C0E00010604AF6AA200A6810600120487300BF59
:10C0F0000020087300BF00BFE9E770B5044600F0F8
:10C10000A5F94FF47A71B0FBF1F5284600F072FC06
:10C1100000222146501E00F002F8002070BD2DE9DB
:10C12000F05F80460D461646002717F0E5FA0746F1
:10C1300039462A46334601F00700C0F1070ABAF132
:10C14000040F02D94FF0040A01E0C0F1070AD146FA
:10C1500000F1040ABAF1070F02D24FF0000A01E021
:10C16000A0F1030AD4464FF0010A0AFA09FAAAF12B
:10C17000010A0AEA020A0AFA0CFA4FF0010B0BFA5A
:10C180000CFBABF1010B0BEA030B4AEA0B04214653
:10C19000404617F0B9FABDE8F09F000070B50446BC
:10C1A0000E460025A748006800F00F00B0426FD28D
:10C1B000A4490E700846006800F00F00B04201D09C
:10C1C000012070BD207800F00200022807D19E48AF
:10C1D000006820F0F000A16808439B4908602078BF
:10C1E00000F0010000283ED06068012807D1964881
:10C1F00008380068C0F34040B8B90120E1E7606842
:10C20000022802D06068032807D18F4808380068E8
:10C21000C0F3406048B90120D3E78B480838006874
:10C22000C0F3400008B90120CBE78748006820F040
:10C2300003006168084384490860FFF7E3FE054690
:10C240006068012810D108E0FFF7DCFE401B41F2D6
:10C250008831884201D90320B3E77B48006800F0A9
:10C260000C000428F0D1CDE06068022811D108E06C
:10C27000FFF7C8FE401B41F28831884201D90320F4
:10C280009FE77148006800F00C000828F0D1B9E081
:10C2900024E06068032810D108E0FFF7B3FE401BDC
:10C2A00041F28831884201D903208AE76648006854
:10C2B00000F00C000328F0D1A4E008E0FFF7A2FE94
:10C2C000401B41F28831884201D9032079E75E485A
:10C2D000006800F00C000028F0D193E0207800F016
:10C2E0000200022807D15848006820F0F000A16839
:10C2F000084355490860207800F00100002877D0F5
:10C300006068012807D1504808380068C0F34040F1
:10C31000B8B9012055E76068022802D06068032898
:10C3200007D1494808380068C0F3406048B9012087
:10C3300047E7454808380068C0F3400008B90120C5
:10C340003FE74148006820F00300616808433E4928
:10C350000860FFF757FE05466068012810D108E025
:10C36000FFF750FE401B41F28831884201D903207B
:10C3700027E73548006800F00C000428F0D137E0CA
:10C380006068022810D108E0FFF73CFE401B41F234
:10C390008831884201D9032013E72B48006800F058
:10C3A0000C000828F0D123E06068032810D108E0D1
:10C3B000FFF728FE401B41F28831884201D9032053
:10C3C000FFE62148006800F00C000328F0D10FE0E0
:10C3D00008E0FFF717FE401B41F28831884201D97F
:10C3E0000320EEE61848006800F00C000028F0D1A9
:10C3F00014490E700846006800F00F00B04201D0EA
:10C400000120DEE6207800F00400042807D10E4861
:10C41000006820F4E050E16808430B490860207888
:10C4200000F00800082808D10748006820F46040A0
:10C43000216940EAC100044908600F20FFF75DFE52
:10C440000020BEE6003C02400838024010B500F073
:10C4500019F80949096801F0F001F02292FAA2F2F4
:10C46000B2FA82F2D140054A515CC84004490860E2
:10C470000846006810BD000008380240B4DB03081D
:10C480009C0B002070B50021002200230020274CC7
:10C49000246804F00C0424B1042C04D0082C41D1ED
:10C4A00003E0234840E023483EE0204C241F24685A
:10C4B00004F03F011D4C241F246804F4800484B15F
:10C4C0001C4CB4FBF1F5194C241F246847F6C076C8
:10C4D000344096FAA6F6B6FA86F6F44005FB04F266
:10C4E0000FE0134CB4FBF1F5104C241F246847F601
:10C4F000C076344096FAA6F6B6FA86F6F44005FB06
:10C5000004F20A4C241F246804F440344FF44035EC
:10C5100095FAA5F5B5FA85F5EC40641C6300B2FB0D
:10C52000F3F001E0024800BF00BF70BD08380240D0
:10C530000024F40040787D0170B586B006460C46B4
:10C54000154646BB00BF002000902848006840F018
:10C550000100264908600846006800F001000090CC
:10C5600000BF00BF881501900220029003200490B4
:10C5700000200390059001A91D48FFF73DFC1B48D2
:10C580002838006820F0EC6044EA050108431749A8
:10C590002839086027E000BF002000901348006899
:10C5A00040F00400114908600846006800F00400EB
:10C5B000009000BF00BF48150190022002900320A8
:10C5C000049000200390059001A90A48FFF714FC8D
:10C5D00006482838006820F0784044EAC50108433E
:10C5E00002492839086006B070BD000030380240AA
:10C5F000000002400008024038B5044600252078BB
:10C6000000F00100002860D0F648006800F00C003F
:10C6100004280DD0F348006800F00C00082813D15E
:10C62000F048001F006800F48000B0F5800F0BD1C7
:10C63000EC4808380068C0F34040002845D06068E6
:10C64000002842D1012038BD0020E649891F08702A
:10C65000FFF7D8FC054606E0FFF7D4FC401B642832
:10C6600001D90320EFE7DF4808380068C0F34040F5
:10C670000028F1D12079DB49891F0870606890B1EA
:10C68000FFF7C0FC054606E0FFF7BCFC401B642832
:10C6900001D90320D7E7D34808380068C0F34040E9
:10C6A0000028F1D011E0FFF7ADFC054606E0FFF7EA
:10C6B000A9FC401B642801D90320C4E7C9480838F5
:10C6C0000068C0F340400028F1D1207800F002005B
:10C6D000022869D1C348006800F00C0058B1C14875
:10C6E000006800F00C00082821D1BE48001F006837
:10C6F00000F48000D8B9BB4808380068C0F3400097
:10C7000020B1E068012801D001209CE7B548083835
:10C71000006820F0F800F82292FAA2F2B2FA82F24F
:10C72000216991400843AF49083908603CE0E0685E
:10C7300028B30120AC490860FFF764FC054606E019
:10C74000FFF760FC401B642801D903207BE7A54864
:10C7500008380068C0F340000028F1D0A14808382C
:10C76000006820F0F800F82292FAA2F2B2FA82F2FF
:10C770002169914008439B490839086014E0002072
:10C7800099490860FFF73EFC054606E0FFF73AFCD2
:10C79000401B642801D9032055E7924808380068F7
:10C7A000C0F340000028F1D1207800F008000828EC
:10C7B0002CD16069A8B101208C490860FFF722FCE8
:10C7C000054606E0FFF71EFC401B642801D9032044
:10C7D00039E784486C300068C0F340000028F1D08D
:10C7E00014E0002081490860FFF70CFC054606E0D4
:10C7F000FFF708FC401B642801D9032023E7794890
:10C800006C300068C0F340000028F1D1207800F0BF
:10C81000040004286FD100BF002000907148383018
:10C82000006840F080506F49383108600846006861
:10C8300000F08050009000BF00BF6D48006840F4D9
:10C8400080706B490860FFF7DDFB054606E0FFF7E7
:10C85000D9FB401B642801D90320F4E66448006832
:10C8600000F480700028F2D000205E496831087022
:10C87000FFF7C8FB054608E0FFF7C4FB401B41F289
:10C880008831884201D90320DDE6564868300068C7
:10C89000C0F340000028EFD1207A52496831087077
:10C8A000A068A0B1FFF7AEFB054608E0FFF7AAFBC2
:10C8B000401B41F28831884201D90320C3E6494830
:10C8C00068300068C0F340000028EFD013E0FFF7A5
:10C8D00099FB054608E0FFF795FB401B41F28831C4
:10C8E000884201D90320AEE63E4868300068C0F3B4
:10C8F00040000028EFD1A069F0B33A48006800F08A
:10C900000C00082869D0A069022850D100203649BF
:10C910000866FFF777FB054606E0FFF773FB401B51
:10C92000642801D903208EE62E4808380068C0F339
:10C9300040600028F1D1D4E90701084347F6C072EE
:10C9400092FAA2F2B2FA82F2616A9140084301229D
:10C95000A16AC2EB51014FF4403292FAA2F2B2FA4C
:10C9600082F2914008434FF0706292FAA2F2B2FA5A
:10C9700082F2E16A914000E031E008431949091F61
:10C980000860012018490866FFF73CFB054606E0F1
:10C99000FFF738FB401B642801D9032053E61148F8
:10C9A00008380068C0F340600028F1D017E000208C
:10C9B0000D490866FFF726FB054606E0FFF722FB58
:10C9C000401B642801D903203DE60648083800686A
:10C9D000C0F340600028F1D101E0012033E60020DF
:10C9E00031E600000838024000004742800E47420E
:10C9F0000070004070B504462546681EB0F1807F87
:10CA000001D301200FE0681E4FF0E02148610F21A3
:10CA10004FF0FF3016F078FE00204FF0E0218861E3
:10CA200007200861002070BD10B504460CB9012034
:10CA300010BD607C20B900202074204600F018F85A
:10CA400002206074D4E901010843216849686FF34A
:10CA500008010843216848602068006820F07F00D2
:10CA6000E168084321680860012060740020DFE766
:10CA70007047014600BF087C012801D102207047A1
:10CA80000120087400BF022048740868006840F064
:10CA900080000A6810600120487400BF00200874FC
:10CAA00000BF00BFEBE7000001460448007810B16A
:10CAB0000248007870470020FCE70000D203002005
:10CAC0000020014908707047D203002070B5064667
:10CAD0000D4614460C480078844209DD0A48027865
:10CAE0000A492846F3F73FFE00200749087004E092
:10CAF000224606492846F3F736FE03480078001B15
:10CB00000149087070BD0000D2030020A01E002063
:10CB100010B51D48007800F0020020B11B480068E5
:10CB20001B4908600DE01848007800F0010020B1B2
:10CB3000184800681649086003E01748006814495F
:10CB4000086016480068401C1449086008460068E0
:10CB50000F490968884216D900201049086010481A
:10CB6000006840B10F4908690421FEF75FFC00200E
:10CB70000B49086007E00B4908690421FEF758FCDF
:10CB800001200749086010BD98090020880900208D
:10CB90008C090020840900208009002090090020D1
:10CBA00094090020E008002010B5082001F054FC92
:10CBB00010B101201049087008F008F800F06CF975
:10CBC00000F06EFFFBF784FB012000F01DF80E2043
:10CBD00000F08AFD094CF5F7DDFCC4E90001F6F729
:10CBE0008BF90749086000F06BF9FFF701F8054978
:10CBF000088000F031FE10BD24000020100200204B
:10CC0000140000202600002070B505466DB10121FA
:10CC1000880406F0B7FB0121080706F0C3FB0120DA
:10CC200005F0BCFE012005F0C5FE064C4AF61121B8
:10CC30002068884202D00846206002E001200249B4
:10CC4000086070BDFC4F02402000002070B590B01D
:10CC500004460D461646E068012106F093FB206865
:10CC6000F7F794FAA06801906068001D02900395A0
:10CC70004020049005200590002006904FF480602D
:10CC800007900020089009900A904FF400300B9014
:10CC900000200E900F900C900D90206801A9F7F7DE
:10CCA000E5FB207C31460AF0B7FC207C8DF80000C3
:10CCB000A07C8DF80100A07C8DF8020001208DF889
:10CCC0000300684605F072FB10B070BD0048704765
:10CCD000FCD903080048704718DA030810B5002093
:10CCE00005490870084605490860032000F00EFA5F
:10CCF00001200349087010BD00800010F4030020DB
:10CD0000F003002010B50022064942F2107001F035
:10CD10005DFF05490870002104481BF025FB04490C
:10CD2000086010BDA18A02085E0300206CB90308E8
:10CD3000600300201CB50446E41CE27AE17854F854
:10CD4000030CFEF7ADFAE27AA17A6068FEF7A8FA62
:10CD5000B4F80100009002208DF804008DF8050061
:10CD600000208DF8060001208DF8070054F8030C10
:10CD70006946FEF74DFA2089009060686946FEF723
:10CD800047FA208A009001208DF805008DF80400F4
:10CD900000208DF8060001208DF80700E068694644
:10CDA000FEF736FA218AE068E41EFEF73FFB1CBD61
:10CDB000F8B504460E461746102C23D2DFE804F0DF
:10CDC00008090A0B0C0D0E1214151617181C1D1E3F
:10CDD00000BF00BF00BF00BF00BF00BF04F10B00D9
:10CDE000C5B20FE02F250DE000BF00BF00BF00BFA0
:10CDF00004F13000C5B205E000BF00BF04F1370008
:10CE0000C5B200BF00BF394628460AF005FC8DF8C0
:10CE100000508DF8016008208DF8020001208DF887
:10CE20000300684605F0C2FAF8BDF8B505460E469F
:10CE30001746102D1DD2DFE805F008090A0B0C0F6C
:10CE40001011121315161718191A00BF00BF00BFD2
:10CE500000BFA81DC4B20CE000BF00BF00BF00BFF0
:10CE6000172406E000BF00BF00BF00BF00BF28249A
:10CE700000BF00BF394620460AF0CEFB8DF80040C7
:10CE80008DF8016007208DF8020001208DF8030065
:10CE9000684605F08BFAF8BD10B5074807490860E9
:10CEA0000420486040F6FF7104488160FFF7B0F845
:10CEB0000248FFF706F910BD00300040E40C0020E6
:10CEC0001CB50420009001208DF8040002208DF88C
:10CED000050000208DF8060001208DF807000D499F
:10CEE00008696946FEF794F932200B4908607D20F5
:10CEF0000A4908600C200A490860012209490A20F1
:10CF000001F064FE08490870084600780BF0AEFD99
:10CF10001CBD0000E00800208009002084090020DA
:10CF20008809002011CB01089909002010B504469A
:10CF300000F00AF9002109481BF016FA08490860B8
:10CF4000012008490870002207494FF4FA6001F0F7
:10CF50003DFE064908700648046010BD90D20308E3
:10CF6000EC090020F4090020B58A02080C0A002010
:10CF7000100A002070B586B00446002560E0002647
:10CF80001DE004EB8400474901EB001005EB85012F
:10CF900000EB810006EB86010844007920F0800058
:10CFA000803004EB84013F4A02EB011105EB85025E
:10CFB00001EB820106EB860211440871761C042EF7
:10CFC000DFDB01200022CDE901020390049004EB95
:10CFD0008401344B03EB011105EB850301EB830264
:10CFE000691C01EB810140F6D86303EB410104EBBE
:10CFF000C40303EB041301EB8301009088B20D23FB
:10D00000042109F071FA012C19D104EB8401254B9C
:10D0100003EB011105EB850301EB8302691C01EBB6
:10D02000810140F6D86303EB410104EBC40303EB39
:10D03000041301EB830188B204210AF003F96D1C8B
:10D04000042D9CDB01200022CDE901020390049015
:10D0500004EB8401144B03EB810204EBC40101EBEC
:10D06000041140F6D86303EB8101009088B20723D6
:10D07000042109F039FA012C10D104EB84010A4B88
:10D0800003EB810204EBC40101EB041140F6D86309
:10D0900003EB810188B204210AF0A0F8002006B059
:10D0A00070BD000040F0002018F0002010B5FFF720
:10D0B0000DFE0C490860FFF70DFE0A4948600A485A
:10D0C0000A4908600A4848600A4888600A48C860F7
:10D0D0000A4808610A49054841610A4981610A49CB
:10D0E000C16110BDF80A0020ADAA0108F8EF0020C8
:10D0F000E9AA010825AB010861AB01089DAB010855
:10D10000D9AB010815AC010851AC010870B5044653
:10D1100023460A4A002140F2E930F6F701FB0546B2
:10D12000074805800623054A4FF4004140F2E930E4
:10D13000F6F726FB05460348058070BDE14A020864
:10D140000C0400200E0400203EB504239A0302A91B
:10D150000320FDF713FA0298401C00283FD1042356
:10D160004FF4883201A90320FDF708FA0198401C0A
:10D1700048B9002052490860524908605249086085
:10D180005249086095E00423514A69460320FDF79F
:10D19000F5F90098401CA0B904234D4A803A01A932
:10D1A0000320FDF7EBF91F20454908602020454981
:10D1B000086047F2DF7044490860444901980860FC
:10D1C00077E000203E49086020203E49086047F291
:10D1D000E0703D4908603D490098086069E004231B
:10D1E0003B4A69460320FDF7C9F9012414E0E00138
:10D1F00000F58032042302A90320FDF7BFF902984D
:10D20000401C10B92E48046009E0C4F30B0010B9AB
:10D2100001201AF0C9FF641CB4F5F04FE7D300BF3A
:10D220000098401C88B9601EC00100F580320423BC
:10D2300001A90320FDF7A2F9002022490860224835
:10D24000046022490198086033E01D480068401CD2
:10D25000C00100F58032042301A90320FDF78EF9F7
:10D2600017480068441C20E01A480460E00100F5FB
:10D270008032042302A90320FDF780F90298401CA4
:10D2800060B110480460C4F5F0400D4909680844D5
:10D290000D4908600D490198086009E0C4F30B00CE
:10D2A00010B901201AF080FF641CB4F5F04FDBD3F5
:10D2B00000BF05480068400A074908603EBD0000FD
:10D2C000FC090020000A0020040A0020F0090020C8
:10D2D00080FF3C00080A0020140A0020F8B504234F
:10D2E000344A69460320FDF749F90098401C08B903
:10D2F000002600E0012604232F4A69460320FDF79B
:10D300003DF90098401CF0B936B100202B49088047
:10D3100010202B4908804BE004232A4A6946032049
:10D32000FDF72CF90098401C28B9002023490880FB
:10D33000234908803CE040F6FF7020490880002027
:10D340001F49088034E001242EE01B4800EB041242
:10D35000042369460320FDF711F90098401CE8B941
:10D3600016490C80B6B9254612E06D1CB5F5805FF4
:10D3700000DB0025104800EB05120423694603205A
:10D38000FDF7FCF80098401C10B10D490D8000E03D
:10D39000EBE702E000200A49088008E0E0B210B99B
:10D3A00001201AF001FF641CB4F5805FCDDB00BFE3
:10D3B000F8BD0000F40F3E0004003E00C00900204C
:10D3C000C2090020E4FF3E00F8B504233F4A694645
:10D3D0000320FDF7D3F80098401C08B9002600E0B0
:10D3E000012604233A4A69460320FDF7C7F800984E
:10D3F000401CF8B936B10020364908801020364963
:10D40000088061E00423314A103A69460320FDF7A1
:10D41000B5F80098401C28B900202E4908802E49F4
:10D42000088051E040F6FF702A49088000202A4910
:10D43000088049E0012443E028480068401C27494F
:10D440000860234800EB0412042369460320FDF71B
:10D4500095F80098401C60BB1E490C802EBB2546E9
:10D4600021E01F480068401C1D490860084600680C
:10D47000B0F57A7F04D10020086001201AF094FEF4
:10D480006D1CB5F5805F00DB0025114800EB05122F
:10D49000042369460320FDF771F80098401C10B181
:10D4A0000D490D8000E0DCE702E000200A49088019
:10D4B00009E0C4F30B0010B901201AF075FE641CDA
:10D4C000B4F5805FB8DB00BFF8BD0000F4FF3D009D
:10D4D00004003D00E0090020E2090020D8090020F6
:10D4E000DC09002010B5FFF7F9FE012003490870A0
:10D4F0000121034800681AF01FFF10BDCE0900206B
:10D50000600300201FB504460121202005F04AFFDA
:10D5100014480BF081FC45F2072002900020ADF882
:10D520000400ADF80C00ADF8060001210D480BF029
:10D5300052FC01A90B480BF01BFF37208DF80000AF
:10D540008DF8014000208DF8020001208DF80300C5
:10D55000684604F02BFF0122114602480BF0E2FD61
:10D560001FBD00000014004010B5002102481AF051
:10D57000FBFE0249086010BD34DA0308540B00209A
:10D580002DE9F0418AB004460F4690462068504984
:10D59000884203D020684F49884204D16068012145
:10D5A00005F020FF03E06068012105F0FBFE4A481A
:10D5B000B0FBF7F5B7F5165F0CD905F2D660474911
:10D5C000088005F2EE204649088005F2D6604549FC
:10D5D000088013E005F0010018B1012000EB5506AA
:10D5E00000E0760806EB85003C49088006EB450024
:10D5F0003B49088006EB85003A49088020680BF01B
:10D600000BFC4FF6FF7008905320ADF81C00002073
:10D61000ADF82400ADF81E00206807A90BF0A8FEA5
:10D620000020ADF80800ADF80A002C4800880490EE
:10D630000220ADF81400206802A90BF07FFD2068DD
:10D6400000210BF0BBFD0020ADF80800ADF80A008A
:10D65000ADF80A002248008804900220ADF81400BA
:10D66000206802A90BF0B4FD206800210BF004FE35
:10D670000020ADF80800ADF80A00ADF80A0019481E
:10D68000008804900220ADF81400206802A90BF075
:10D6900001FE206800210BF04FFE207A414609F080
:10D6A000BBFF207A8DF80400A07A8DF805000020D9
:10D6B0008DF8060001208DF8070001A804F076FE21
:10D6C000206802210BF07FFB0AB0BDE8F08100006A
:10D6D000000001400004014080969800C40A002028
:10D6E000C60A0020C80A00201FB50446062009F01B
:10D6F0003BFF01211B48006805F054FE1A480068F2
:10D700000BF08AFB40F2E73002905320ADF80400A2
:10D710000020ADF80C00ADF8060001A91248006821
:10D720000BF026FE0121104800680BF054FB0F4956
:10D730000F48007809F070FF0D4800788DF8000060
:10D740008DF801408DF8024001208DF803006846F5
:10D7500004F02CFE01221146034800680BF0E2FCA5
:10D760001FBD0000A00900209C09002041FA02080A
:10D77000A40900202DE9F84F0446884691461E462C
:10D78000DDE90AA520683049884204D1606801219A
:10D7900005F028FE03E06068012105F003FE206823
:10D7A0000CF0CCFB0EB9002701E04FF4805727485E
:10D7B00000EB0510C0F80080244800EB05108780BE
:10D7C000234830F81900214901EB0511C880214890
:10D7D00030F816001D4901EB0511088100201B4996
:10D7E00001EB051188810C20184901EB05114881D6
:10D7F000164A02EB051120680CF030FE2068012269
:10D8000040F225510CF004FE2068012280210CF02A
:10D8100088FB207A514609F0FFFE207A8DF800003F
:10D82000A07A8DF8010000208DF8020001208DF80B
:10D830000300684604F0BAFD206840F226610CF04F
:10D8400054FBBDE8F88F0000001001409CE600206A
:10D8500070D703086AD7030810B588B080207449D0
:10D860000860022048604FF0A06088600120C86016
:10D8700070480078F8B105A806F0F8FA00208DF895
:10D88000150005A813F004FC4FF400510320FCF729
:10D890001BFC694A10214802FCF74EF90490012054
:10D8A0008DF81500644A10218003FCF745F90490B7
:10D8B00005A813F0EDFB032006F034FD5F49087066
:10D8C0005F49C86812F038F800F086F95D490860D1
:10D8D0005B48006880280AD059480068A22806D012
:10D8E00057480068A42802D002F006FE9AE0544986
:10D8F000886805F06DF8544A1168514A1068F5F7C8
:10D90000E1FD52490860524800904F4803684C4876
:10D9100050490268032006F0C5FD039007F0AAFFF6
:10D92000F5F740FC4C490860012006F02DFD434905
:10D93000087006F02BFB02F0DFFD08F017FF4748E8
:10D94000808C80B24549098C89B2444A928B92B24C
:10D95000424CCDE900210290248BA3B23F4CA48A13
:10D96000A2B23E4C248AA1B23C4CA489A0B209F0D8
:10D9700097FD052000F0CAFC012140F6641000F07C
:10D98000A5F800F07DF8FFF7ADFD354AD189907F0D
:10D9900000F0AEFC3348007840B1334890F83D00C9
:10D9A00020B1012130483D3000F062FA2E48007865
:10D9B00020B100212C4800F05BFA0BE008F0EEFDEE
:10D9C000274CA37F227F617FA06900F04DFC0120DE
:10D9D00004F026FC012000F015FE00F0EFFE2348C5
:10D9E000006818B9002022490968087021480078A9
:10D9F000C0F3800000B115E0842013490860084698
:10DA00000068842807D1FFF769F91B49486BFFF7C5
:10DA10008DFA00F097F8FFF7A7FD00F089FF00F0FE
:10DA200025F900BF1549072001F054F808B010BDD2
:10DA300074DF00204409002084DF00203408002027
:10DA40004CDD0020400800205CDD0020380800206C
:10DA5000C4D90020B8DC00201800002020DD002000
:10DA6000C0DE00204F0B0020E0DE00202000002060
:10DA7000C8060020440800205CD5002041A502080B
:10DA800010B5FFF7A1FC01200349087004210348E9
:10DA900000681AF051FC10BDE90900206003002065
:10DAA00010B50121C80205F07DFC06480649086052
:10DAB000002048601021044881604021C160FEF7C9
:10DAC000B3FF10BD002C0040F40C002070B50546DB
:10DAD0000C460F48058000200E4908800E4800883B
:10DAE000401C0D4908800D4804700D480470002149
:10DAF0000C481AF039FC0C4908600C480C490860C5
:10DB00000C480D4908600D48008A0D49088070BD19
:10DB10005001002052010020F40000204B010020A1
:10DB20004C010020C0B8030824010020D0390010A7
:10DB300068010020D44100106C01002020DD00208D
:10DB4000E401002010B51748174908601748184924
:10DB50000860F4F7FDF91748008881B2164800689C
:10DB6000FDF766FCF5F748FF09F0CCFD08F08EFBE9
:10DB7000124B134A13490020FAF7E2FD0D220F4918
:10DB80001148F2F735FE1149086A01210BF023F91B
:10DB90001E20FAF7F3FA00210D481AF0E5FB0D49B3
:10DBA000086010BD994601081C060020813E01084E
:10DBB00018060020480600204C060020DCD000207B
:10DBC00004D1002034220020F0D00020BC08002026
:10DBD000E4CD03087804002010B52048007850B147
:10DBE000042005F0EDFD1E490860062005F0E8FD63
:10DBF0001C4908600FE000201949086008460168C8
:10DC0000042005F0E9FE0020164908600846016876
:10DC1000062005F0E1FE1248006858B1124840693C
:10DC20000E2807D100200E4908600846016804202C
:10DC300005F0D2FE0A480068032807D900200849E9
:10DC4000086008460168042005F0C6FE0021062091
:10DC500005F0C2FE0348006810BD000090000020DF
:10DC6000D0050020D405002088DD00201CB501204F
:10DC700000908DF8040002208DF8050000208DF83A
:10DC8000060001208DF807002249C8686946FDF7A3
:10DC9000BFFA21480068401C1F490860022000901C
:10DCA00001208DF8040002208DF8050000208DF879
:10DCB000060001208DF807001649C8686946FDF77F
:10DCC000A7FA15480068401C13490860042000901A
:10DCD00001208DF8040002208DF8050000208DF849
:10DCE000060001208DF807000A49C8686946FDF75B
:10DCF0008FFA09480068401C07490860012207495B
:10DD0000104600F063FF06490870084600780AF0E4
:10DD1000ADFE1CBDE0080020280B0020E1440108F6
:10DD20002C0B00202DE9FC4107460C4615461E46EB
:10DD30004FF00108E1B2384607F07CFD08FA04F024
:10DD400000908DF804508DF8056000208DF80600D5
:10DD50006846FAF7FFFABDE8FC81000010B50348F9
:10DD60001AF082FA0249086010BD000058B9030891
:10DD70009C02002010B503481AF076FA02490860A8
:10DD800010BD000068B90308500300201CB51048FE
:10DD9000FEF7D0FF0F4A10491048FEF757FF104A10
:10DDA0004FF416510F48FFF7EBFB01200E490023FB
:10DDB0001A46CDE900104FF416510C48FFF7DAFC73
:10DDC00001210B481AF0D0FA0A4948601CBD000036
:10DDD000CAD90308D543010880EA0020B7D903084F
:10DDE000CD900208ACD90308FDA20208DFD90308D0
:10DDF0009CD90308D40A00201CB512480088124997
:10DE0000A1F813000846FEF795FF104A1049114883
:10DE1000FEF71CFF104A4FF416511048FFF7B0FBF5
:10DE200000200F4903460246CDE900104FF4165179
:10DE30000C48FFF79FFC00210B481AF095FA0B499C
:10DE400008601CBDBA0A0020A40A00208D43010806
:10DE500080E900204BD703087590020840D70308DB
:10DE6000E9A102085ED703089CD90308D40A002060
:10DE70002DE9F04106460D46012D01DDBDE8F0819A
:10DE8000012D00D100BFFFF711F9707838B9307C4F
:10DE900028B9F07F18B996F82E0000287ED000240B
:10DEA000C9E1C4EB0411701C405C05EB850101EB7A
:10DEB000C501E94A02EB810104EB840202EBC402D2
:10DEC0001144487105EB850000EBC500E24901EB08
:10DED000800004EB840101EBC4010844407901286F
:10DEE0007DD1C4EB0411701C0844D0F8010005EB8F
:10DEF000850101EBC501D84A02EB810104EB8402E4
:10DF000002EBC4021144C1F80600C4EB0411701CFA
:10DF10000844407905EB850101EBC501CE4A02EBCF
:10DF2000810104EB840202EBC40211448872C4EB49
:10DF30000411701C0844807905EB850101EBC501D3
:10DF4000C54A02EB810104EB840202EBC4021144D6
:10DF5000C872C4EB0411701C0844007A05EB8501FB
:10DF600001EBC501BC4A02EB810104EB840202EB28
:10DF7000C40211440873C4EB0411701C0844C07936
:10DF800005EB850101EBC501B34A02EB810104EB0E
:10DF9000840202EBC4021144087100E059E1C4EBB1
:10DFA0000411701C0844807A40B205EB4501AB4A6D
:10DFB00002EBC10104EB440201F81200C4EB0411AE
:10DFC000701C0844407A40B205EB4501A34A02EBBD
:10DFD000C10104EB440201EB4201487000E020E083
:10DFE000C4EB0411701C0844B0F80B0005EB4501AC
:10DFF0009A4A02EBC10104EB440201EB4201488062
:10E00000C4EB0411701C0844B0F80D0005EB450189
:10E01000924A02EBC10104EB440201EB4201888009
:10E0200008E1C4EB0411701C405C401EC7B2C4EB95
:10E030000411701C0844D0F80100B0F5166F34D2FA
:10E04000874850F82700C08A05EB850101EBC50120
:10E05000814A02EB810104EB840202EBC402114409
:10E06000C1F806007E4850F82700007E05EB8501C8
:10E0700001EBC501784A02EB810104EB840202EB5B
:10E08000C40211448872764850F82700407E05EBA0
:10E09000850101EBC501704A02EB810104EB8402AA
:10E0A00002EBC4021144C87237E0C4EB0411701CC7
:10E0B0000844D0F8010005EB850101EBC501664A73
:10E0C00002EB810104EB840202EBC4021144C1F8AB
:10E0D0000600C4EB0411701C0844407905EB85016F
:10E0E00001EBC5015C4A02EB810104EB840202EB07
:10E0F000C40211448872C4EB0411701C0844807976
:10E1000005EB850101EBC501534A02EB810104EBEC
:10E11000840202EBC4021144C872C4EB0411701CE7
:10E120000844C07990B1C4EB0411701C0844C07954
:10E1300005EB850101EBC501474A02EB810104EBC8
:10E14000840202EBC4021144087110E0444850F804
:10E150002700807E05EB850101EBC5013E4A02EBFD
:10E16000810104EB840202EBC40211440871C4EB88
:10E170000411701C0844007A90B1C4EB0411701CA7
:10E180000844007A05EB850101EBC501324A02EB38
:10E19000810104EB840202EBC4021144087310E015
:10E1A0002F4850F82700C07E05EB850101EBC50123
:10E1B000294A02EB810104EB840202EBC402114400
:10E1C0000873274850F82700007840B205EB450156
:10E1D000224A02EBC10104EB440201F8120020487C
:10E1E00050F82700407840B205EB45011B4A02EB8E
:10E1F000C10104EB440201EB42014870184850F899
:10E200002700408805EB4501144A02EBC10104EBED
:10E21000440201EB42014880114850F827008088F1
:10E2200005EB45010D4A02EBC10104EB440201EB91
:10E2300042018880641C042CFFF633AE2846FEF7AA
:10E2400099FE15B1FFF7A2FD01E0FFF7D5FD0548E6
:10E25000066000BF12E6000018E90020E8E8002090
:10E26000F80A0020D00A00202DE9FC4104460D46A2
:10E2700016461F4612480770124800881249A1F836
:10E2800013000846FEF756FD104A11491148FEF7E3
:10E29000DDFC114A21461148FFF772F900201049B0
:10E2A00033462A46CDE9001021460E48FFF762FAB0
:10E2B00000210D481AF058F80C490860BDE8FC81AF
:10E2C000CA0A0020BA0A0020A40A00208D430108CF
:10E2D000E8E700204BD70308DD8F020840D703088A
:10E2E00061A002085ED7030874D70308BC0A0020A7
:10E2F00070B505460C4603480480002102481AF018
:10E3000033F870BDEC0A0020ECD9030810B58AB0D0
:10E3100004460420019001208DF8080002208DF8A9
:10E32000090000208DF80A0001208DF80B004349F8
:10E33000886801A9FCF76CFF404988680421FDF753
:10E3400075F8C82019F030FF3C4988680421FDF7B2
:10E350006FF8C82019F028FF002221463D20FDF764
:10E36000DEFE0423364A0221C80117F081FB17F0B4
:10E37000E7FB3449087009AA0021084604F028FA8E
:10E3800008AA0121002004F023FA642019F00CFFF0
:10E3900004232B4A0221C80117F06AFB2A4800789F
:10E3A00020BB07A806F05EFB042307AA0221C801D0
:10E3B00017F092FB03A806F065FB062303AA0021D1
:10E3C0004FF4807017F088FB06A806F079FB042351
:10E3D00006AA0321980117F07FFB05A806F032FB7F
:10E3E000042305AA1946980117F076FB0423144A62
:10E3F0000221C80117F03CFB0423144A0221C80182
:10E4000017F036FB0423114A121D0321980117F05F
:10E410002FFB04230D4A08321946980117F028FBF8
:10E4200006230B4A00214FF4807017F021FB0021D6
:10E43000084819F099FF0AB010BD0000E00800205C
:10E44000F7000020FB000020100000207CDD0020F1
:10E4500051080020B0B8030830B58FB0054600243D
:10E460005F48604908600121080704F09BFF012014
:10E4700004F094FA002005F0A3F943F2F421884255
:10E4800056D00020574909680860012005F08CF833
:10E490000BE0012019F088FE641C41F288308442B0
:10E4A00003DD4FF0FF300FB030BD412005F05CF8C8
:10E4B0000028EED04FF4807005F098F8FF204A490C
:10E4C00008607F2049490860012005F089F805F0BF
:10E4D00053FA464800680D90434800680E900020AB
:10E4E0000C900CA805F03AF913204149C87001209E
:10E4F00048701120887006200870012005F070F91E
:10E5000000203C49C87020204870002088700120FD
:10E5100005F0CAF943F2F421002005F05DFA00216C
:10E52000012005F059FA0021032005F055FA21E0F9
:10E53000012031490870032005F042F92F49086095
:10E54000084600680C2804DC0846006810F10C0F2F
:10E5500002DA002029490860012005F03BF800BFDD
:10E56000612005F001F80028FAD0012005F038F804
:10E5700005F002FA002005F03DFA05F06FF838B911
:10E5800043F2F521002005F027FA6FF001008AE739
:10E5900005F08CF81749002005F0B8F81449002060
:10E5A00005F08EF813488078019012484078029068
:10E5B0001048007803900E48807804900C4840780A
:10E5C000401E05900A48C0786430069000200990EB
:10E5D00001A8F2F7B6F90A490860002063E70000D5
:10E5E000F04F024098000020D4000020D00000200E
:10E5F000B4000020B0000020900000209400002013
:10E60000AC00002010B52DED028B86B004464F48BB
:10E610004F4908604F49086008F032FF4E480078C3
:10E620004E4908714C4841784C4841714A488178BC
:10E630004A4881714848C1784848C1719FED480BEC
:10E64000B0EE408AF0EE608A9FED470B53EC102B42
:10E6500051EC180B1CF01CFB41EC180B53EC182B65
:10E660009FED430B51EC100B1CF074FD41EC180BAB
:10E670009FED410B53EC102B51EC180B1CF054FA8E
:10E6800041EC180B51EC180B1CF08AFC3C4908605B
:10E690000420FEF737FF3B4800683B49C1F80500FE
:10E6A0003A48006838B13A48007A00F0020010B1E8
:10E6B0000120384908603548006800283BD0FDF744
:10E6C00077F835480088019000208DF80800022076
:10E6D0008DF8090001208DF80B0001A92F48006872
:10E6E000FCF796FD2E4801782E48007807F0A2F836
:10E6F0002D480068039000208DF810000C208DF844
:10E70000110001208DF8120003A8F9F723FE274914
:10E710002748007808F080FF254800788DF814001D
:10E7200000208DF815008DF8160001208DF81700D7
:10E7300005A803F03BFE1F48C07F18B100211E480A
:10E7400019F012FE06B0BDEC028B10BD10020020C5
:10E750002402002028020020980200200802002045
:10E760000000000000405F400000000080842E4157
:10E77000000000000000F041000000000000E03F49
:10E78000300200209400002014110020800200209C
:10E7900020DD002084020020880200208C0200205E
:10E7A00090020020910200209402002021290208FA
:10E7B00092020020C0DE002018B9030810B59AB0FC
:10E7C0000121080204F00EFE0121880504F0DAFDA3
:10E7D000002001904E4802904E4803900020049083
:10E7E0004D480088022802D10120059001E0022056
:10E7F0000590002006904FF480600790400008903C
:10E800008000099040110A904FF440300B90002096
:10E810000C9001200D9000200E900F9001A93F4810
:10E82000F5F724FE002010904FF470601390002044
:10E830001290119010A8F3F725F8002014908DF88D
:10E8400054008DF8550016901790189032480088A3
:10E85000022803D101208DF8640002E001208DF828
:10E86000640014A92A484C38F3F77EF82A48008837
:10E87000022807D107230122122125484C38F3F73B
:10E880009DF806E007230122122121484C38F3F7B6
:10E8900095F80120F3F7F4F80120F3F707F9B0EE4B
:10E8A000040A1F4880ED000A90ED000ADFED1D0A02
:10E8B00080EE201A1C4880ED001A012240F205214A
:10E8C00013484C38F3F740F812208DF80000002070
:10E8D0008DF8010007208DF8020001208DF803005B
:10E8E000684603F063FD012210494FF47A7000F08E
:10E8F0006DF90446012106484C38F2F7B8FF044888
:10E900004C38F3F7B7F820460AF0B0F81AB010BD4B
:10E910004C2001407400002026000020706402405A
:10E920006800002000F07F45600000200D94020880
:10E9300000B5A5B00121480204F054FD01210820D2
:10E9400004F030FD0120239002208DF89100032077
:10E950008DF8900000208DF8930023A95548FCF70E
:10E9600057FC55480AF058FA20A80AF045FD43F62E
:10E97000187021900020ADF88000ADF88800ADF847
:10E98000820020A94C480AF0F3FC6020ADF86C002E
:10E990000120ADF86E0041F68B701D900220ADF89D
:10E9A00078001BA944480AF0C9FB002211464248DE
:10E9B0000AF0F8F94FF0007001904048029040488A
:10E9C00003900020049068200590002006904FF4EA
:10E9D00080600790400008908000099040110A90E4
:10E9E00040020B9000200C9001200D9000200E9012
:10E9F0000F9001A93348F5F739FD01213148F5F7AA
:10EA0000B9FB002011904FF4706014900020139017
:10EA1000129011A8F2F736FF0020159001208DF812
:10EA2000580000208DF859004FF0805017904FF09B
:10EA3000206018900020199001208DF8680015A919
:10EA40001E484C38F2F790FF0723012200211B4893
:10EA50004C38F2F7B3FF012118484C38F2F707FFA2
:10EA600019493A2008F0D8FD3A208DF840000320DB
:10EA70008DF841008DF8420001208DF8430010A868
:10EA800003F094FC012210210E48F5F7C7FC012188
:10EA90000A484C38F2F719FF012108484C38F2F7C0
:10EAA00009FF0021094819F05FFC0949086025B0F9
:10EAB00000BD000000000240000C00404C2101405D
:10EAC00038E3002040640240B59A0208A0D203084F
:10EAD000580A002070B504460D460D4805600D48E3
:10EAE000047000200EF0BCFC0B4908600022214697
:10EAF0004320FDF714FB00200CF078F8064908606D
:10EB00000021064819F030FC0549086070BD00007E
:10EB10006403002074030020780300207CB90308FC
:10EB200070030020024602B111B96FF00400704773
:10EB30000748807A00F0010038B90548026041605A
:10EB40000020034B1881012098720020EFE700009D
:10EB50000040012030B585B005461848006840F4F3
:10EB60008040164908601648006840F400001449C7
:10EB700008600220019000200290032003900B20E7
:10EB80000490104C09E02068F9F72EFCA088009052
:10EB900069462068FDF730F908340A484830844255
:10EBA000F1D10948002101604160816005600120C8
:10EBB00005490871002005B030BD0000443802400E
:10EBC00004380140D0DA03080C40012030B5034678
:10EBD0000B4C20782478641C094D2C70094C04EBF4
:10EBE00000142360074C04EB00146360054C04EB35
:10EBF0000014A160034C04EB0014227330BD00002C
:10EC0000AC09002094DF002001460348405C034A21
:10EC1000525C801AC0B27047590100205801002090
:10EC200002480349401AC0B2704700005B0100204F
:10EC30005A01002001460348405C034A525C801A96
:10EC4000C0B270475501002054010020014603481E
:10EC5000405C034A525C801AC0B2704757010020E2
:10EC60005601002001460348405C034A525C801A6A
:10EC7000C0B270475D0100205C01002001460448DD
:10EC800050F8210008B9002070470120FCE700007F
:10EC9000EC0000202DE9F84305460F4690469946C2
:10ECA000089E012D04D0042D0DD0052D16D10BE0AA
:10ECB0004B46424639462846009605F0EDFC044690
:10ECC0002046BDE8F88300BF4B46424639462846F9
:10ECD000009605F0ABFF04462046F2E7B5F57A7FD3
:10ECE00009DD4B46424639462846009605F0F8FEB7
:10ECF00004462046E5E76FF001042046E1E7000006
:10ED00002DE9FC410546884617461E463E2D5BD13F
:10ED1000022F05D0042007F0B9F80120BDE8FC81DE
:10ED20003088544908800020534B324601460090F9
:10ED30005048008805F056FD044654B1E01C18B94F
:10ED40000C2007F0A3F802E0032007F09FF8012051
:10ED5000E4E701204949088047480068B0F5707F22
:10ED600009D94FF47070019043480068A0F57070A5
:10ED70004149086005E040480068019000203E4994
:10ED80000860032001AB3E4A00903C4801883948A6
:10ED9000008805F027FD044638480088401C3749A4
:10EDA000088054B1E01C18B90C2007F06FF802E09D
:10EDB000032007F06BF80120B0E74146019800B24C
:10EDC00006F0AAFF0020A9E7232D50D12B48008888
:10EDD000042801D1294908802748006878B9022011
:10EDE00001AB274A00902548018822480088FFF798
:10EDF00051FF0446112007F0EBF800208EE71E4873
:10EE00000068B0F5707F09D94FF4707001901A480E
:10EE10000068A0F570701849086005E016480068A1
:10EE20000190002014490860032001AB144A0090AF
:10EE3000124801880F48008805F0D4FC04460F48AA
:10EE40000088401C0D49088054B1E01C18B90C2002
:10EE500007F01CF802E0032007F018F801205DE736
:10EE60004146019800B206F057FF002056E7002007
:10EE700054E70000BC03002090030020940300200E
:10EE8000541A00202DE9F04105460C4616461F464F
:10EE900022462821024806F005FEBDE8F081000068
:10EEA000C8DC00202DE9F04106460C4615461F46F9
:10EEB0002DB1042006F0EAFF0120BDE8F0812246D2
:10EEC0004B21024806F0EEFD0020F6E788DD002029
:10EED0002DE9F04106460C4615461F462DB104208B
:10EEE00006F0D4FF0120BDE8F08122461921024836
:10EEF00006F0D8FD0020F6E7D3DD00202DE9FC4127
:10EF00000546884617461E463E2D64D1022F05D081
:10EF1000042006F0BBFF0120BDE8FC813088614978
:10EF200008800020604B3246014600905D48008812
:10EF3000FFF7B0FE044654B1E01C18B90C2006F0EF
:10EF4000A5FF02E0032006F0A1FF0120E4E7002076
:10EF50005649086001205649088053480068B0F5BA
:10EF6000707F09D94FF4707001904F480068A0F588
:10EF700070704D49086005E04B4800680190002022
:10EF800049490860032001AB4A4A0090484801887B
:10EF900044480088FFF77EFE044644480068019913
:10EFA00008444249086042480088401C40490880A3
:10EFB00054B1E01C18B90C2006F068FF02E00320F1
:10EFC00006F064FF0120A7E74146019800B206F071
:10EFD000A3FE0020A0E7232D62D135480088042835
:10EFE00001D13349088030480068334908602E4811
:10EFF000006878B9022001AB2E4A00902C480188A5
:10F0000028480088FFF746FE0446112006F0E0FF7E
:10F01000002081E724480068B0F5707F09D94FF4DB
:10F020007070019020480068A0F570701E4908605B
:10F0300005E01D480068019000201B4908601A483F
:10F0400000681E490860032001AB1A4A0090184866
:10F05000018814480088FFF71DFE04461448008804
:10F060001749086011480068019908440F49086071
:10F070000F480088401C0E49088054B1E01C18B9A4
:10F080000C2006F003FF02E0032006F0FFFE012043
:10F0900042E74146019800B206F03EFE00203BE701
:10F0A000002039E7BC03002090030020AC030020BF
:10F0B00094030020541A0020B4030020B803002059
:10F0C000B00300202DE9F04106460C4615461F46C8
:10F0D0002DB1042006F0DAFE0120BDE8F0812246C1
:10F0E0000621024806F0DEFC0020F6E75108002069
:10F0F0002DE9F04106460C4615461F462DB1042069
:10F1000006F0C4FE0120BDE8F08122460C21024831
:10F1100006F0C8FC0020F6E77CDD00202DE9F04178
:10F1200005460C4616461F46074800680749086012
:10F130000548D0F8050048602146082006F0ECFD9F
:10F140000020BDE8F0810000080D0020541A0020C6
:10F150002DE9F04105460F4690461E463E2D02D150
:10F1600030880E4908800D480088012802D0032805
:10F1700010D107E0334642463946284600F010F8E1
:10F18000044607E0334642463946284600F0F8F880
:10F19000044600BF00BF2046BDE8F081D003002038
:10F1A0002DE9FC478046894614461D464FF0FF3640
:10F1B000B8F13E0F2AD12F463D463888694908806C
:10F1C0007868103068490860012068490880224644
:10F1D00029466748F1F7C7FA664804606648048024
:10F1E0000194002001AB2A46014600905D4800884A
:10F1F00012F032FF06461EB9112006F0E9FE02E0C9
:10F20000032006F043FE0020BDE8FC8724B911204E
:10F2100006F0DEFE0020F7E75549574A12888818A5
:10F2200022462946F1F79FFA524800682044514986
:10F2300008605148008820444F4908804D480068C4
:10F2400049490968884233D04B480088FF2804DCCC
:10F25000112006F0BDFE0020D6E74FF4807001902B
:10F26000042001AB424A0090404801883D48008894
:10F2700012F0F2FE06463D480088401C3B490880DB
:10F280003D480088A0F580723C493948F1F76BFA97
:10F2900039480088A0F58070374908801EB91120D0
:10F2A00006F096FE02E0032006F0F0FD0020ABE73A
:10F2B00031480088B0F5807F20DD4FF480700190E8
:10F2C000042001AB2A4A009028480188254800887C
:10F2D00012F0C2FE064628480088A0F58070019012
:10F2E0000420009021480088401C81B201AB234AD1
:10F2F0001C48008812F0B0FE06460DE01E4800884B
:10F300000190042001AB1A4A009018480188154862
:10F31000008812F0A1FE064626B1032006F0B6FDD5
:10F32000012071E7144800880190022001AB104AC7
:10F3300000900E4801880B48008812F08DFE0646AA
:10F340005EB106F10A0018B9022006F09FFD02E046
:10F35000032006F09BFD012056E7112006F038FE41
:10F36000002051E796030020900300209403002022
:10F37000541A0020980300209C030020541B0020F6
:10F380002DE9FC478046894614461D464FF0FF365E
:10F3900077480068401C76490860B8F13E0F3BD1C1
:10F3A00074480068744908602F463D4638887349A0
:10F3B000088078681030724908600120714908801F
:10F3C000224629467048F1F7CEF97048046070482B
:10F3D00004806B4800680190002001AB2A4601467A
:10F3E00000906648008813F021FF06461EB91120E0
:10F3F00006F0EEFD02E0032006F048FD5D480068DF
:10F4000064490860084600685B490968401A624917
:10F4100008600020BDE8FC8724B9112006F0D8FD63
:10F420000020F7E758495A4A128888182246294688
:10F43000F1F799F955480068204454490860544848
:10F440000088204452490880504800684C490968A7
:10F45000884233D04E480088FF2804DC112006F093
:10F46000B7FD0020D6E74FF480700190032001AB78
:10F47000454A0090434801884048008813F0D6FE72
:10F48000064640480088401C3E49088040480088A5
:10F49000A0F5807241493C48F1F765F93C48008885
:10F4A000A0F580703A4908801EB9112006F090FD41
:10F4B00002E0032006F0EAFC0020ABE734480088B5
:10F4C000B0F5807F20DD4FF480700190032001AB08
:10F4D0002D4A00902B4801882848008813F0A6FE8A
:10F4E00006462B480088A0F580700190032000900C
:10F4F00024480088401C81B201AB284A1F4800887C
:10F5000013F094FE06460DE0214800880190032088
:10F5100001AB1D4A00901B4801881848008813F071
:10F5200085FE064626B1032006F0B0FC012071E7F7
:10F53000174800880190042001AB134A009011483D
:10F5400001880E48008813F071FE06465EB106F190
:10F550000A0018B9022006F099FC02E0032006F028
:10F5600095FC012056E7112006F032FD002051E7FE
:10F57000CC030020A8090020C0030020960300202F
:10F580009003002094030020541A002098030020C8
:10F590009C030020C4030020C8030020541B00204B
:10F5A0000EB56BE04FF4C871002018F0D1FE8DE865
:10F5B000070005F039FD0098402802D1FBF7C4F898
:10F5C0005BE0019C04F00100F8B12D48007870B9AF
:10F5D0004FF4FA7018F0E8FD2A490868102118F075
:10F5E000ABFE02202849086005F032FE0DE0032141
:10F5F0002648006818F0F2FE04F00AFA05466FF09B
:10F6000001012248006818F0E9FE04F0020098B1F8
:10F6100003211E48006818F0E1FE09F05DFA054676
:10F6200015B901201A4908706FF0010117480068E8
:10F6300018F0D4FE05B121E004F0040098B10321D4
:10F640001248006818F0CAFE09F020FA054615B9FC
:10F6500000200F4908706FF001010C48006818F095
:10F66000BDFE05B10AE004F0080008B109F0F6FE9D
:10F6700004F0100008B109F0F3F900BF92E70000B0
:10F68000380000202C010020E400002008000020A9
:10F69000390000202DE9F04706468946174638E133
:10F6A0009E48006800287DD100BF9D4800689D49A4
:10F6B00008603078682801D0BDE8F08770789A49F2
:10F6C000086008460068801C484519D1C7EB07113F
:10F6D00001EB8101954A02EB81004A463146F1F780
:10F6E00042F8C7EB071101EB8101904A02EB810060
:10F6F0003A46494600F022F900208D490860DBE7D0
:10F7000089480068801C484514D9C7EB071101EBF4
:10F710008101864A02EB81004A463146F1F723F81F
:10F7200001207E4908608248C0F800900068814945
:10F730000860C1E77C480068851C4C464FF0000813
:10F7400022E006EB0801C7EB071202EB8202774BBF
:10F7500003EB82002A46F1F706F8A9B2C7EB0712BD
:10F7600002EB8202714B03EB82003A4600F0E6F8AE
:10F77000641B002C08DDA84408F10100305C6A49D4
:10F78000086008460068851CAC42DADAB4B106EBC2
:10F790000801C7EB071202EB8202644B03EB820005
:10F7A000224600E010E0F0F7DEFF614804600068E8
:10F7B0006049086001205949086004E00020574969
:10F7C00008605B490860A5E0554800685A49086030
:10F7D0000846006853490968401AB0F57A7F07D98E
:10F7E00000204E49086052490860524908605CE7B1
:10F7F0004F480068012803D130784B49086009E080
:10F80000C7EB071000EB8000484901EB800040780F
:10F81000454908604648006800EB09014248006815
:10F82000801C814217D2C7EB071101EB81013F4ACF
:10F8300002EB81013F4A126888184A463146F0F7C8
:10F8400092FF3B4800684844394908600846006810
:10F850003849086030E734480068851C344800683F
:10F8600009EB00044FF0000833E0324B1B68EA1A42
:10F8700006EB0801C7EB071303EB8303DFF8ACC00B
:10F880000CEB8303DFF8ACC0DCF800C003EB0C002A
:10F89000F0F769FFA9B2C7EB071202EB8202234B14
:10F8A00003EB82003A4600F049F8641B002C10DD9F
:10F8B00008EB05001F490968A0EB010808F10100E9
:10F8C000305C1949086008460068851C0020194909
:10F8D0000860AC42C9DAB4B106EB0801154A1268F7
:10F8E000C2EB021202EB8202104B03EB82004A468B
:10F8F000F0F739FF0120094908600D4804600068ED
:10F900000C49086006E000200449086008490860C6
:10F91000D2E6C5E600BF00BFCEE600008C010020A5
:10F92000A80900209C01002090010020D44900106B
:10F930009401002098010020A00100202DE9FC4145
:10F9400005460F461446A87800F0010008B949267C
:10F9500007E0A87800F00300012801D1532600E059
:10F960005526492E3AD0532E27D0552E24D1A8788B
:10F97000072806D0132817D0432809D083281AD186
:10F980000DE0E44951F82400012118F0D5FC12E003
:10F99000E04951F82400042118F0CEFC0BE00020CF
:10F9A000DD4941F8240006E0DA4951F8240002213B
:10F9B00018F0C2FC00BF00BFA8E1A888D74921F811
:10F9C0001400084630F81400D54931F81410884264
:10F9D00003D10020D34941F8240097E1A888CF49FA
:10F9E00021F81400084630F81400CD4931F81410FD
:10F9F000884203D10020CB4941F824006889CA49D4
:10FA00000988884211D068894FF6FF7188420CD06E
:10FA1000C649085D09F058F8C54951F8240010217D
:10FA200018F08AFC0620C3490860C34830F8140067
:10FA3000801CC14921F81400A879792873D00EDC04
:10FA4000642871D006DC2D2811D032286FD03328DD
:10FA500068D1B7E0672869D07828F9D147E17A38CA
:10FA600005285FD2DFE800F0F1F0EFEEED00287A34
:10FA700004EB4401B14A02EB4111B14A125D02EBC1
:10FA8000420201EB42010871E87B00F08000C8B13E
:10FA900004EB4400A94901EB4010A949095D01EBC1
:10FAA000410100EB4100007940F0800004EB44018B
:10FAB000A24A02EB4111A24A125D02EB420201EBA3
:10FAC00042010871E86820F07F4004EB44019B4A42
:10FAD00002EB41119A4A125D02EB420201EB420134
:10FAE0000860E87B00F0010004EB4401934A02EB5C
:10FAF0004111934A125D02EB420201EB420148714F
:10FB00008F48005D401C8E4908550846005D10284E
:10FB100001DB002008557F4951F824004FF40061B3
:10FB200018F00AFCF0E0E3E087E000E0B9E0287AB2
:10FB300004EB8401834A02EB4111834A125D02EB1C
:10FB4000820201EB42010871E86820F07F4004EB7B
:10FB500084017C4A02EB41117B4A125D02EB820276
:10FB600001EB42010860D5F80F8004EB8400754971
:10FB700001EB40107449095D01EB810100EB41008C
:10FB8000C0F80580E87C04EB84016E4A02EB411169
:10FB90006D4A125D02EB820201EB420148726A4833
:10FBA000005D401C684908550846005D102801DBCF
:10FBB00000200855574951F824004FF4005118F01F
:10FBC000BBFBA1E0287A04EBC401604A02EB0111FF
:10FBD0005F4A125D02EBC20211440871E86820F02E
:10FBE0007F4004EBC401594A02EB0111584A125DEF
:10FBF00002EBC20211440860D5F80F0004EBC40107
:10FC0000524A02EB0111524A125D02EBC202114448
:10FC1000C1F805004E48005D401C4D490855084696
:10FC2000005D102801DB002008553A4951F82400F6
:10FC30004FF4804118F080FB66E0E87B142805DA79
:10FC400062E05AE058E056E054E052E0287A062894
:10FC500015D100203F4908553F4850F82400E97B62
:10FC6000143901228A4010433B4941F824000846D8
:10FC700050F8240001280CD13849087009E001200F
:10FC800034490855E87B143801218140344840F854
:10FC90002410204951F824004FF4807118F04CFBD7
:10FCA00032E0287A06280CD02049085D08F00CFFC5
:10FCB0001F4951F82400102118F03EFB07201D4970
:10FCC0000860284905F10F000AF045F82548016849
:10FCD0000091406801460190009819F009FE0D4915
:10FCE00051F824004FF4806118F026FB0CE000BFAF
:10FCF00000BF00BF00BF00BF00BFB81F81B22246D7
:10FD0000A81D00F035F900BF00BF00BF00BFBDE86F
:10FD1000FC810000200100208401002088010020D7
:10FD2000700100207C010020E60100207801002005
:10FD300024010020E400002072010020004B00108C
:10FD400043010020604B001045010020004C0010D2
:10FD500047010020A4010020A8010020420100204A
:10FD6000AC010020EC0100208AB018F01FFB6D49A7
:10FD7000086000216C4818F0F7FA81466B48C0F81B
:10FD80000090CDE000220121084619F079FE0646D8
:10FD90000120029002AA0221304615F0D9FB02AAE6
:10FDA0000121304615F0D4FB04466148008800BAB2
:10FDB000000CADF80E000120ADF80C0000200490FE
:10FDC000102203A9304614F0A1FF04460121304659
:10FDD00015F040FD0446002714E00022114630468D
:10FDE00014F086FD0546002D00DD0CE00A2018F019
:10FDF000DBF97F1C44F62060874203D9FF204D4980
:10FE0000086062E0E9E700BF0AE0304615F0F8F864
:10FE10000446201D18B9012018F0C6F900E000E0E2
:10FE2000F3E700BF2E4644480660002043490860BF
:10FE3000434908600120434908701F2001233246CE
:10FE400000900020014603F0D1F900203E490860EF
:10FE50003E4908603E4908803E4908803E49088086
:10FE600030E00021084618F073FA07AB07C3DDF84D
:10FE7000208008F0100000B125E0012340F2DC52A0
:10FE80003649304618F07DFB0446201D18B9012084
:10FE900018F08AF916E0002C0EDC3149087808F0D9
:10FEA00013FE00202A4908802E4800782E49087049
:10FEB00009202049086006E0A1B200222748FFF788
:10FEC000E9FB00BFCDE700BF00BF1DE0254800787B
:10FED00025490870304615F093F80446201D08B1F6
:10FEE000E01D18B9012018F05FF90DE01148006815
:10FEF000FF2808D01F20002300900E4802681846F3
:10FF0000194603F073F900E0E0E700BF00200A495A
:10FF100008600C49087015490870642018F044F90D
:10FF200030E700002C010020E0B803082001002089
:10FF300050010020E4000020EC000020A801002077
:10FF4000AC010020080100207C0100208401002079
:10FF50007001002072010020880100207000001054
:10FF6000780100204C0100204B01002042010020BC
:10FF70002DE9F04105468846144628787838062849
:10FF800077D2DFE800F0C5FE03F0EFEEA878052891
:10FF90000AD1FE4921F81400FD4951F824004FF41C
:10FFA000007118F0C9F9B2E0287B00F00F000128B9
:10FFB00004D002286AD006287BD187E000262FE0F3
:10FFC000F44800EB06100088B5F80910884226D1E5
:10FFD000F04800EB0610007B611C0840F8B1ED48CA
:10FFE00000EB06108078EC4908550120E94901EB47
:10FFF0000611C881E74800EB06100088E74921F8A0
:020000040802F0
:100000001400E44800EB06100088E54921F81400CC
:100010000020E44908550120E349085504E0761C16
:10002000E24800888642CBDB00BFE0480088864279
:1000300010D1B5F80900DA4921F814002020DC4974
:1000400021F81400D24951F824004FF4004118F06F
:1000500073F91AE0D048005D60B92220D44921F834
:100060001400CB4951F824004FF4004118F064F912
:100070000BE0CFE10120CE4921F81400C44951F82A
:1000800024004FF4004118F057F93FE0C34830F81E
:100090001400B5F8091088420CD10220C44921F897
:1000A0001400BB4951F824004FF4004118F044F902
:1000B0000BE02AE02220BE4921F81400B44951F88F
:1000C00024004FF4004118F037F91FE0B34830F82E
:1000D0001400B5F8091088420BD10420B44921F866
:1000E0001400AB4951F824004FF4004118F024F9F2
:1000F0000AE08020AE4921F81400A54951F82400F7
:100100004FF4004118F018F900E000BF00BF81E192
:100110000020A8490860A8780D2801D0BDE8F0812A
:10012000A888A5490988884200D0F7E7B5F80900F2
:10013000A24921F81400D5F80B0020F07F40A04917
:1001400041F8240000209F4908550CB9012700E020
:1001500000279D48C05D40B122209C4921F8140031
:1001600008E037E0E1E08CE00BE04FF48060974975
:1001700021F81400864951F82400802118F0DCF899
:1001800048E1A8780D2800D0C8E7A8888A490988DE
:10019000884200D0C2E7E87A8D490855E86820F027
:1001A0007F408C4941F8240000208B4908608B492E
:1001B00008608B4941F824008A4908554FF40060D3
:1001C000824921F81400724951F82400802118F066
:1001D000B3F81FE180480068401C7F490860A87898
:1001E0000D2800D09AE7A88873490988884200D072
:1001F00094E7B5F80900714931F81410884200D02D
:100200008CE7E87A7249095D884200D086E7764833
:1002100030F91400401C00B980E7002628E070483F
:1002200050F82400B0F5006F00D377E706F10D0019
:10023000285C6E4951F82410694A52F824208854E9
:100240006848015D06F10D00285C084465490855C1
:100250005C48015D06F10D00285C084459490855C9
:100260005F4850F82400401C5D4941F82400761C8A
:10027000287BB042D3DC59480068401C57490860CD
:10028000C8E04C480068401C4A490860A8780D281E
:1002900000D043E7A88848490988884200D03DE754
:1002A000B5F80900454931F81410884200D035E707
:1002B000E87A4749095D884200D02FE74A4830F97B
:1002C0001400401C00B929E7287B032819D14548B0
:1002D000005D697B884200D020E7414850F8240047
:1002E0003C4951F82410884200D017E708203749CC
:1002F00021F81400264951F82400802118F01CF838
:1003000012E0287B01280FD12E48005D697B8842CE
:1003100000D003E710202D4921F814001C4951F8A2
:100320002400802118F008F874E0A8780D2800D087
:10033000F4E6A88820490988884200D0EEE6B5F89E
:100340000900174931F81410884200D0E6E6287BEE
:1003500000F00F00032816D1E87A254951F824103F
:10036000884200D0DAE61048005D401C0E4908556E
:1003700002200F4921F81400054951F824004FF4D8
:10038000004117F0D9FF287B34E000004001002035
:100390002001002000000010B4010020B601002060
:1003A000BE010020DD010020D9010020E80100206D
:1003B000B2010020FC010020E6010020B80100206D
:1003C000D0010020DB01002009010020B001002045
:1003D000D8010020D4010020180100201C010020B9
:1003E00060010020DA010020BA010020680100202D
:1003F000C401002000F00F0001280AD12120074984
:1004000021F81400064951F824004FF4004117F078
:1004100093FF00BF00BF00BF80E60000B2010020D4
:100420002001002002464FF4804010604011086017
:10043000012070477047000070B504460D4616460F
:1004400027480460032C41D3832C0BD26A02E01EA0
:100450004FF4781303EB402133460320F9F73CFFB8
:10046000012070BDB4F5817F0CD86A02A4F183002D
:100470004FF4741303EB402133460320F9F72CFFAC
:100480000120EEE717480068801E032101EBC01031
:100490001549086008460068844211D31348006873
:1004A000401C124908606A020F480068201A4FF485
:1004B000803303EB402133460320F9F70DFF0CE0B6
:1004C0006A020B493046F0F74EF906E06A02094825
:1004D00000EB44213046F0F746F90120C1E7000067
:1004E000DC030020D8030020D4030020E003002018
:1004F00090BF030890B903087FB5474C4748006890
:10050000474908604748006847490860474800680D
:10051000C1F8050043488068C1F80A004348806874
:10052000C1F837003E480068C1F80F004048006835
:10053000C1F841003F480068000E48610846406924
:100540003D4909680843384948613C480068C1F89A
:10055000190002A8FBF722FB36480068012808D0E2
:1005600001200090304801234269DDE9020102F0D8
:100570003DFE3348007818B14FF4807006F076FBEA
:100580003048007818B14FF4007006F06FFB2E4829
:10059000006810B9022006F069FB2C48006818B901
:1005A0004FF4005006F062FB2948007818B94FF468
:1005B000804006F05BFB2748007818B14FF40040FC
:1005C00006F054FB2448007810B9402006F04EFB9A
:1005D0002248007818B94FF4806006F047FB1249B2
:1005E0002068C1F81E006068C1F82300A068886216
:1005F0000C484068C1F82D000C484068C1F8320032
:100600000848C068C863044D12352888144908801A
:1006100000F028F87FBD0000107AFF1F04C000081A
:10062000740800204CDD002088DD00205CDD002007
:100630006C0800202C00002040080020280000202A
:100640003408002035080020140000201800002085
:100650000C03002024000020680800206908002006
:100660003C0800200449054A12680A600448024A0E
:100670000168C2F805107047D3DD00203A00002061
:10068000F07F00081FB508F0EBFA0646B61C4EE0F6
:10069000322017F089FD6421002017F059FE01ABCC
:1006A00007C30198402828D12148006820B3214879
:1006B0000078A8B908F0D4FA0446B44223D36846B7
:1006C000FBF78AFA054605B931E02846009912F091
:1006D0008FFB01201849086015480068261812E0B1
:1006E00008F0BEFA04461548006800F57A708442A6
:1006F00009D300200F49087005E0029F07F00100B0
:1007000008B1F7F753FD0E48007838B100200C49C6
:100710000870F7F74BFD322017F046FD09480078C6
:1007200020B1002007490870F7F7E0FC00BFAFE7F1
:10073000100A0020F5090020F4040020F809002028
:10074000180A0020190A00202DE9F04104460E463F
:10075000072E03D24FF0FF30BDE8F081608810B162
:100760006FF00100F8E7A788384604F065FC0746FB
:10077000B01FB84202D06FF00200EDE713482168C5
:100780000160A1888180A1798171F01FC1B20F4AF7
:10079000D21DE01D00F020F8054665B1691C88B245
:1007A00004F04AFC09498880E81D82B208480068C4
:1007B00005F054FC80460748007828B14FF47A7061
:1007C00017F0F2FC04F044FD4046C5E7ACEE002013
:1007D000F00A0020CB0A00202DE9F74F2DED028B07
:1007E00094B00746154638782870387810287CD0A1
:1007F00008DC01280DD0032878D0042877D00628FB
:1008000076D1B9E3412874D0422873D06428F7D157
:10081000FEE31798052805DA002014B0BDEC028B22
:10082000BDE8FE8FB7F8010004F006FC8146B7F87A
:10083000030004F001FC064600241AE004EB8400E7
:10084000FE4931F8200004EB8401FC4A02EB8101EF
:100850004988084480B2129004EB8400114631F8B4
:100860002000484503DC1298814500DA05E0601C51
:1008700084B2F34800788442E0DB00BF04F0FF0854
:10088000EF480078804503D10220EE49087016E059
:1008900004EB8400E94931F8200004EB8401E74AC5
:1008A00002EB81014988084409EB0601884203DA1A
:1008B0000320E449087002E00020E2490870E148A2
:1008C000007800287ED1E048007800287BD03046B0
:1008D000F11706EB5171C1F3C70BF11706EB51711C
:1008E000C910A6EBC10151B105E0FDE384E084E04D
:1008F000FBE3FBE3FBE30BF1010000F0FF0B85F8EA
:1009000001B004EB8400CD4901EB8000C068CF4901
:10091000086008460068C01CB8BB41464846F1F76D
:10092000F9F8CB49086000201190A87013900024BA
:1009300026E0C7480068005D00F001000B90A81C8D
:100940001199415C9DF84C200B9890400143CAB22C
:10095000A81C119942549DF84C00072809D1119800
:10096000401C1190002013900022A81C11994254A1
:1009700004E09DF84C00401CC0B21390601C84B28F
:10098000B442D6DB0BF1020A33E0FFE713AA41467B
:100990004846F1F7A1F8AF49086000241FE0AD48D0
:1009A0000068005D9DF84C100841A91C08559DF891
:1009B0004C0090B1A848006800EB440080789DF896
:1009C0004C1001E014E00FE0C1F108018840A91CBF
:1009D000095D0843C1B2A81C0155601C84B25C4586
:1009E000DDDB0BF1020A04E0062096490870BEE246
:1009F000FDE70AF0FF0010E700BF1798052801DAAD
:100A000000200AE7B7F8010004F016FB8146B7F8AA
:100A1000030004F011FB06467D2E03DD0320894907
:100A200008708AE03878042843D100241AE004EBE7
:100A300084008A4931F8200004EB8401874A02EBE4
:100A400081014988084480B2129004EB8400114669
:100A500031F82000484503DC1298814500DA05E0B2
:100A6000601C84B27E4800788442E0DB00BF04F062
:100A7000FF087B480078804503D102207149087047
:100A80005AE004EB8400754931F8200004EB84013E
:100A9000724A02EB81014988084409EB0601884249
:100AA00003DA03206749087046E0002065490870B2
:100AB00042E000241AE004EB84006A4931F8200087
:100AC00004EB8401674A02EB81014988084480B243
:100AD000129004EB8400114631F82000484503DCF5
:100AE0001298814500DA05E0601C84B25E48007807
:100AF0008442E0DB00BF04F0FF085B4800788045DB
:100B000003D102204F49087016E004EB84005549D8
:100B100031F8200004EB8401524A02EB810149883C
:100B2000084409EB0601884203DA032045490870AE
:100B300002E000204349087000BF424800780028C6
:100B40007AD141480078002877D070064FEA106BC0
:100B50003878032808D108EB8800424901EB80006F
:100B6000C0683A49086007E008EB88003B4901EBA0
:100B70008000C06835490860B8F1050F04D13B48D2
:100B80000078401C3949087030480068099009987D
:100B9000401D062870D2DFE800F0FEFDAE8125037F
:100BA0003878032806D141464846F0F7C7FF2A495E
:100BB000086005E041464846F0F7E8FF264908602E
:100BC00085F801B000240AE02349096831F81400CF
:100BD00004F032FAA91C21F81400601C84B2B4425B
:100BE000F2DBBAE141464846F1F70EF820490860C9
:100BF00085F801B000244BE004EB84001C4909682F
:100C000008440079C00938B904EB84001849096820
:100C100008440068109003E09FED160A8DED100A5D
:100C2000BDF840000F900F9804F006FAA91C21F8B7
:100C30002400BDF8420020E09AE195E138E600206A
:100C4000730A0020700A0020810A0020940A002004
:100C5000880A0020840A00208C0A002008E4002072
:100C6000710A0020D4E50020720A0020900A0020BA
:100C7000780A0020FFFF7F7F00E10F900F9804F0BB
:100C8000DBF9A91C042202FB04114880601C84B219
:100C900006EBD671B4EB610FAEDB5EE14146484630
:100CA000F0F788FFF549086085F801B000241CE0E2
:100CB00004EB8400F1490968084400680E90BDF80F
:100CC00038000F900F9804F0B7F9A91C21F8240000
:100CD000BDF83A000F900F9804F0AEF9A91C042259
:100CE00002FB04114880601C84B206EBD671B4EBA1
:100CF000610FDDDB31E141464846F0F785FFE04911
:100D0000086085F801B0002429E004EB8400DC4988
:100D1000096808440079C00938B904EB8400D8494F
:100D2000096808440068109003E01FED2E0A8DED5D
:100D3000100ABDF840000F900F9804F07DF9A91C2F
:100D400021F82400BDF842000F900F9804F074F9C8
:100D5000A91C042202FB04114880601C84B206EB2B
:100D6000D6714910891EA142CFDC04EB8400C4492E
:100D7000096808440D9007F073FF0E900D980088E5
:100D80000F900F9804F058F9A91C21F82400BDF821
:100D9000360001E00AE040E00F900F9804F04CF9B3
:100DA000A91C042202FB04114880D6E001AA414696
:100DB0004846F0F717FF089085F801B0002429E0B5
:100DC00004A90898FAF7A9FB0390002002901BE001
:100DD000BDF8040058B904AA029932F8110004F0D1
:100DE0002BF9A91C21F81400601C84B204E0BDF8A2
:100DF0000400401E80B201900298401C80B2029014
:100E00000398401E80B2039003980028E0D1089810
:100E10000C300890B442D3DB9FE041464846F0F7DF
:100E2000F3FE9849086085F801B0002420E0954859
:100E3000006890ED000A8DED100ABDF840000F909B
:100E40000F9804F0F9F8A91C21F82400BDF842001D
:100E50000F900F9804F0F0F8A91C042202FB041173
:100E6000488088480068001D86490860601C84B27C
:100E700006EBD671B4EB610FD9DB6EE0387803284E
:100E80000CD141464846F0F76DFE7E490860414668
:100E90004846F0F7D1FE7C4908600BE041464846E1
:100EA000F0F7B2FE7749086041464846F0F7D8FEB1
:100EB0007549086085F801B000244AE0714800686F
:100EC00090ED000A8DED100A9DED100A5FED970A76
:100ED000B4EE600AF1EE10FA27D06B480068408843
:100EE00000EE100AB8EE400ADDED100A30EE200ADE
:100EF0008DED100A64480068008800B20C900C98D0
:100F000017F00CFBDDED100A20EE200A8DED100A23
:100F10009DED100AF6EE000A30EE200ABCEEC00A83
:100F200010EE100A80B20F9002E04FF6FF700F90A3
:100F300054480068001D5349086053480068001D6C
:100F4000514908600F9804F077F8A91C21F81400A3
:100F500001E0B442B2DB00BF00BF00BF022000EBE3
:100F600046001FFA80FA04E006204849087057E25C
:100F700056E20AF0FF0050E497F805A017980628FB
:100F800001DA002049E4B7F8010004F055F8814681
:100F9000012600241AE004EB84003D4931F82000CA
:100FA00004EB84013A4A02EB81014988084480B28B
:100FB000129004EB8400114631F82000484503DC10
:100FC0001298814500DA05E0601C84B2314800784F
:100FD0008442E0DB00BF04F0FF082E480078804523
:100FE00003D102202949087002E000202749087037
:100FF0002648007800287BD127480078E8B308EB22
:101000008800234901EB8000C0681F49086000E0A8
:10101000F8E108460068A8B941464846F0F78EFD59
:101020001E49086000240AE06100891D785A04F016
:1010300003F81A49096821F81400601C84B2B4420C
:10104000F2DB7FE041464846F0F78CFD0D49086031
:1010500041464846F0F7F0FD0B49086008EB880070
:101060000B4901EB8000008A28B141464846F0F761
:1010700065FD0A490860002462E078E07C0A0020EF
:10108000780A0020740A0020940A0020700A0020C8
:10109000D4E50020720A0020810A00208C0A00207A
:1010A00008EB8800E44901EB8000008A40B1610050
:1010B000891D785A03F0C0FFE049096821F814003F
:1010C0006100891D785A03F0B7FF00EE100AB8EEF0
:1010D000400A8DED100ADA480068008800B20C90D2
:1010E0000C98404200B204E046E093E15BE170E11D
:1010F00041E017F013FADDED100A20EE200A8DED25
:10110000100ACF480068408800EE100AB8EE408A06
:101110009DED100A30EE480A8DED100A9DED100A83
:10112000C848006880ED000AC6480068001DC5492F
:101130000860C3480068001DC1490860601C84B293
:10114000B442ADDBC048006820B131464846BE4AD3
:1011500012689047484603F06FFFA5F8010030463B
:1011600003F06AFFA5F803004FF0050A03E006202C
:10117000B649087054E100BF97F805A017980628F3
:1011800001DA002037E41798801F504501DA00206B
:1011900031E4B7F8010003F04FFF8146B7F80300D0
:1011A00003F04AFF06467D2E03DD0320A7490870A1
:1011B00043E000241AE004EB84009F4931F820004A
:1011C00004EB84019C4A02EB81014988084480B207
:1011D000129004EB8400114631F82000484503DCEE
:1011E0001298814500DA05E0601C84B298480078C6
:1011F0008442E0DB00BF04F0FF089548007880459A
:1012000003D102209149087016E008EB88008A4952
:1012100031F8200008EB8801874A02EB81014988F8
:10122000084409EB0601884203DA03208749087065
:1012300002E000208549087000BF84480078E8BBC0
:1012400084480078D8B308EB88007B4901EB800024
:10125000C0687B49086008460068A8B9414648460E
:10126000F0F76CFC7549086000240AE06100891DF4
:10127000785A03F0E1FE7149096821F81400601CF6
:1012800084B2B442F2DB71E06D480068401CE8B300
:1012900041464846F0F766FC6A49086041464846C0
:1012A000F0F7CAFC6649086008EB8800624901EB68
:1012B0008000008A40B14146484601E06FE06AE0A4
:1012C000F0F73CFC5D49086000244DE008EB880025
:1012D000594901EB8000008A40B16100891D785AAC
:1012E00003F0AAFE5549096821F814006100891D20
:1012F000785A03F0A1FE00EE100AB8EE400A8DED18
:10130000100A4F480068008800B200E02EE00C9000
:101310000C98404200B217F001F9DDED100A20EE02
:10132000200A8DED100A46480068408800EE100A39
:10133000B8EE400AB0EE408A9DED100A30EE480A41
:101340008DED100A9DED100A3E48006880ED000A00
:101350003C480068001D3B49086039480068001D92
:1013600037490860601C84B2B442AFDB364800687D
:1013700020B131464846344A12689047484603F047
:101380005BFEA5F80100304603F056FEA5F8030009
:101390004FF0050A04E006202C49087040E03FE0C9
:1013A0000AF0FF00E7E5179806280ED10AAA294699
:1013B000384600F071FD254908700846007818B9D4
:1013C0009DF828A05046D6E528E003201F49087064
:1013D00024E02149179808700846007807280DDB9B
:1013E0000A462946384600F097FE18490870084614
:1013F000007830B94FF0070A5046BCE50320134986
:1014000008700BE029463846144A126890474FF09E
:101410003C0A03E001200D49087000BF00BF00BF77
:10142000287840F0800028700848007868704FF0F5
:10143000020A50469FE50000D4E500208C0A0020F7
:10144000940A0020740A00209C0A0020700A0020E0
:10145000720A0020810A0020800A0020A00A0020D1
:10146000F8B504460E46002740F22230844213D1DC
:10147000C548007878B10221012002F0ADFA0320BE
:1014800001230090C14802680020014601F0AEFE31
:101490000120BF490870F8BDB4F5497F03D1012090
:1014A000BC490870F7E740F22D3084421DD1B9489D
:1014B0000078D0B9B849097849B1B8490868C11766
:1014C00000EB91718910B44A1278914202DC01203C
:1014D000B1490870B0484078032802DD0020AE49C9
:1014E00048700120AB490870D5E741F2F8108442FA
:1014F00002D105F033FBCEE7002539E16019A0F5F4
:1015000061701F286ED2DFE800F01014181C202430
:101510006E7F6D6DBB6DC86DD46DE06DF36DFE6D4E
:10152000F06DEF6DEE6DED6DEC000F2004F04EFFF1
:10153000B1E7012004F04AFFADE7022004F046FFC6
:10154000A9E7042004F042FFA5E7082004F03EFFCD
:10155000A1E79FED930A934880ED000A9FED900A62
:1015600010EE100A8F49C1F805009FED8D0A10EEAC
:10157000100AC1F80A009FED8A0A10EE100AC1F89D
:101580000F009FED870A10EE100A48619FED840A54
:1015900010EE100AC1F819009FED810A10EE100A32
:1015A000C1F82D009FED7E0A10EE100AC1F832003E
:1015B0009FED7B0A10EE100AC1F81E009FED780A1D
:1015C00010EE100AC1F823009FED750A10EE100A04
:1015D000886240F6FF7088630FF0F4FF02F0E2FDCE
:1015E00006F090FCC2E07048407E20F001006E4999
:1015F00048760846407E002213460146009040F699
:10160000DC30F1F7B5FFB1E0684800680078D0B190
:101610006748007800F0010088BB01206349096831
:1016200008706348007820F00100401C6049087091
:1016300008460078002213460146009040F61C4000
:10164000F1F796FF1BE05A48007800F00100B0B1B6
:1016500000205649096808705648007878B95448FF
:10166000007820F0010052490870084600780022F6
:1016700013460146009040F61C40F1F779FF75E0F3
:101680004D4890ED000A474880ED000A806B20F03D
:10169000010044498863012768E0474840684149A0
:1016A000C1F805000846806B20F00200886301271E
:1016B0005CE0414880683B49C1F80A000846806BFD
:1016C00020F004008863012750E03B48C06835499A
:1016D000C1F80F000846806B20F0080088630127DE
:1016E00044E03CE02FE028E020E018E00BE0FFE7DA
:1016F000314800692B4948610846806B20F0100092
:101700008863012732E02C4840692649C1F8190056
:101710000846806B20F020008863012726E02648D9
:1017200080692049C1F81E0001271FE02248C069D6
:101730001C49C1F82300012718E01F48006A194915
:101740008862012712E01C48406A1649C1F82D0042
:101750000846806B20F480708863012706E01648F5
:10176000806A1049C1F83200012700BF00BF6D1C1C
:10177000B542FFF6C3AE0FB10FF024FF02F012FD29
:1017800006F0C0FB00BF86E6280400202C040020E1
:10179000CB0A0020B0040020100400209CCD0308D8
:1017A000000000005CD9002042D90020C8060020BB
:1017B000F2060020C406002098D900202DE9F04749
:1017C00004460D4690461F46DDE9089A207800F051
:1017D000800020B1207800F08000BDE8F0872078FC
:1017E00003280CD004DC012807D0022854D105E0DE
:1017F000042805D010284FD131E000BF4CE000BFD5
:101800002078B84201D01120E7E76178A81E814214
:1018100001D01220E1E7B9F1000F12D0524629465B
:101820002046F0F70BFF1E490880605B03F004FCC4
:101830001C4908801A4800880988884201D0132072
:10184000CBE7002606E0A119488803F0F5FB28F84D
:101850000600B61CA81EB042F5DC0020BDE72078CB
:10186000B84201D01120B8E7B9F1000F12D05246AA
:1018700029462046F0F7E2FE09490880605B03F044
:10188000DBFB08490880064800880988884201D0A7
:101890001320A2E70020A0E700BF00209DE7000082
:1018A000980A00209A0A002086B08046444624B157
:1018B0000121FE4808F029FB03E00121FC4808F063
:1018C00024FBDEE20025D6E204EB840000EBC4003A
:1018D000F84901EB800005EB850101EBC5010844E7
:1018E000407900B9C6E204EB840000EBC400F14982
:1018F00001EB800005EB850101EBC501084440794F
:10190000042800DDB6E204EB840000EBC400E949E2
:1019100001EB800005EB850101EBC501084400687F
:10192000E5490968081A04EB840101EBC401E14AA6
:1019300002EB810105EB850202EBC5021144097936
:1019400088427CD904EB840000EBC400D94901EB48
:10195000800005EB850101EBC501084440790028B2
:101960006DD0D548006804EB840101EBC401D14A75
:1019700002EB810105EB850202EBC5021144086010
:1019800004EB840000EBC400CA4901EB800005EBC6
:10199000850101EBC5010844D0F80600C749096874
:1019A00088427DD004EB840000EBC400C14901EB08
:1019B000800005EB850101EBC5010844807A48B938
:1019C0000020BF4901EB04118880BD4901EB0411DF
:1019D000088120E04FF48050B94901EB0411888060
:1019E00004EB840000EBC400B24901EB800005EB7E
:1019F000850101EBC5010844807A012805D18002E8
:101A0000AF4901EB0411088105E04FF4C060AC4917
:101A100001EB0411088104EB840000EBC400A5492C
:101A200001EB800005EB850101EBC5010844C07A9C
:101A300030B90020A24901EB0411C88006E014E28D
:101A40004FF400509E4901EB0411C88004EB840060
:101A500000EBC400974901EB800005EB850101EB29
:101A6000C5010844D0F80600954901EB041108604F
:101A70002CB1934910318D4808F0F0FC03E09049F7
:101A80008B4808F0EBFC04EB840000EBC4008949B0
:101A900001EB800005EB850101EBC501084400E086
:101AA00003E0D0F806008549086004EB440085494E
:101AB00001EBC00005EB450110F81160012E06D0C6
:101AC000032E05D0042E04D0102E7CD147E000BF99
:101AD00000BF04EB840000EBC400764901EB8000FA
:101AE00005EB850101EBC5010844007B764901EB5C
:101AF00004210870744800EB0420467004EB440194
:101B0000704A02EBC10105EB450201EB4201488836
:101B100003F092FA6C4901EB0421488004EB440184
:101B2000684A02EBC10105EB450201EB42018888DE
:101B300003F082FA644901EB04218880624901EBD9
:101B400004200621F0F75EFD8346584603F074FA40
:101B50005D4901EB0421C8804FF0080979E0DFF806
:101B60006CC10CEB041C5CF82530C5EB051EDFF8DE
:101B700060C1DCF800C00CF1010C1CF80E2004EB75
:101B8000440CDFF840E10EEBCC01DFF83CC10CEB7C
:101B9000042C0CF107009847074604EB840000EB87
:101BA000C400444901EB800005EB850101EBC50150
:101BB0000844007B444901EB04210870424800EBD3
:101BC0000420467000E043E004EB44013D4A02EB90
:101BD000C10105EB450201EB4201488803F02CFAF4
:101BE000394901EB0421488004EB4401354A02EBFA
:101BF000C10105EB450201EB4201888803F01CFAA4
:101C0000314901EB0421888004EB44002D4901EBAC
:101C1000C00005EB450100EB410000794006000ED5
:101C2000294901EB04218871FA1DD1B2264A02EB41
:101C30000420F0F7E7FC8346584603F0FDF92249FB
:101C400001EB0422F91D5052881C1FFA80F900E0B4
:101C500010E100BFACB180211E48F9F7E9FB1E4935
:101C60001E48F2F76DFA012210211C48F2F7D6FB4C
:101C70001B491A48F2F764FA49461848F2F726FC5D
:101C80003CE0184801881848F9F7D2FB1749184872
:101C9000F2F756FA012210211548F2F7BFFB154959
:101CA0001348F2F74DFA4946114825E00044004038
:101CB0000010014018E90020AC000020DC0A0020E0
:101CC0009CE60020E8E8002080E90020F8EF0020F2
:101CD000D00A0020000C0240000001A0A0600240D9
:101CE00000802020BA0A002000040240000040A02A
:101CF000B864024000800028F2F7E8FB4FF47A71E4
:101D0000002016F025FB03AB07C35E4800EB042060
:101D1000C01C5D490860039840281DD104EB840075
:101D200000EBC400594901EB800005EB850101EB94
:101D3000C50108444079CDE9000404EB440054494E
:101D400001EBC00005EB450100EB410300224021FF
:101D50002846F8F79BFF88E0049802904D4830F839
:101D60001400042864DD04EB840000EBC400474940
:101D700001EB800005EB850101EBC5010844007B08
:101D8000404901EB0421097888421CD004EB84000F
:101D900000EBC4003D4901EB800005EB850101EB40
:101DA000C50108444079CDE9000404EB44003849FA
:101DB00001EBC00005EB450100EB410300221021BF
:101DC0002846F8F763FF2F4800EB04200078012134
:101DD000304ACDE9001012F81420D21ED1B2294A9F
:101DE00002EB0422501C3346274A1268FFF7E6FC38
:101DF000824604EB840000EBC400244901EB800020
:101E000005EB850101EBC50108444079CDE90004EB
:101E100004EB44001E4901EBC00005EB450100EB5B
:101E200041031948514602682846F8F72FFF1CE085
:101E300004EB840000EBC400144901EB800005EBC7
:101E4000850101EBC50108444079CDE9000404EBAC
:101E500044000F4901EBC00005EB450100EB4103D5
:101E6000002220212846F8F711FF4FF4FA7016F0EF
:101E70009BF900BF6D1C042DFFF626AD462016F021
:101E800093F91FE580EB0020E00A002018E900200C
:101E9000E8E80020E40A00202DE9F04786B0054676
:101EA0000E469146B5F8010003F0C6F88246B5F833
:101EB000030003F0C1F83749088095F80580B8F1B0
:101EC000F60F03DD032006B0BDE8F087CDF81480DF
:101ED00000245BE0304800EB04100088504554D1EA
:101EE0002D4800EB0410806800284AD0294800885B
:101EF00098B900200090284800EB041005AB01AA17
:101F0000D0F808C0234801885046E04707462349D7
:101F1000059808600FB10420D5E7204800684045C7
:101F200005D9CDF8148000201D49087005E01B4834
:101F30000068059001201A49087006200090164894
:101F400000EB041005ABF21DD0F808C01148018861
:101F50005046E0470746114800680599401A0F4966
:101F6000086087B90E4800787070D5F80100C6F88F
:101F700002000598B0710598C01D89F80000002086
:101F8000A1E704209FE738469DE7641C052CA1DBF0
:101F9000022098E7240B0020D0F10020200B002025
:101FA0001C0B002086B0AAE000220121084617F091
:101FB00067FD06460120059005AA0221304613F070
:101FC000C7FA05AA0121304613F0C2FA04464C486C
:101FD000008800BA000CADF806000120ADF804003E
:101FE00000200290102201A9304612F08FFE044614
:101FF0000121304613F02EFC0446002714E0002295
:102000001146304612F074FC0546002D00DD0CE050
:102010000A2016F0C9F87F1C44F62060874203D9D5
:10202000FF20384908604AE0E9E700BF0AE030468F
:1020300012F0E6FF0446201D18B9012016F0B4F88E
:1020400000E000E0F3E700BF2E462F4806602E2098
:102050000123324600900020014601F0C7F82B48CA
:1020600000682B49086027E001234FF49672294944
:10207000304616F086FA0446201D70B923480068E1
:1020800023490968401A3C2803D909201D490860E2
:1020900013E0012016F088F80EE0002C03DC092084
:1020A0001849086009E01948006819490860214684
:1020B0001848FEF749FB00BFD6E700BF00BF19E094
:1020C000304612F09DFF0446201D08B1E01D18B9EE
:1020D000012016F069F80DE00A480068FF2808D0D2
:1020E0002E2000230090074802681846194601F088
:1020F0007DF800E0E4E700BF642016F055F853E7F0
:10210000EC0A0020E4000020F00A0020AC000020CF
:10211000F40A002080ED00202DE9F04F87B004463E
:102120000F469046608802F087FF8146A08802F043
:1021300083FF824694F806B0BBF1F60F03DD03205F
:1021400007B0BDE8F08F00255FE0324800EB0510D6
:102150000088484558D12F4800EB051080680028BA
:1021600050D0BAF1000F15D1D4F80B000690002022
:102170000090284800EB051006AB02AA5146D0F8A3
:1021800008C04846E04706460020234908600EB1D3
:102190000420D5E7607821490870CDF818B00620F2
:1021A00000901C4800EB051006ABE21D5146D0F82C
:1021B00008C04846E047064616BB184800787870C5
:1021C000D4F80200C7F80200A079B871072088F897
:1021D00000001248007888B1072000900D4800EBFD
:1021E000051006ABE21D5146D0F808C04846E0474E
:1021F00006460EB90020A3E70420A1E700209FE7D0
:1022000004209DE704209BE76D1C052D9DDB02202B
:1022100096E7000080F10020200B00201C0B00201E
:102220000149087070470000810A00200EB50121A5
:10223000484806F0D0FD0121474807F066FE88E0D7
:102240004FF0FF31042016F083F88DE807000021DD
:10225000404807F08AF802213E4806F0B4FD042108
:102260003C4806F0B0FD3D480088012801D101241A
:1022700000E00024394801883948F0F785FA00B9B0
:10228000022484B93648007836490870334800780B
:10229000C01EC1B2334A521C3148401CFEF79CFAA2
:1022A0003149088002E000202F4908802E4800882C
:1022B000C0B32D480088401C2B490880084601887F
:1022C000284804F0C5FB28480088801C264908805F
:1022D0004FF0FF31022016F03BF88DE8070023484D
:1022E00001882348F9F7A4F822492348F1F728FF89
:1022F000012210212048F2F791F82048008840F090
:1023000001001E490880184801881B48F2F7DEF8D2
:102310001B480078E8B14FF47A7015F045FF02F0E1
:1023200097FF16E0FFE700210A4807F01EF8022198
:10233000084806F048FD0421064806F044FD012146
:10234000044806F048FD012240F22551024808F0F9
:102350005FF875E70004004000100140C20A002049
:10236000BCE60020E8E70020CE0A0020BA0A0020E0
:102370000004024000800028B8640240CC0A00201B
:10238000CB0A002070B505460CE0284612F038FE56
:102390000446201D08B1E01D18B9012015F004FF06
:1023A00000E000E0F1E700BF70BD000070B5002163
:1023B00000230F22C4781CB3174C246804F4E06493
:1023C000C4F5E064C4F30721C1F10404E3B20A4197
:1023D00044789C40E1B28478144021430C07210EDC
:1023E0000E4C05786155047804F01F050124AC40BB
:1023F00005786D11AD0005F1E025C5F8004109E053
:10240000047804F01F050124AC40054D06787611D0
:1024100045F8264070BD00000CED00E000E400E04F
:1024200080E100E002490143024A11607047000068
:102430000000FA050CED00E0024A0A400243024B9C
:102440001A60704780FFFF1F08ED00E006F008FCEF
:102450001B49086001201B49087030E04FF47A7076
:1024600015F0A2FE1848C07F48B306F0F9FB0446F9
:1024700013480068201A3C2821D91448007800F03D
:10248000080018B101201249087002E0002010492C
:102490000870104800780E49097888420FD00C481F
:1024A000007820B94FF4805004F0E0FB03E04FF4D3
:1024B000805002F0F7FD0648007806490870CDE725
:1024C000FC000020E8000020C0DE002020020020E8
:1024D000010100200001002010B54FF0A04040692C
:1024E0004FF0A041896900EA010420460AF06EF825
:1024F00010BD000010B586B0044604F0010080B1A4
:102500002848F6F733F84FF48050019002200290EB
:102510000020039004900A20059001A92148F9F7B2
:102520006BFC04F0020080B11E48F6F71FF84FF470
:1025300000600190022002900020039004900A2085
:10254000059001A91748F9F757FC04F0100080B175
:102550001448F6F70BF84FF48060019002200290C7
:102560000020039004900A20059001A90D48F9F776
:1025700043FC04F0040090B10B48007802280ED10F
:102580000848F5F7F3FF4FF4007001900020029027
:1025900003900490059001A90248F9F72DFC06B0BC
:1025A00010BD000000000240740B002010B504466E
:1025B00004F0010020B14FF480510F48F9F762FB9D
:1025C00004F0020020B14FF400610B48F9F75AFB08
:1025D00004F0100020B14FF480610748F9F752FB76
:1025E00004F0040038B105480078022803D1010244
:1025F0000148F9F747FB10BD00000240740B0020B2
:1026000030B52DED028B83B00546B0EE408A002434
:1026100044E0264800EBC4000079E8BB6846F9F7BF
:10262000BDFA0120214901EBC401087100201F49B6
:1026300041F834001E48006800EBC43085621C4835
:10264000006800EBC43080ED088A1948DDE90021FC
:10265000006800EBC430C0E9062142F2283014497A
:10266000096801EBC431086110211148006800EBD2
:10267000C430416100200D4941F83400012C02D1E1
:1026800001200C4908604FF6FF700B490860601C80
:1026900003B0BDEC028B30BDFFE7641C022CB8DB3D
:1026A00001D10020F4E74FF0FF30F1E7E41E0020F5
:1026B000F403002000040020FA0300200021034A54
:1026C00002EBC0021171024A11547047E41E00204F
:1026D000F80300202DE9F0472DED068B81463649A1
:1026E0004846F9F735F83448D0E90021104618F08B
:1026F000AFFC41EC1A0B314890ED000B53EC102B62
:1027000051EC1A0B18F032FF19F096F806460F46F6
:10271000294AC0C22849484600F0AAFC4FF00008E8
:1027200041E01823424626494846F9F725F8002497
:102730002FE0234850F8245000EE105AB8EEC00A9B
:10274000B0EE408A1F4800EB840090ED000A20EEB6
:10275000080AB0EE408A1C48407848B9032C11DAC8
:102760001A4890ED000A28EE000AB0EE408A09E00F
:1027700004F0010030B9154890ED000A28EE000A77
:10278000B0EE408A0E4800EB840080ED008A601CA9
:10279000C4B2062CCDDB182342460949484600F056
:1027A00077FC08F1010840F253508045B9DBBDECDD
:1027B000068BBDE8F0870000B0D40020A8040020FC
:1027C00098D40020F022002010040020580500209A
:1027D0002DE9F04104460D4616461548006900F003
:1027E0001C0747F0010040EAC42040EA8510104968
:1027F0000861F9F707FC804600BF0D48006900F04A
:10280000010000B905E0F9F7FDFBA0EB0800022884
:10281000F3D300BF0648006900F0010028B904485E
:10282000406930800020BDE8F0816FF00200FAE7D7
:10283000008002402DE9F04105460E461746194832
:10284000007900F0020018B94FF0FF30BDE8F081C8
:102850001548006900F01C0848F0010040EAC52056
:1028600040EA861010490861F9F7CCFB044600BF26
:102870000D48006900F0010000B904E0F9F7C2FB5F
:10288000001B0228F4D300BF0748006900F00100D4
:1028900020B90548406938800020D7E76FF0020072
:1028A000D4E700000C400120008002402DE9F041F7
:1028B00005460E4617461848007900F0020018B980
:1028C0004FF0FF30BDE8F08114484761006900F027
:1028D0001C0848F0030040EAC52040EA86100F4972
:1028E0000861F9F78FFB044600BF0C48006900F04F
:1028F000010000B904E0F9F785FB001B0228F4D3BE
:1029000000BF0648006900F0010008B90020D9E7BF
:102910006FF00200D6E700000C400120008002406A
:10292000F0B41648164A01681648D0F800C0F1B94C
:10293000154B186A00680021144DA0FB057601FBB9
:10294000056500FB0150124C241A894101D211493E
:102950004018114993F8404021F8140004F1010097
:10296000C0B283F840004FF00D0321F8103010681A
:1029700040EA0C001060F0BC7047000084020020A8
:10298000143C0140940200200802002040420F0045
:1029900020A10700C0BDF0FF601100204FF480713E
:1029A00091FAA1F1B1FA81F1014A42F82100704790
:1029B00000000E424FF4007191FAA1F1B1FA81F1D9
:1029C000024A02EB8101C1F88000704700000E420C
:1029D00001B56846C17803290BDB01210B4A117050
:1029E0009FED0B0A0B4981ED010A9FED0B0A81ED6A
:1029F000020AC178042904DB4FF48071074A118070
:102A000002E02021054A118008BD00004F0B002084
:102A10008FC241422409002000805E45BA0A00208E
:102A200038B5044624B1012C5DD0022C5AD117E0F0
:102A30002E48807A00F0010010B94FF0FF3038BD09
:102A40002A48807A20F00200284988724FF40060FA
:102A50000881084602890021436808469847EEE746
:102A60002248807A00F0010010B94FF0FF30E6E70D
:102A70001E48807A00F0020008B10020DFE71B4802
:102A80006A460221036800209847BDF8000022280A
:102A900002D06FF00300D2E714486A4603210368AE
:102AA00000209847BDF800004FF6F0710840B0F5DF
:102AB000AB5F02D06FF00300C1E700200B49088133
:102AC00008460289002143680846984710B14FF034
:102AD000FF30B4E70548807A40F00200034988726D
:102AE0000020ACE700BF6FF00300A8E70040012022
:102AF000F8B5064626B1012E7ED0022E7BD17EE0AF
:102B000000BF002000909E48006840F000709C4983
:102B100008600846006800F00070009000BF00BF29
:102B200000BF002000900846006840F08060086008
:102B30000846006800F08060009000BF00BF00BF42
:102B4000002000900846006840F0006008600846D9
:102B5000006800F00060009000BF00BF8848203887
:102B6000006840F0007086492039086000BF00BF4F
:102B700000BF00BF82482038006820F00070804904
:102B8000203908603D20002817DB00F01F020121DA
:102B900091407C4A430942F8231000BF00BF00BFA8
:102BA000BFF34F8F00BF00BF00BF00BF00BF00BF1B
:102BB000BFF36F8F00BF00BF00BF00BF002072498E
:102BC000C861724908606E48006820F000706C4966
:102BD00008600846006820F08060086008460068C9
:102BE00020F0006008606A48007920F0020068491F
:102BF0000871C2E000E0BDE06FF00300F8BD64487A
:102C0000007900F0010010B94FF0FF30F6E760489E
:102C1000007900F0020000B1AFE000BF002000909A
:102C20005748006840F00070554908600846006841
:102C300000F00070009000BF00BF00BF00200090B7
:102C40000846006840F0806008600846006800F0B0
:102C50008060009000BF00BF00BF002000900846C9
:102C6000006840F0006008600846006800F00060FE
:102C7000009000BF00BF4448006840F00100424996
:102C8000086000BF4048006800F001000028F9D14A
:102C90003D48006840F080003B490860F9F7D6FBEA
:102CA00004463C48844201D3102516E03A48844249
:102CB00001D3042511E03948844201D300250CE0FA
:102CC0003748844201D30C2507E03648844201D3BB
:102CD000082502E04FF0FF3090E7334805614FF4DC
:102CE0002040314908602020486080208861002011
:102CF000086448648864C864086548658865C86570
:102D00000846C06B40F40270C86312F0BDFB12F0BD
:102D1000EFFB4FF0FF301C4948612448C8614FF475
:102D200003102349086023481F49C1F80C013D20C6
:102D3000002807DB00F01F02012191401E4A4309D1
:102D400042F8231000BF3D20002809DB00F01F02DD
:102D5000012191404209920002F1E022C2F80011E3
:102D600000BF00200A4988600846007940F0020050
:102D7000087102E06FF0030040E700BF00203DE76C
:102D80003038024080E100E00090024000870240BD
:102D90000C40012080D1F00800E1F5050087930385
:102DA000C00E160240787D01008002404100010003
:102DB000108102406000020080E200E02DE9F34152
:102DC00084B00746002419E005A8005D03A9085552
:102DD00003A8005D302141EA10110720A0EB440058
:102DE000401E01AA115403A8005D00F00F0040F03E
:102DF00030000721A1EB44015054641C042CE3DB98
:102E0000B84672B6F5F706FD0646092E01D0F6F76C
:102E1000AFFCF5F77BFD002410E001AA115D08EB83
:102E20004400F5F725FD0546092D06D0F5F716FDFA
:102E300062B6284606B0BDE8F081641C082CECDBC5
:102E4000F5F70CFD62B60920F4E700002DE9F0412A
:102E500006460D46144600BF3C4911F81400FBF726
:102E60000DFF10B90220BDE8F081394830F8140098
:102E7000384931F81410884208DD354830F814001C
:102E8000344931F81410401A471007E0314830F83F
:102E900014002F4931F81410401A47102E480088AA
:102EA000874202D3012015F07FF92B480088874222
:102EB000D2D26820254931F81410284A02EB41216A
:102EC0000870281D214931F8141002EB4121487087
:102ED0001F4830F814001D4931F8141002EB41214D
:102EE00048801F4830F81400184931F8141002EBDC
:102EF00041218880164830F81400801C144921F8BC
:102F00001400124931F8141002EB4121881D2A46A1
:102F10003146EDF728FCAB1D9AB20C4B33F8143058
:102F2000DFF838C00CEB4321084B13F8140003F012
:102F300061F880460B4800680B4941F824000948B5
:102F400000680A4941F8240040468CE752010020FD
:102F5000700100208801002012010020140D0020C3
:102F600072010020AC000020800100207C010020C4
:102F70002DE9F04105460E4614466820374931F8E0
:102F80001410374A02EB412108700E20334931F802
:102F9000141002EB41214870324830F814002F49D8
:102FA00031F8141002EB412148802F4830F814000A
:102FB0002A4931F8141002EB41218880294830F861
:102FC0001400801C274921F814006420234931F89B
:102FD000141002EB412188710120204931F81410AE
:102FE00002EB4121C871214800881C4931F81410B6
:102FF00002EB412148810020184931F8141002EBFE
:1030000041210873154931F8141002EB412148732E
:10301000124931F8141002EB4121887306F11400B3
:103020000E4931F8141002EB4121C8730B4830F8F7
:103030001400114601EB40200581084A32F81420A3
:103040000B4603EB4221054A12F81400102202F04D
:10305000D1FF07463846BDE8F0810000520100204C
:10306000140D00207001002072010020E6010020F4
:1030700070B500B970BD401E044A126802EBC03240
:1030800091E87800183278C200BFF3E7F40300201B
:103090002DE9F04104460F4616461D460CB9BDE821
:1030A000F081641E0749096801EBC4313031AA0878
:1030B000724301EB82002A463946EDF754FB00BF0C
:1030C000EDE70000F40300202DE9F04105460E462F
:1030D000144668203D4931F814103D4A02EB412165
:1030E00008701420394931F8141002EB412148705E
:1030F000384830F81400354931F8141002EB4121FA
:103100004880354830F81400304931F8141002EB8B
:10311000412188802F4830F81400801C2D4921F867
:1031200014006720294931F8141002EB41218871FD
:103130000120264931F8141002EB4121C8712748BB
:103140000088224931F8141002EB41214881002007
:103150001E4931F8141002EB412108731B4931F864
:10316000141002EB41214873184931F8141002EB96
:1031700041218873154931F8141002EB412101F106
:103180000F00314606F004FE104830F814001049D4
:1031900001EB402005810D4A32F814200B4603EB69
:1031A00042210A4A12F81400162202F023FF0746B1
:1031B0000B4800680B4941F82400094800680A4997
:1031C00041F824003846BDE8F0810000520100209B
:1031D000140D00207001002072010020E601002083
:1031E000AC000020800100207C0100202DE9FC4182
:1031F00004460D46174698462D480078401CC6B236
:10320000102E00DB00262B48008886424DD000217E
:1032100084EA01006940084306D027482449098808
:1032200000EB011030C00BE06846F8F7B7FC224A0B
:103230001F4B1B8802EB0312DDE90010C2E90010EE
:103240001D481B49098800EB011080F808809DF893
:1032500020001949164A128801EB021148729DF8A4
:1032600021101548124A128800EB021081729DF855
:10327000221011480E4A128800EB0210C1720E484B
:103280000B49098800EB0110C760094806800088D7
:10329000102802DB0020064908800848007820B189
:1032A00001210748006815F047F8BDE8FC810000DF
:1032B000C8090020CA09002038E00020CE090020FB
:1032C000600300202DE9FC4104460D4690461F4650
:1032D00028480078401CC6B2102E00DB0026264885
:1032E0000088864243D0002184EA010069400843F7
:1032F00006D022481F49098800EB011030C00BE0BE
:103300006846F8F74BFC1D4A1A4B1B8802EB031268
:10331000DDE90010C2E9001018481649098800EBE1
:10332000011007729DF820001449124A128801EB1F
:10333000021148729DF8211010480E4A128800EBC5
:10334000021081729DF822100C480A4A128800EB84
:103350000210C172074806800088102802DB002096
:103360000449088004210648006814F0E5FFBDE820
:10337000FC810000E4090020E609002038E100207B
:103380006003002029B1064A12680243044B1A6008
:1033900004E0034A12688243014B1A607047000040
:1033A0003038024029B1064A12680243044B1A60C1
:1033B00004E0034A12688243014B1A607047000020
:1033C0004038024029B1064A12680243044B1A6091
:1033D00004E0034A12688243014B1A607047000000
:1033E0002038024029B1064A12680243044B1A6091
:1033F00004E0034A12688243014B1A6070470000E0
:103400004438024029B1064A12680243044B1A604C
:1034100004E0034A12688243014B1A6070470000BF
:10342000243802402DE9F041002100240026022723
:103430008C460225DFF82081D8F8008008F00C01C6
:1034400021B1042907D008294AD109E0DFF80C810D
:10345000C0F8008049E0DFF80881C0F8008044E04F
:10346000DFF8F480A8F10408D8F80080C8F3805C85
:10347000DFF8E480A8F10408D8F8008008F03F05E0
:10348000BCF1000F0DD0DFF8D080A8F10408D8F807
:103490000080C8F38812324BB3FBF5F302FB03F64E
:1034A0000DE0DFF8B880B8FBF5F2DFF8AC80A8F1EA
:1034B0000408D8F80080C8F3881302FB03F6DFF88D
:1034C0009880A8F10408D8F80080C8F3014808F1F2
:1034D00001084FEA4807B6FBF7F8C0F8008004E09F
:1034E000DFF87880C0F8008000BF00BFDFF8688098
:1034F000D8F8008008F0F0010909DFF8688018F8B2
:103500000140D0F8008028FA04F8C0F80480DFF801
:103510004880D8F8008008F4E051890ADFF8448038
:1035200018F80140D0F8048028FA04F8C0F80880A0
:10353000DFF82480D8F8008008F46041490BDFF8F8
:10354000248018F80140D0F8048028FA04F8C0F864
:103550000C80BDE8F0810000083802400024F4002F
:1035600040787D013E00002010B501460022002376
:1035700000204A11012A02D10A4C236808E0022ADD
:1035800003D1084C7034236802E0064C743423687D
:1035900001F01F02012494401C400CB1012000E006
:1035A000002010BD003802400021094A117011703E
:1035B000012802D0042808D103E00121044A117037
:1035C00004E00521024A117000E000BF00BF70470F
:1035D000703802400149086070470000800E474281
:1035E00001490860704700003C0E4742002100F48A
:1035F0004072B2F5407F08D1094A116821F4F811F0
:10360000084A02401143064A1160054A68321268AE
:10361000C0F30B031A43024B68331A607047000073
:1036200008380240FFFCFF0F014600BF080900EB0D
:103630008000420001F00F001044C0B27047014604
:10364000002204E0501CC2B2A1F10A00C1B20A2952
:10365000F8DA100741EA10607047000008B5002250
:10366000009200200021104A126802F04002CAB9FC
:10367000421E0D4B1A6000BF0B4A126802F0400157
:10368000009A521C0092009AB2F5803F01D00029A6
:10369000F2D0054A126802F040020AB1012002E0AD
:1036A000002000E0012008BD0C280040034800680D
:1036B00020F0800001490860704700000C2800409D
:1036C00070B506460C4600250E4800680E4900EA13
:1036D0000105280CE070C5F30420607005F03F0080
:1036E000A070C5F3423020705EB9E078FFF79CFF10
:1036F000E0706078FFF798FF6070A078FFF794FFA4
:10370000A07070BD042800403FFFFF0070B5064662
:103710000C4600250F4800680F4900EA0105C5F373
:1037200005402070C5F30620607005F07F00A07092
:1037300005F48000000CE0705EB92078FFF774FF9C
:1037400020706078FFF770FF6070A078FFF76CFF63
:10375000A07070BD002800407F7F7F0030B5044618
:103760000025CA201549086053200860FFF776FF3E
:1037700000B91DE011481C38006820F040000F49D6
:103780001C39086008460068216808430B491C3949
:1037900008600A491439A068086008460068A188D2
:1037A00040EA0140054914390860FFF77FFF012511
:1037B000FF2002490860284630BD00002428004050
:1037C00008B501460020009004480090009800EBE6
:1037D000810000900098006808BD0000502800405B
:1037E0002DE9F04105460C46002600274DB96078CA
:1037F00000F01000102804D1607820F010000A308A
:10380000607005B908E06078FFF70EFF0646A07803
:10381000FFF70AFF064600BF55B1E0780004617863
:1038200040EA0120A1780843217840EA413611E0BE
:10383000E078FFF704FF4FEA00486078FFF7FFFEEB
:1038400048EA0028A078FFF7FAFE48EA0008207846
:1038500048EA4036CA201249086053200860FFF742
:10386000FDFE08B9002714E00E4830400C4920390D
:103870000860FFF71BFF0A481C38006800F02000B2
:1038800030B900F079F808B9002702E0012700E01C
:103890000127FF20024908603846BDE8F08100009A
:1038A000242800403FFFFF002DE9F04105460C466B
:1038B000002600274DB92E48006800F0400000B1F6
:1038C00002E00020E07000BF0DE02948006800F031
:1038D000400020B12078FFF7A7FE064602E0002056
:1038E000E07000BF00BF55B120780004617840EA65
:1038F0000120A1780843E17840EA014611E02078F0
:10390000FFF79DFE4FEA00486078FFF798FE48EA0F
:103910000028A078FFF793FE48EA0008E07848EA1C
:103920000046CA2012491C31086053200860FFF786
:1039300095FE08B9002713E00E4830400C490839BD
:103940000860FFF7B3FE0A48006800F0200030B9B5
:1039500000F012F808B9002702E0012700E0012773
:10396000FF2003491C3108603846BDE8F0810000A3
:10397000082800407F7F7F0008B5002200920020C9
:103980000021CA22134B1A6053221A60114A183AB6
:10399000126822F0A0020F4B183B1A6000BF0D4ABC
:1039A000183A126802F02001009A521C0092009A04
:1039B000B2F5003F01D00029F1D0064A183A12684A
:1039C00002F020020AB1012000E00020FF22014B9A
:1039D0001A6008BD2428004008B500220092044A5D
:1039E0000092009A02EB80020092009A116008BDDA
:1039F0005028004018B1FF21044A116004E0CA2198
:103A0000024A1160532111607047000024280040D1
:103A100030B587B005F054F83F48006800903F4843
:103A200003683F483F490268032000F03BFD0690D1
:103A30009DF81800C00978B3FCF75EFD03F02EFD79
:103A400039480068394908603948D0F8460020F004
:103A500002043748D0F84600A04202D03448C0F8EB
:103A6000464002200190324890F84A008DF800004C
:103A70002F484630016804918088ADF814002C4826
:103A800041300168029100798DF80C000E20DDE9CB
:103A9000032301F0FBFE32E0FFE79DF81800C0436E
:103AA0009DF8181060F3000106911B480068009013
:103AB0001A4803681A481B490268032000F0F2FC08
:103AC0000690FCF719FD01200190194890F84A0072
:103AD0008DF8000016484630016804918088ADF8E2
:103AE0001400134841300168029100798DF80C00F0
:103AF0000E20DDE9032301F0C9FE6FF0010504F09B
:103B0000B0FF1DB901200B49087002E0FF200949F0
:103B10000870002007B030BD380800205CDD0020B0
:103B20004CDD002010DD0020A809002078080020CE
:103B300088DD00206B080020002070473EB5054658
:103B40000E242046002817DB00F01F0201219140BF
:103B50001C4A430942F8231000BF00BF00BFBFF357
:103B60004F8F00BF00BF00BF00BF00BF00BFBFF34B
:103B70006F8F00BF00BF00BF00BF134908694FF43B
:103B80000041F7F755FC02201049088000208DF80D
:103B900008008DF809008DF80A00202202A90B48C0
:103BA000008801F0B1FD00200090084901900988CB
:103BB000C8B24FF480330422032101F0FFFB202020
:103BC0003EBD000080E100E0E00800204603002048
:103BD00010B501211748006814F0A2FBEFF70CFFA5
:103BE000154816490860164816490860EEF7B0F9FE
:103BF00003F088FD02F04AFB134B144A14490020DD
:103C0000F4F79EFD0D2210491248ECF7F1FD124920
:103C1000086A012105F0DFF81E20F4F7AFFA002151
:103C20000E4814F0A1FB034908601E20F4F7A6FA21
:103C300010BD000078040020994601081C060020F1
:103C4000813E010818060020DCD0002004D10020AD
:103C500034220020F0D00020BC080020E4CD03086E
:103C600010B515480078C0F3400020B900210120AC
:103C7000F4F7D4FA03E001210846F4F7CFFA0E482E
:103C80000078C0F3800020B900210220F4F7C6FAC2
:103C900003E001210220F4F7C1FA0748007800F0A0
:103CA000010020B900210420F4F7B8FA03E0012153
:103CB0000420F4F7B3FA10BD300B00200EB5064611
:103CC00034466CE04FF0FF31002014F041FB8DE8EA
:103CD0000700334804605CE00021102014F038FB3A
:103CE0008DE80700019F07F01000B8B12D49085D6D
:103CF00004F0EAFE00202C4921F814002B48005D56
:103D00002B49085500202B4941F8240051F8240084
:103D1000FEF738FB0020284908553BE040F27712B7
:103D20006243264B03EB8201224A52F8240001230E
:103D300040F2DC5214F025FC0546281D18B901207C
:103D400014F032FA25E0002D17DC1649085D04F066
:103D5000BBFE0020144921F814001448005D1449EA
:103D600008550020134941F8240051F82400FEF7BB
:103D700009FB0020104908550CE0E2B2A9B240F25C
:103D800077136343DFF834C00CEB8300FBF782FC4E
:103D900000BFA1E700BF4FF47A7014F005FA91E775
:103DA0000002002078010020700100204C0100205A
:103DB0004B010020EC0000200901002070000010E1
:103DC00038B504462648007820F0080024490870D9
:103DD00024481023244902682046F6F7CFFB2248E6
:103DE0000088012811D1204840884FF6FC71884294
:103DF0000BD11B48007820F00100194908700846D3
:103E0000007820F008000830087015480078C0F3EA
:103E1000C000E8B913481023134942682046F6F75A
:103E2000ADFB11480088012812D10F4840884FF699
:103E3000FC7188420CD10A48007820F00100401C37
:103E4000074908700846007820F00800083008701C
:103E50000348006800909DF80010084638BD000037
:103E6000440800201403002010DD00202DE9F0415B
:103E700086B006463B4801683B48006814F016FAD5
:103E80008046B8F1000F04D06FF0060006B0BDE820
:103E9000F081364A1168364A1068F0F737F9354A2A
:103EA0001168354A1068F0F731F972208DF800007A
:103EB0002F49086803A9F0F707FB2F4908686946EE
:103EC000F0F702FB2A4908680B21F0F7FBFA2A49B0
:103ED00008680B21F0F7F6FA2848008881B22848D4
:103EE0000068F7F7A3FA224908680121F0F742F9C0
:103EF000214908680121F0F73DF92248076800BF11
:103F0000214A11681A4A1068F0F7ECF9044624B9FE
:103F10001C480068C01B0A28F2D31848008881B2E8
:103F200017480068F7F784FA114908680021F0F78C
:103F300021F9114908680021F0F71CF914B94FF074
:103F4000FF3509E0DDF80D003060DDF8110070602C
:103F5000BDF81500308100250348006814F09AF977
:103F6000284693E700030020FC020020E41700200D
:103F7000C0170020F0170020B417002040030020D5
:103F80003C030020A8090020CC17002010B500F049
:103F900005F800F093F8002010BD00002DE9F04175
:103FA00000253F4C3F4806880C273B4632462146B9
:103FB000012000F035FA45B2C5BB94ED000A10EEC1
:103FC000101A08460FF072FB00B1012594ED000AAB
:103FD000DFED350AB4EE600AF1EE10FA00D10225E9
:103FE00094ED010A10EE101A08460FF05FFB00B1C5
:103FF000032594ED010ADFED2C0AB4EE600AF1EE20
:1040000010FA00D1042594ED020A10EE101A0846A9
:104010000FF04CFB00B1032594ED020ADFED220AFC
:10402000B4EE600AF1EE10FA00D104251C4890EDC0
:10403000000ADFED1E0AB4EEE00AF1EE10FA01DD2F
:10404000012000E0002000EE100AB8EEC00ADFED0B
:10405000180AB4EEE00AF1EE10FA00D30525B5B166
:104060000F48144B0ECB0EC0124890ED010A0C48BD
:1040700080ED010A0F4890ED020A094880ED020A1E
:1040800000200D490870402002F0F0FD05E00120FD
:1040900009490870402001F005F82846BDE8F08184
:1040A000B4DE002024030020FFFF7F7F6666663FAA
:1040B000CDCC8C3F24090020680800202DE9F04178
:1040C000002631480788314D4FF0C40843463A4630
:1040D0002946022000F0A4F946B2C6BB032419E029
:1040E00005EB840090ED000A10EE101A08460FF060
:1040F000DDFA08B101260FE005EB840090ED000A1F
:10410000DFED230AB4EE600AF1EE10FA01D10226C7
:1041100002E0641C312CE3D300BF032419E005EB5B
:10412000840090ED000ADFED1B0AB4EEE00AF1EE28
:1041300010FA0AD305EB840090ED000ADFED160AB1
:10414000B4EEE00AF1EE10FA02DD032603E003E02C
:10415000641C182CE3D300BF66B1C4220F490B487E
:10416000ECF746FB00200E4908704FF4806002F027
:104170007DFD05E001200A490870800200F092FFF1
:104180003046BDE8F081000026030020C4D50020A1
:10419000FFFF7F7FCDCC4C3F9A99993FFCCD030820
:1041A000690800202DE9F0432DED088B8DB04FF00C
:1041B00030094B464FF4C04201A90320F6F7DEF95F
:1041C000064606BB00241BE001A800EB840090ED2E
:1041D000000A10EE101A08460FF068FA08B101261E
:1041E00010E001A800EB840090ED000ADFED460A24
:1041F000B4EE600AF1EE10FA01D1022602E0641C6E
:104200000B2CE1DB00BF3EB12C2101A8ECF74CFBED
:104210009FED3E0A8DED0C0ADFF8F480002407E0E4
:1042200001A850F82400C8F8000008F10508641C33
:104230000B2CF5DB36490C9888630846D0F82D50D6
:104240003448006817F07CFA41EC190B3048D0F87C
:104250003210084617F074FA41EC1B0B2E4890ED13
:10426000000B53EC102B51EC1B0B16F073FF41ECC1
:104270001A0B53EC192B16F00BFD41EC180B16F032
:1042800021FC0746384617F05BFA41EC1B0BB0EEF9
:104290004B0AF0EE6B0A0FF0B7FBB0EE409AF0EE6F
:1042A000609A284617F04CFA41EC1A0B53EC192B84
:1042B00016F050FF41EC180B16F004FC174908608B
:1042C000384617F03DFA41EC1B0BB0EE4B0AF0EE0E
:1042D0006B0A0FF009FCB0EE409AF0EE609A2846A7
:1042E00017F02EFA41EC1A0B53EC192B16F032FF93
:1042F00041EC180B16F0E6FB0949086030460DB09A
:10430000BDEC088BBDE8F083FFFF7F7F0000804F8E
:104310005CD90020D4CD0308B0CD0308AC05002043
:10432000B005002070B504461023154815490268F1
:104330002046F6F723F905463DB1002011490860F3
:1043400048608860C860401E70BD0E480068401C10
:1043500038B10C484068401C18B10A488068401CBD
:1043600008B90120F0E70748006828B1054840680F
:1043700010B10448806808B90220E5E70020E3E7AF
:104380001C0300204CDD002070B50546012D35D101
:104390002048007858B32048008881B21F4B102273
:1043A0000120F4F7ABFC044634B100201B4908603F
:1043B00048608860401E70BD18480068401C38B1D5
:1043C00016484068401C18B114488068401C08B961
:1043D0000120F0E71148006828B11048406810B18A
:1043E0000E48806808B90220E5E70020E3E70020D6
:1043F0000A49086048608860C41F07E00020074938
:104400000860486088606FF0070400BF00BF204666
:10441000D1E700000D0300201C0300205CDD00201C
:104420002DE9FC470546894617469846012D02D0DE
:10443000022D04D101E0032605E0012603E06FF020
:104440000200BDE8FC8700BF07EB080208236946AD
:104450003046F6F793F80446F4B90098401C88B14A
:10446000012D02D0022D0CD107E00D490198C1F8B1
:104470000A000098C1F80F0003E00949009848615C
:1044800000BF00BF43463A4649463046F6F776F845
:1044900004460CB90020D4E74FF0FF30D1E700000C
:1044A000D3DD00202DE9FC4781460D4616461F4608
:1044B000DDF828803946304602F090FB00206E4936
:1044C000C1F80500C1F80A00C1F80F0008460079DC
:1044D00020F0800008710846407A20F0800166488C
:1044E0004172807B20F0800163488173C07C20F0A2
:1044F00080016148C174B8F1000F03D120205E49EA
:10450000086050E04846FFF75BFC01905B4800788C
:10451000C0F3C00070B96FF00400594908605748F3
:10452000007820F00400001D544908701020524902
:10453000086038E05148007800F00100514A52F814
:10454000201043462A46484600F08AFE04464A4860
:1045500004604B4804608CB13946304602F03EFBA3
:104560004648007820F00400001D444908700846C1
:10457000007820F00200801C087014E03F480078AA
:1045800020F0800080303D4908703F49A8680860ED
:104590003A48007820F00200384908700846007850
:1045A00020F004000870344903C90A46CDE900012F
:1045B000014643F2C820EFF7C9F92F48D0F805109B
:1045C0000091407A8DF8040043F2C920019AEFF778
:1045D000BDF92948D0F80A100091C089ADF804004F
:1045E00043F2CA20019AEFF7B1F92348D0F80F102F
:1045F0000091C07C8DF8040043F2CB20019AEFF7C4
:10460000A5F91E480078C0F3800018B1802002F0A0
:104610002DFB02E0802000F045FD1C48806A0C283C
:1046200022DC1A48806A10F10C0F1DDB1748806AE3
:1046300017490968884217D0164841681348806AAC
:10464000134A1268801AC0EB4012C2EB002001EB43
:104650000010104948600D48806A0D4908600846FE
:1046600001680320FFF7B8F90448006801909DF83D
:1046700004100846BDE8FC87C8DC00204408002080
:1046800064080020140300206C08002020DD0020B6
:1046900094000020100200202DE9F05F81460F46B3
:1046A00090461C46DDF828A0B9F1010F70D1BAF18F
:1046B000070F6DD2DFE80AF0042C4A4C8C8C6D0099
:1046C0004549206808604548007800F001004449E9
:1046D00051F82020102341460320F5F74FFF0646EE
:1046E00016B13046BDE8F09FB8F800504D4502D0F5
:1046F0006FF00400F6E7D8F8045005F110002060D0
:10470000B5F5803F02D36FF00500EBE70020E9E745
:104710002068C8B12068B0F5006F02D94FF4006579
:1047200000E025682D48007800F001002C4951F880
:104730002010781E4FF4006303FB00122B46414605
:104740000320F5F71BFF06463046CBE70020C9E7FC
:104750002068D0B12068B0F5707F02D94FF4707531
:1047600000E025681D48007800F001001C4951F860
:104770002010781E4FF4707303FB00122B46414645
:104780000320F5F7FBFE064600E000263046A9E7C9
:104790001EE01248007800F00100114951F8200095
:1047A0000D49096801FB070B206878B10A492068A8
:1047B0000968884202D90848056800E025682B4648
:1047C0005A4641460320F5F7D9FE0646304689E7AA
:1047D0006FF0040086E70000300400204408002049
:1047E000140300202DE9FF4F8DB0834691461C46EF
:1047F000DDF868A0BBF1060F7ED1BAF1070F7BD2BE
:10480000DFE80AF00438AD37B1B13200584920680A
:10481000086001205749087004F022FA56490860E0
:104820005648007804F022F96846F6F7E7FF9DE85D
:1048300007000AAB07C30C981030514908600846BE
:104840000068103020600C9820304E4908604E49B6
:104850000C98086004F004FA03900398C9F80C005F
:10486000002011B0BDE8F08F0E98401C80B20E9071
:1048700000BF00BFBAF1010F02D14FF4006607E09C
:10488000BAF1030F02D14FF4707601E038480668A0
:104890002068002862D02068B04201D9374600E085
:1048A00027684D460E98012825D1ADF818B0002094
:1048B000ADF81A0032480068079004A8F7F76EF9BF
:1048C000059809903148008880B2ADF82000304842
:1048D000008880B2ADF822004FF480302D49086086
:1048E0001035102206A94846EBF73DFF103F2A4835
:1048F00000682A49086000E035E0B84622480068B0
:10490000C8B121480068874202D91F48D0F800800A
:10491000224B42461F4801682846F6F78FFE1D4885
:10492000006840441B49086017480068A0EB080075
:104930001549086001E04FF000081348006858B9B5
:1049400045441648006828601048C06868601448EC
:104950000068E860002084E7002082E700BF0020B4
:10496000044908707DE700202060401F79E70000BF
:104970001C0A0020F5090020F80900205E03002031
:10498000280A0020300A0020200A00204CDD0020E8
:104990005CDD00202C0A0020400A0020440A002090
:1049A00090CD030870B5024623488079234D05EB6E
:1049B000401083680C461AB911B16FF0040070BD45
:1049C0001D48007900F0020010B94FF0FF30F6E703
:1049D00006E01868106058685060083208330839DB
:1049E0000729F6D804E018881080921C9B1C891EA9
:1049F0000129F8D809B1187810704FF000400E4D19
:104A0000AD790E4E06EB451528600B488079401CA9
:104A1000094DA87128468079042801D10020A87189
:104A20000748406900F0800020B18020044D686193
:104A30000020A8602046C2E70C4001201840012059
:104A4000009002400649097A01700549497A41708F
:104A50000349897A81700249C97AC17070470000A0
:104A6000C0DE002006490978017005494978417087
:104A70000349897881700249C978C1707047000084
:104A8000C0DE0020002101700E2141707221817072
:104A900009490978C17008494979017106490979BC
:104AA0004171054989884FF6FF72914202D103494D
:104AB00009784171704700004CDD0020D9000020CA
:104AC0000649097901700549497941700349897995
:104AD00081700249C979C17070470000C0DE0020B2
:104AE0002DE9F05F80460E4691461C46DDF828A071
:104AF0004FF0000BB8F57A7F02DDB8F5FA6F03DDF1
:104B00006FF00400BDE8F09FBAF1070F56D2DFE85E
:104B10000AF0040E242555553D002A4920680860F6
:104B2000294800684068103020605846EAE720684D
:104B300088B12068B0F5006F02D94FF4006500E03D
:104B4000256821480768701E07EBC0272A463946AA
:104B50004846EBF708FE5846D4E72FE0206898B1A6
:104B60002068B0F5707F02D94FF4707500E02568B9
:104B700015480768701EC0EB001007EB80172A4627
:104B800039464846EBF7EFFD5846BBE70E48076845
:104B90000C48006806FB0077206868B10949206866
:104BA0000968884202D90748056800E025682A4656
:104BB00039464846EBF7D7FD5846A3E700BF00202B
:104BC000A0E7000004040020F403002010B51348FF
:104BD0000068E8B90BF05AF8114908600846006807
:104BE000012818D00F48007848B10220FEF7E8FDF0
:104BF0000D49086008460068401C086002E001207A
:104C000009490860084801680220FEF7E5FE02E055
:104C10000120024908600448006810BD30000020EF
:104C20002C00002090000020280000202DE9FF4FDC
:104C30008DB0044692461D46DDF868B0042C01D0C4
:104C4000052C7CD1BBF1070F79D2DFE80BF00446CD
:104C5000E145ECEC400000207549086075490860AA
:104C6000754928680860042C0AD10120734908702E
:104C70006846F6F7E5FD9DE807000AAB07C309E0C3
:104C800001206F4908706846F6F7F8FD9DE80700B7
:104C90000AAB07C36B48007803F0E8FE0C981030AD
:104CA00069490860084600681030286067490C9818
:104CB00008600C9820306649086003F0D1FF03902B
:104CC0000398CAF80C00002011B0BDE8F08F0E98D0
:104CD000401C80B20E9000BF00BF55480068401CC9
:104CE00053490860BBF1010F02D14FF4006908E09D
:104CF000BBF1030F02D14FF4707902E04E48D0F8B7
:104D00000090286800286ED02868484501D94F4691
:104D100000E02F6856460E98012839D1ADF81840AA
:104D20000020ADF81A0048480068079004A8F6F77C
:104D300035FF059809904748008880B200E072E08E
:104D4000ADF820004448008880B2ADF82200042C61
:104D500004D14FF478104149086003E04FF4741017
:104D60003E4908601036102206A95046EBF7FBFCBE
:104D7000103F30480068401C2E4908600846006813
:104D8000012801D9022008603548006835490860CB
:104D9000B8464746B8F1600F00D160272448006844
:104DA00040F21111884201D121490860274800686A
:104DB000D0B126480068874202D92448D0F8008044
:104DC000284B4246254801683046F6F737FC234811
:104DD00000684044214908601C480068A0EB0800B6
:104DE0001A49086002E012E04FF000081748006816
:104DF00058B946441B48006830601648C068706067
:104E000019480068F06000205EE700205CE700BF02
:104E1000042C03D100200949087002E00020084951
:104E20000870002050E700202860401F4CE7000079
:104E30005804002050040020300400205C030020AF
:104E40005D0300205E030020400400205404002085
:104E5000440400204CDD00205CDD002048040020DC
:104E60005C0400204C04002090CD030810B51049CC
:104E7000C8680821F6F7C8FA08B9012000E0002048
:104E80000446204610F06CF900F0010040B10948DA
:104E9000007A28B10849097801F00F00F5F7C6FD3E
:104EA000054800780549C1F80500204610BD0000FE
:104EB000E008002068DF00204E0B00203FF20020B9
:104EC00070B504460D460A48008884420EDA094847
:104ED00000EB04108570074901EB0411087B00F01A
:104EE000CBFF044800EB0410007B70BD0020FCE702
:104EF000E801002000000010F8B505460026002457
:104F000025E00120A040284000B3444890F83C0030
:104F1000D8B1424890F864000121A140084090B9FE
:104F20003F48005D00F0010058B93D48C01D005DDC
:104F300000F0010028B93A48C01C005D00F00100F3
:104F400020B1012602E0012600E00126641C032CAA
:104F5000D7DB05F00F0000B100BF082D31D12F487D
:104F600090F83D0060B32D4890F8640030BB2D48A8
:104F7000D0F82D0000EE100AB5EEC00AF1EE10FADE
:104F80001AD12848D0F8320000EE100AB5EEC00A57
:104F9000F1EE10FA10D12248C07800F0010048B9B3
:104FA0001F48007900F0010020B91D48407900F049
:104FB000010030B1012604E0012602E0012600E0F4
:104FC00001268EB11648407E20F00100401C144995
:104FD00048760846407E002213460146009040F67F
:104FE000DC30EEF7C5FA14E00D48407E00F0010019
:104FF00078B10B48407E20F0010009494876084608
:10500000407E002213460146009040F6DC30EEF769
:10501000AFFA0EB90120F8BD0020FCE75CD50020F6
:1050200042D900205CD9002010B50248F7F717F8E4
:1050300010BD0000E40C002001B581B09DF8050012
:105040008DF800009DF804008DF80100BDF8000007
:105050000CBD000070B505460C461646094800EB2D
:1050600004100580074800EB04108670054901EB29
:105070000411087B00F000FF024800EB0410007BE5
:1050800070BD0000000000100346054800EB011051
:105090000380034800EB01104273062070470000B4
:1050A000D0F100201CB504466748D0F846002040E7
:1050B00000287DD06448D0F84600A0436249C1F87A
:1050C000460001F146000168009100798DF8040066
:1050D0000F20019AEEF73AFC5C48F6F75FFD04F00A
:1050E000020038B1062000231A465849009003C92F
:1050F000FEF77CF804F4005038B1072000231A466C
:105100005249009003C9FEF771F804F0800038B1ED
:105110000A2000231A464D49009003C9FEF766F89D
:1051200004F0400038B10B2000231A464749009094
:1051300003C9FEF75BF804F0200038B1112000230A
:105140001A464249009003C9FEF750F804F00800DF
:1051500038B1122000231A463C49009003C9FEF7DB
:1051600045F804F0010038B11A2000231A463749E7
:10517000009003C9FEF73AF804F0040038B10D209E
:1051800000231A463149009003C9FEF72FF804F4B2
:10519000006038B10E2000231A462C49009003C944
:1051A000FEF724F804F0100048B11020002300E0BE
:1051B00047E01A462549009003C9FEF717F804F4A2
:1051C000804038B1082000231A462049009003C9C6
:1051D000FEF70CF804F4805038B10F2000231A4673
:1051E0001A49009003C9FEF701F804F4806038B151
:1051F0000C2000231A461549009003C9FDF7F6FF5D
:1052000004F4807038B1042000231A460F4900903E
:1052100003C9FDF7EBFF04F4007038B1052000234B
:105220001A460A49009003C9FDF7E0FF04F4004064
:1052300038B11E2000231A460449009003C9FDF727
:10524000D5FFF3F75FFA1CBD88DD0020B809002008
:1052500010B50248F7F70DFC10BD0000F40C00205B
:105260002DE9FF4F89B00C46174699464FF0FF389D
:10527000A2461023224605A90998F5F77FF983462F
:10528000BBF1000F03D004200DB0BDE8F08F103447
:105290000698401C08B90520F6E7002610E0A21980
:1052A000012301A90998F5F769F908F0FF009DF8B5
:1052B00004104840264951F8200080EA1828761C3E
:1052C0000698B042EBD80798404502D04FF0FF3027
:1052D000DAE700BF0823224602A90998F5F74EF93C
:1052E00008340298401C40B9A4EB0A001038069913
:1052F000884200D124E00320C6E7029881B24846E4
:10530000F3F727FB054615B903980444E2E76868FC
:10531000039988420BD00F490298C1F80A000398FC
:10532000C1F80A006868C1F80A000220ACE722460A
:10533000D5E901310998F5F721F903980444C9E743
:1053400000BF1FB105A80FC887E80F0000209BE72A
:1053500090C90308C8DC002000BF13480068401C47
:1053600011490860114800680FF0B4FC10F04AF8C9
:105370004FF47A7012F018FF0D48007A00F0050023
:105380000528EAD10B48007800F008000028E4D195
:105390000948C079012803D102210748C171DCE71F
:1053A00001210548C171D8E7340200201C02002009
:1053B00020DD002020020020080200202DE9FF4F00
:1053C00091B0824690469946DDF878B0BAF1010F67
:1053D00006D0BAF1020F08D0BAF1030F0DD108E0E0
:1053E000374C4FF0C0652E4607E0364C00250026AE
:1053F00003E0354C0025002600BF00BFB8F1070FC1
:1054000004DD01218805FDF7BDFF03E0012148050A
:10541000FDF7B8FFBBF1000F01D05F4600E02B4F56
:105420002B4850F8280010901098EEF7AFFE019529
:1054300004F10C0002900397402004900120059095
:10544000002006904FF4806007900020089009909B
:105450000A90CDF82C900E900F900C900D9001A911
:105460001098EFF703F81F9808B11F9F00E0174F3F
:105470001749129851F8200010901098EEF786FE08
:10548000019604F10C000290039700200490012083
:105490000590002006904FF480600790002008904F
:1054A00009900A90CDF82C900E900F900C900D90D2
:1054B00001A91098EEF7DAFF15B0BDE8F08F0000F3
:1054C0000030014000380040003C0040200900202E
:1054D0007C08002021B1026842F04002026004E032
:1054E00002684FF6BF731A40026070472DE9F04121
:1054F00006468846022E00D0194F1A48056800BF9C
:105500000221384600F0A0F8044624B91548006886
:10551000401B0328F4D314B90020BDE8F0814146B4
:10552000384600F09EF800BF0121384600F08CF8A4
:105530000028F9D00B48056800BF0121384600F06B
:1055400083F8044624B907480068401B0228F4D3B6
:105550000CB90020E1E7384600F07FF8DDE70000F5
:1055600000380040A809002070B5054618480668B4
:1055700000BF0221174800F067F8044624B9144818
:105580000068801B0228F4D30CB9002070BD2946A6
:10559000104800F066F800BF01210E4800F054F8F2
:1055A0000028F9D00A48066800BF0121094800F028
:1055B0004BF8044624B906480068801B1428F4D32D
:1055C0000CB90020E2E7034800F047F8DEE70000EE
:1055D000A8090020003C004010B51AB143680B43F5
:1055E000436004E04368CC43A4B22340436010BD51
:1055F00010B504461148844208D101218014FDF7FA
:1056000001FF0021A014FDF7FDFE16E00C488442C6
:1056100008D101210014FDF7D5FE00212014FDF76B
:10562000D1FE0AE00748844207D10121C013FDF7EB
:10563000C9FE0021E013FDF7C5FE10BD003001409A
:1056400000380040003C00400246002093680B40B8
:105650000BB1012000E0002070470146C86880B20D
:105660007047C160704710B5002203689AB202F417
:1056700041520B884C8823438C882343CC88234396
:105680000C8923434C8923438C892343CC892343AE
:105690001A430260C3694FF2FF742340C3610B8A4F
:1056A000036110BD70B5044600BF1648006800F0E5
:1056B00002000028F9D01348006800F0800000289C
:1056C000F3D121460F480838FFF7CBFF00BF0D4844
:1056D000006800F002000028F9D00A48006800F0D5
:1056E00080000028F3D1012106480838FFF7ACFFFD
:1056F000012804D103480838FFF7AFFFC5B2284698
:1057000070BD0000083C00402DE9F0418EB0064617
:105710008846174601AA41463046F6F76BF920B194
:105720004FF0FF300EB0BDE8F081012E04D0022E04
:1057300009D0032E15D10DE03A4D01210803FDF7E4
:1057400051FE05240DE0384D01218803FDF72AFEA6
:10575000052406E0354D0121C803FDF723FE06248C
:1057600000BF00BF9DF80A1022460198F5F798FD8A
:105770009DF8121022460398F5F792FD9DF81A1035
:1057800022460598F5F78CFDBDF808000C90022024
:105790008DF834008DF8350000208DF836008DF836
:1057A00037000CA90198F5F733FDBDF818000C90EF
:1057B0000CA90598F5F72CFDBDF810000C900220FF
:1057C0008DF834000CA90398F5F722FD2846FFF761
:1057D0000FFF0020ADF81C004FF48270ADF81E00E2
:1057E0000020ADF82000ADF82200ADF824004FF401
:1057F0000070ADF82600ADF828700020ADF82A0042
:105800000720ADF82C0007A92846FFF72CFF01223E
:1058100003212846FFF7E0FE01212846FFF75AFE44
:1058200000207FE70030014000380040003C00408D
:105830007047704730B500228B071C0F0F2303FA07
:1058400004F20B4B8C1053F824309343084C8D100A
:1058500044F8253023468C1053F824308C07240F4D
:1058600000FA04F42343024C8D1044F8253030BD77
:105870000838014010B5142202490348EAF773FFC3
:1058800010BD0000C0DE00202ED900200FB4F0B5FE
:1058900087B00446119D00260E2707208DF80000D2
:1058A0000320ADF8020016480088ADF8040002207D
:1058B0008DF80100ADF8064000208DF808000D9825
:1058C000CDF8090000208DF80D00022D0DD1601CCF
:1058D00080B2ADF80E0000208DF810000F98CDF8C2
:1058E000110000208DF81500162700223946684661
:1058F000FDF7ACFA0646304607B0F0BC5DF814FB85
:10590000E60100201CB5002432E004EB8401264AA5
:1059100011440A68009209798DF8041004F57A613F
:1059200088B2DDE90012EDF7E3FF04EB84021E49C3
:105930000F3111440A68009209798DF8041004F6B9
:10594000A37188B2DDE90012EDF7D2FF04EB840207
:1059500015491E3111440A68009209798DF8041026
:1059600004F6A67188B2DDE90012EDF7C1FF641CF0
:10597000032CCADB0C482D300168009100798DF8AA
:10598000040040F6A970019AEDF7B2FF0648D0F87E
:1059900032100091C08EADF8040040F6AA70019A52
:1059A000EDF7A6FF1CBD00005CD9002070B50646CF
:1059B0000C4615462B2D38D13C203449087034480C
:1059C00000784870334800883C2816DD3248334A56
:1059D000128881183C222D48001DEAF7C4FE2D488C
:1059E00000883C382B4908802C4800883C302B49E3
:1059F00008803C202549488010E02748274A128823
:105A00008118244802882148001DEAF7ACFE21488D
:105A100000881E49488000202149087040231B4A05
:105A20000021084607F064FB2FE03C20174908706E
:105A3000084645703C2C1ADD224631461648EAF7E6
:105A400092FE3C20114948803C2213490F48001D1A
:105A5000EAF7CEFEA4F13C000E4908800C48057020
:105A60003C200E49088001200D49087007E00749D5
:105A70004C80224631460548001DEAF774FE40235B
:105A8000024A0021084607F033FB70BD101A0020BF
:105A90008203002080030020541A00208403002089
:105AA000750300202DE9F0478246884616462B2EC6
:105AB00038D13C203F4908703F48007848703F4843
:105AC00000883C2816DD3E483E4A128881183C2258
:105AD0003848001DEAF747FE384800883C38374907
:105AE0000880384800883C30364908803C203149DD
:105AF000488010E03248334A128881182F480288C3
:105B00002C48001DEAF72FFE2C48008829494880C0
:105B100000202D4908704023264A0021084607F03E
:105B2000E7FA45E04FF6FF7000EA8805052095FB8F
:105B3000F0F085B23C201F490870084646700124E9
:105B4000002711E01AF80710601E1D4A1154E117D2
:105B500004EB91718910A4EB810109B9781C87B21B
:105B6000601C84B2781C87B2AC42EBDD3C2D02DDB8
:105B70004FF03C0900E0A9460E48A0F802903C22F4
:105B80000F49001DEAF734FE40230A4A0021084667
:105B900007F0AEFA3C2D0BDDA5F13C00074908806B
:105BA000054806703C200749088002200649087015
:105BB000BDE8F087101A0020820300208003002037
:105BC000541A002084030020750300202DE9F05FA3
:105BD0008046894617462B2F38D13C20474908700C
:105BE000474800784870474800883C2816DD4648FA
:105BF000464A128881183C224048001DEAF7B3FD4E
:105C0000404800883C383F490880404800883C3084
:105C10003E4908803C203949488010E03A483B4AD8
:105C200012888118374802883448001DEAF79BFD26
:105C300034480088314948800020354908704023A5
:105C40002E4A0021084607F053FA55E04FF6FF7040
:105C500000EA8905052095FBF0F085B23C20274934
:105C600008700846477001244FF0000B00261FE023
:105C700018F80610601E244A1154E11704EB9171C4
:105C80008910A4EB810179B908EB0600407828B1AE
:105C90009FED200A1046584480ED000A0BF10400E5
:105CA0001FFA80FB701C86B2601C84B2701C86B226
:105CB000AC42DDDD3C2D02DD4FF03C0A00E0AA469F
:105CC0000E48A0F802A03C220F49001DEAF790FD03
:105CD00040230A4A0021084607F00AFA3C2D0BDD52
:105CE000A5F13C0007490880054807703C2007499A
:105CF0000880022006490870BDE8F09F101A0020B5
:105D00008203002080030020541A00208403002016
:105D100075030020FFFF7F7F70B504460D462B2DD5
:105D200038D13C203C4908703C48007848703C48D9
:105D300000883C2816DD3B483B4A128881183C22EB
:105D40003548001DEAF70FFD354800883C383449D6
:105D50000880354800883C30334908803C202E4973
:105D6000488010E02F48304A128881182C48028859
:105D70002948001DEAF7F7FC294800882649488091
:105D800000202A4908704023234A0021084607F0D2
:105D9000AFF93FE03C2020490870084645707CB3CD
:105DA0003C2C19DD3C2048803C221E491A48001D2D
:105DB000EAF71EFDA4F13C00194908801748057058
:105DC0003C201949088003201849087018480088A9
:105DD000401C174908800CE00F494C8022461149AD
:105DE0000D48001DEAF704FD12480088401C1149C7
:105DF00008804023084A0021084607F079F909E0A5
:105E0000FFE700200449488040230A460021084655
:105E100007F06EF970BD0000101A00208203002008
:105E200080030020541A0020840300207503002002
:105E3000860300208803002010B504460A48005D50
:105E400088B10A48007870B1094850F8240050B170
:105E50000520084921F81400054951F824004FF4A1
:105E6000007112F069FA10BD4B01002042010020C0
:105E7000200100204001002010B5044604F001007C
:105E800010B10020FFF7D8FF10BD000010B5044688
:105E90003C2007490870F0204870012088700020DD
:105EA000C87008460471052105F02AF810BD0000ED
:105EB000101A0020F0B5034615464248826803B127
:105EC00011B96FF00400F0BD3E48007900F0020007
:105ED00010B94FF0FF30F6E7BAB93A4840793A4E78
:105EE00006EB4010006800F0004010B16FF00100B8
:105EF000E9E734484079344E06EB40108268314877
:105F0000407906EB401041600CE02E4840792E4E5F
:105F100006EB4010406808442A4E76792A4F07EB7A
:105F20004616706006E018681060586850600832C5
:105F3000083308390729F6D804E018881080921C25
:105F40009B1C891E0129F8D819B113F8010B02F81E
:105F5000010B05F0010018B11A4882600020B2E779
:105F600018484079184E06EB4010006820F44004B1
:105F70001448C07908B144F4400424F0844405F086
:105F8000020008B144F0804444F000400D4E7679A0
:105F90000D4F07EB461630600A484079401C094E09
:105FA000707130464079022801D1002070710020C4
:105FB000044EB0600220054E70610020706000BF8A
:105FC00081E700000C400120984001200090024031
:105FD00010B504463C20064908700846447000206D
:105FE0008870C8700421024804F08AFF10BD0000C8
:105FF000101A00202DE9F04104460E4617461548B8
:1060000050F8240010B90220BDE8F081124901EBDC
:1060100044203A463146EAF7A6FB19E00E4A02EB65
:1060200044210C4A52F8240000233A4613F062FB44
:106030000546281D18B9012012F0B6F808E0002D19
:1060400001DA0120E0E7012012F0AEF80020DBE7E2
:10605000E4E70000EC000020140D00202DE9F041E1
:1060600005460E46174616E000233A4631462846B6
:1060700013F040FB0446201D18B9012012F094F8DB
:1060800009E0002C02DA0120BDE8F081012012F0C5
:106090008BF80020F8E7E7E710B504460120034934
:1060A00008552046FFF7C8FE10BD00004B01002038
:1060B00010B51B480068032830D219480068401CFE
:1060C00017490860084601680420FDF785FC4FF475
:1060D000807014490860084601680620FDF77CFCC2
:1060E00000BF00BF00BF00BF00BFBFF34F8F00BFA6
:1060F00000BF00BF0C48006800F4E0600B49084393
:10610000001D0949086000BF00BF00BFBFF34F8FEB
:1061100000BF00BF00BF00BF00BFFDE710BD000013
:10612000D0050020D40500200CED00E00000FA05A9
:1061300070B504460D461CB915B16FF0040070BD72
:106140004848007900F0020010B94FF0FF30F6E740
:106150004548406840F20441884343494860002074
:106160008860C86035B98864C86408654865886512
:10617000C865E4E72079617940EA012040F00040F9
:1061800039498864E0780006A17840EA01406178E6
:1061900040EA0120217808433349C8646D1E2DB9B7
:1061A0000020086548658865C865C8E7A41D207992
:1061B000617940EA012040F000402B490865E07811
:1061C0000006A17840EA0140617840EA0120217888
:1061D0000843254948656D1E1DB900208865C865BE
:1061E000ADE7A41D2079617940EA012040F000402C
:1061F0001D498865E0780006A17840EA0140617891
:1062000040EA0120217808431749C8656D1E0DB981
:10621000002094E7A41D1AE0062120460EF08CFF12
:10622000860E06F0200048B10F48806806F01F0275
:106230000121914008430C49886006E00A48C06883
:106240000121B14008430849C860A41D6D1E002DFE
:10625000E2D10548406840F20441084302494860E1
:1062600000206CE70C4001200080024070B505461C
:10627000002406E0044931F81400294600F03EFFEE
:10628000641C062CF6DB70BD1CD500204D48007840
:1062900020F007004B4908700846007820F03800CD
:1062A00008700846008820F4E070088046480178AD
:1062B0004448407861F3430042494870424841787D
:1062C0004048407861F306103E4948703E48817866
:1062D0003C48B0F8010061F3C9103A49A1F8010047
:1062E0000846C07820F03F003F30C870084600796B
:1062F00020F0400133480171007920F080013148DD
:106300000171407920F00300401C2E494871084675
:10631000407920F00400001D48710846407920F0C3
:106320000800083048710846407920F0100010300D
:1063300048710846407920F0200020304871084616
:10634000407920F0C00080304871502088710846A4
:10635000C07920F0E0006030C8710846007A20F073
:10636000030118480172007A20F00C000C30154926
:1063700008720846007A20F0300030300872084673
:10638000007A20F040010F480172007A20F080016D
:106390000C480172407A20F04000403009494872B0
:1063A0000846407A20F0800048720846807A20F043
:1063B0003F0104488172C07A20F03F010148C17258
:1063C00070470000342200205F05002070B52DEDDD
:1063D000028B05462846FEF78FFD00287CD0092653
:1063E000002450E00120A0402840E8B304EB8401E1
:1063F0003A480844006808EE100A04EB8401384863
:106400000844006800EE100A70EE088A04EB84016C
:1064100033480844006800EE100A30EE080A31489C
:1064200000EB8400D0ED000A30EE600A10EE100A96
:1064300004EB84022A491144086004EB84012848D3
:106440000844006800EE100A38EEC00A10EE100A88
:1064500004EB840222490F391144086004EB8400E4
:106460001E490F39084400E00BE0006804EB84018A
:106470001B4A1E3A114408601046806BB043114617
:1064800088637600641C032CACDB05F0080088B13F
:1064900012480F38C06B12491E39C1F82D000F4841
:1064A0000F38D0F84100C1F832000846806B20F464
:1064B000407088630BF086F8FDF774FE05F0080065
:1064C00008B101F0B1F801F01DFDFFF71BFA002043
:1064D000BDEC028B70BDFFE71020F9E72ED800203D
:1064E0007AD90020A8D500202DE9F04F04460D46AA
:1064F00016461F46DDE90BABDDE909892548008812
:10650000322802DB0020BDE8F08F234821490988AA
:1065100000EB0110046020481E49098800EB0110BF
:1065200085801D481B49098800EB0110C0F80660F2
:1065300019481849098800EB011087721648154957
:10654000098800EB011080F80C8013481149098874
:1065500000EB011080F80D900F480E49098800EB00
:10656000011080F80EA00C480A49098800EB0110C0
:1065700080F80FB007480088401C064908800D9835
:1065800020B101210348008800F0B8FD01480088CF
:10659000B9E700004E0100206406001010B5574A0C
:1065A0000221652000F04EFE554A10214FF47A700A
:1065B00000F048FE534A102140F24C4000F042FEE9
:1065C000514A07214FF4166000F03CFE4F4A0E215D
:1065D00040F6741000F036FE4D4A03214FF41B6064
:1065E00000F030FE4B4A052141F2951000F02AFEE2
:1065F000494A072141F6583000F024FE474A0F214E
:10660000012000F0EBFD464A0521282000F0E6FDC0
:10661000444A022141F2A81000F0E0FD424A1A214A
:1066200040F6C33000F06AFA404A012140F61C40AF
:1066300000F064FA3E4A07214FF4617000F038FD23
:106640003C4A022141F2F81000F032FD3A480121A3
:10665000026840F28B3000F02BFD384A0B214FF4DA
:106660007A6000F0EFFD364A162140F28E3000F0DD
:106670001FFD344A082143F2C82000F0AFFD324A22
:10668000022143F22C3000F0A9FD304A012140F2F2
:10669000223000F00DFD2E4A022140F22D3000F094
:1066A00007FD2C4801F0D2FA06232B4A4FF4805103
:1066B0000120EDF765F80623284A4FF480310420C5
:1066C000EDF75EF80623254A4FF480310520EDF7FB
:1066D00057F80623224A4FF470111846EDF750F888
:1066E0000623204A4FF480510120ECF7EFFF0623E8
:1066F0001D4AD9030320ECF7E9FF10BD080D002067
:106700005CD70020ACD70020FCD700201FD8002089
:106710001FD90020E8D8002028D5002088DD0020DF
:10672000D3DD00203FF2002042D90020F2060020F5
:106730004CD5002014020020C80600205CD900209F
:1067400098D90020C8DC0020FA030020DC060020D5
:106750001004002061140208994602082D4C02081A
:10676000E5470208592003082D32030830B585B0EB
:106770000124002001210191CDE90214049003209D
:106780000723974A0F2100900120FFF7ADFE00205C
:1067900001210191CDE903400723924A0291009023
:1067A00005212820FFF7A0FE002002210122CDE9CB
:1067B00001210D23CDE9034000928B4A6520FFF7AC
:1067C00093FE002003210123CDE90130CDE9031020
:1067D0000723864A009102217820FFF785FE0120D9
:1067E0000190CDE90204049003200723804A04218C
:1067F000009043F2C820FFF777FE00200122CDE988
:1068000001200D23CDE9034000927A4A10214FF474
:106810007A70FFF769FE7849088000200122CDE9EF
:1068200001200D23CDE903400092744A102140F26B
:106830004C40FFF759FE7049488000200122CDE905
:1068400001200D23CDE9034000926D4A07214FF44A
:106850001660FFF749FE6849888000200122CDE9D3
:1068600001200D23CDE903400092664A0E2140F637
:106870007410FFF739FE6049C8800020082101220A
:10688000CDE902140192049003200D235E4A0146D3
:1068900000904FF41B60FFF727FE57490881002046
:1068A0000122CDE901200D23CDE903400092574A92
:1068B000052141F29510FFF717FE55490880002089
:1068C0000122CDE90120CDE9034003201E23514AD6
:1068D0001A21009040F6C330FFF706FE0020012287
:1068E000CDE90120CDE9034003201E234A4A0121BE
:1068F000009040F61C40FFF7F7FD002001210191B8
:10690000CDE902140723454A00910490022141F287
:10691000A810FFF7E9FD002002210122CDE90214B1
:106920000192049003200D233D4A0B2100904FF467
:106930007A60FFF7D9FD00200F2101AA13C204904D
:106940000723384A0121009041F2F810FFF7CCFDEF
:10695000002010210122CDE90214019204900320AD
:106960000D23314A0721009041F65830FFF7BCFD56
:106970002E480078C00908B1012500E00025234613
:106980002B4A4FF480310120ECF76AFE2346294A56
:1069900029460120ECF7C4FE2346274A01210620A0
:1069A000ECF7BEFE2346254A01210420ECF7B8FE91
:1069B0002346224A01210520ECF7B2FE0323204A98
:1069C00019041846ECF74CFE1E4800F05FFB1E4809
:1069D00000F062FB1D4800F065FB05B030BD000013
:1069E00088DD0020D3DD0020080D002014110020D8
:1069F000C8DC00205CD700201CD50020ACD70020CC
:106A0000FCD700201FD800201FD90020E8D8002084
:106A1000D806002042D90020F20600203FF20020D4
:106A20005CD900201402002028D500204408002052
:106A30005920030899460208E54702082D4C020830
:106A40002D320308CD290108C92C0108E12D0108C8
:106A500070B505460C46E1B22846EBF7D3FD064675
:106A60003046FEF7E9FA285370BD00000F48C178A0
:106A7000022912DA8178022907DA0D4949680D4A9C
:106A8000116004210C4A11600EE009490969094AA4
:106A900011608021084A116006E005490969054A2C
:106AA00011608021044A11607047000054DD00200D
:106AB000E00800202C0300203003002001EE101A13
:106AC000B8EE411AF0EE410A01EE100AB8EE411A92
:106AD000B0EE410A80EE201ADFED061A21EE211AEF
:106AE000B0EE410ABCEEC01A11EE102A024B1A7029
:106AF000704700000000C842A803002030B5154BC5
:106B00001B78082B00DB30BD124B1B7803EB830393
:106B1000114C04EB830359800E4B1B7803EB83036A
:106B200024F823000B4B1B7803EB830304EB830354
:106B30005A606FF00203074C247804EB8404064D7E
:106B400005EB8404E360034B1B785B1C014C237052
:106B500000BFD8E7730A002038E600201FB5694659
:106B60001D48006802F082F89DF8040000F01F0044
:106B70008DF80E009DF8050000F00F008DF80D0057
:106B80009DF8060000F07F008DF80F009DF80400CE
:106B900040098DF80C009DF8030000F01F008DF8EF
:106BA00008009DF8020000F03F008DF80900BDF8D4
:106BB000000000F5FA704FF47A7190FBF1F0C0B26A
:106BC0008DF80A0003A90020FCF70AFE02A90020A4
:106BD000FCF76AFE1FBD00002402002070B50446C9
:106BE0000D462C2215491648E9F702FEA22C1FD1AA
:106BF000202214491448E9F7FBFD3D2213491448AB
:106C0000E9F7B1FD3D22114911483D30E9F7ABFDEF
:106C10001048114AD2E900319268C0E9003182601F
:106C20000E480F4BD3E900219B68C0E901130260B5
:106C300068220C490C48E9F7DBFD70BD28CF03083A
:106C400020DD0020D4D00308C0DE00206CD1030872
:106C5000E0DE00205CDF002024D2030868DF002093
:106C600054D20308C0CE03085CD500201CB50446EE
:106C70006748D0F84600204000287DD16448D0F80D
:106C8000460020436249C1F8460001F14600016810
:106C9000009100798DF804000F20019AECF756FE60
:106CA0005C48F4F77BFF04F0020038B106200123B2
:106CB00000225849009003C9FCF798FA04F40050E8
:106CC00038B10720012300225249009003C9FCF784
:106CD0008DFA04F0800038B10A20012300224D49CA
:106CE000009003C9FCF782FA04F0400038B10B2091
:106CF000012300224749009003C9FCF777FA04F00A
:106D0000200038B11120012300224249009003C91C
:106D1000FCF76CFA04F0080038B1122001230022BD
:106D20003C49009003C9FCF761FA04F0010038B156
:106D30001A20012300223749009003C9FCF756FAB4
:106D400004F0040038B10D200123002231490090E5
:106D500003C9FCF74BFA04F4006038B10E2001239C
:106D600000222C49009003C9FCF740FA04F01000FF
:106D700048B11020012300E049E00022254900909D
:106D800003C9FCF733FA04F4804038B1082001232A
:106D900000222049009003C9FCF728FA04F480502F
:106DA00038B10F20012300221A49009003C9FCF7D3
:106DB0001DFA04F4806038B10C200123002215492B
:106DC000009003C9FCF712FA04F4807038B1042073
:106DD000012300220F49009003C9FCF707FA04F4CD
:106DE000007038B10520012300220A49009003C930
:106DF000FCF7FCF904F4004038B11E200123002206
:106E00000449009003C9FCF7F1F9F1F77BFC1CBDC4
:106E100088DD0020B80900207FB504460E461546DF
:106E200002A8F4F7BBFE9DF8040065F30000019092
:106E300004F6D33006EB460108442B4600220090AE
:106E4000DDE90201FCF73EFA04F6D33106EB460217
:106E5000881801A90EC9ECF78BFB06B30021224864
:106E600040F824102148005D65F300001F490855D3
:106E700055B11F48D0F80A00E11C01228A40104396
:106E80001B49C1F80A002EE01948D0F80A00E11C9D
:106E900001228A4090431649C1F80A0023E00021EC
:106EA000144840F824101148C01E005D65F300002E
:106EB0000E49C91E08555DB10D48D0F8050004F112
:106EC0000D0101228A4010430949C1F805000AE07A
:106ED0000748D0F8050004F10D0101228A409043D3
:106EE0000349C1F805007FBDCCD4002055D900204E
:106EF00030F20020E8D400207FB505460C4602A8F9
:106F0000F4F74CFE9DF8040064F30000019005F6D0
:106F1000DA30234600220090DDE90201FCF7D2F9C5
:106F200005F6DA3001A90EC9ECF722FBDDB100202D
:106F30001B4988611B48007E64F3000019490876EC
:106F400044B11948D0F80A0040F040001649C1F891
:106F50000A0023E01448D0F80A0020F0400012494B
:106F6000C1F80A001AE00020104988610D48C07D70
:106F700064F300000B49C87544B10B48D0F8050014
:106F800040F400300849C1F8050007E00648D0F891
:106F9000050020F400300449C1F805007FBD000061
:106FA000C0D4002042D9002030F20020DCD40020E0
:106FB0007FB504460E46154602A8F4F7EFFD9DF88E
:106FC000040065F30000019004F6CD3006EB4601A5
:106FD00008442B4600220090DDE90201FCF772F91B
:106FE00004F6CD3106EB4602881801A90EC9ECF76C
:106FF000BFFAF6B10020214941F824002048005D85
:1070000065F300001E4908554DB11E48D0F80A101E
:107010000120A04001431B48C0F80A102DE0194888
:10702000D0F80A000121A14088431649C1F80A009E
:1070300023E00020144941F824001148C01E005DDF
:1070400065F300000E49C91E08555DB10D48D0F822
:10705000050004F10A0101228A4010430949C1F8E0
:1070600005000AE00748D0F8050004F10A010122F2
:107070008A4090430349C1F805007FBDC0D4002079
:107080004FD9002030F20020DCD4002001490860F4
:10709000704700003401002001490860704700007B
:1070A0003801002001490860704700003C010020C1
:1070B00010B5104B1B78052B00DB10BD0D4B1B785A
:1070C00003EB83030C4C04EB83035980094B1B78BF
:1070D00003EB830324F82300064B1B7803EB8303A5
:1070E00004EB83035A60034B1B785B1C014C237039
:1070F00000BFE2E7720A0020D4E50020F0B50D469B
:10710000002868D0461EB0B2334E06EB0016B28897
:10711000314E06EB0016B67A1E2E0DD006DC012E7F
:1071200009D0072E26D00D2E54D13BE0212E22D09F
:10713000242E4FD137E000BF274E06EB0016D6F8BD
:10714000061014E045B10E78802707EAD6160F78AE
:1071500066F3C7170F7007E00E787F2747EAD61649
:107160000F7866F3C7170F70491C561CB2B2002A7D
:10717000E8D12FE000BF184E06EB0016D6F8064007
:107180000DE02DB1267926F080068036267103E0C9
:10719000267926F080062671641D561EB2B2002A9A
:1071A000EFD117E000BF0C4E06EB0016D6F8063004
:1071B0000DE02DB11E7926F0800680361E7103E0A9
:1071C0001E7926F080061E715B1D561EB2B2002A83
:1071D000EFD100BF00BFF0BD6406001030B5174B03
:1071E0001B78172B00DB30BD4FF6FF7303EA41031A
:1071F000124C247804EB8404114D05EB8404638065
:107200000E4B1B7803EB83032C4624F823000B4B17
:107210001B7803EB830304EB83035A606FF00103D5
:10722000064C247804EB840405EB8404E360034BF0
:107230001B785B1C014C237000BFD4E7710A00204F
:1072400008E4002030B5174B1B78172B00DB30BD4E
:107250004FF6FF7303EA4103124C247804EB8404D5
:10726000114D05EB840463800E4B1B7803EB830305
:107270002C4624F823000B4B1B7803EB830304EB11
:1072800083039A604FF0FF33064C247804EB8404A8
:1072900005EB8404E360034B1B785B1C014C2370FB
:1072A00000BFD4E7710A002008E400200246094824
:1072B000807A00F0020010B94FF0FF307047012AC9
:1072C00001D1002102E06FF0030100BF00BF0846BA
:1072D000F4E70000004001209FED1F0A10EE101A95
:1072E0001E4A52F8202011609FED1B0A10EE101A62
:1072F0001A4A083252F8202011609FED170A10EE4A
:10730000101A164A103252F820201160134951F811
:107310002010097921F080018031104A52F8202094
:1073200011710E49083151F82010097921F08001BE
:1073300080310A4A083252F8202011710749103171
:1073400051F82010097921F080018031034A103270
:1073500052F8202011717047FFFF7F7F3CD1002041
:10736000014611B96FF0040070470E48007900F033
:10737000020010B94FF0FF30F6E708794A7940EA89
:107380000220094A1064C87800068A7840EA024060
:107390004A7840EA02200A781043034A50640020E9
:1073A000E2E700000C4001200080024070B5054675
:1073B0000C46207810B1022813D108E000200C49B7
:1073C00008700C4908701120FEF702FE0DE0012044
:1073D000074908700220074908701120FEF7F8FDE0
:1073E00003E00E20FEF752FD00BF00BF70BD00009D
:1073F000380000207C09002070B505461F48807ABF
:1074000000F0020010B94FF0FF3070BD1B4800893A
:1074100000F4006405F0030010B1012804D100E07D
:1074200005E044F4005402E06FF00300EDE700BF14
:1074300005F0040010B1042804D100E005E044F494
:10744000807402E06FF00300DFE700BF05F0080082
:1074500008B144F4805405F0100008B144F48044AD
:1074600005F0200008B144F48064044804810289D6
:107470000021436808469847C7E700000040012004
:107480000448007A00F0010010B102200249C870DF
:107490007047000020DD00209802002070470000A7
:1074A000F0B505AC70CC08B10A4F388009B10A4F6D
:1074B00039800AB1094F3A800BB1094F3B800CB1BA
:1074C000084F3C800EB1084F3E800DB1074F3D8004
:1074D000F0BD0000E6010020E40100200C010020C6
:1074E0000E010020100100201401002012010020D4
:1074F00070B505460C46207820B101280FD002282F
:1075000024D119E000201449087014490870144966
:107510000870FCF7A5FB1120FEF75AFD1AE00120C8
:107520000F49087000200F49087001200A490870AF
:107530001120FEF74DFD0DE00120084908700220E2
:10754000054908701120FEF743FD03E00E20FEF709
:107550009DFC00BF00BF70BD7C09002038000020EA
:10756000490B0020480B0020811E062941D2DFE88C
:1075700001F0030E18222C364FF080411E4A116094
:1075800001211E4A11601C211D4A117031E01D4964
:10759000194A11600221194A11601D21184A1170FF
:1075A00027E01949144A11600421144A11601E2170
:1075B000134A11701DE015490F4A116008210F4A46
:1075C000116032210E4A117013E011490A4A11600C
:1075D00010210A4A11603621094A117009E00D494B
:1075E000054A11602021054A11603721044A1170B3
:1075F00000BF00BF704700009C090020A0090020C8
:10760000A40900200004004000080040000C0040D5
:107610000010004000140040024B03EB8002116098
:107620007047000040FE012070B52DED088B2E48FC
:10763000D0F82D40D0F83210084614F081F841EC13
:107640001A0B9FED2A0B53EC102B13F083FD41EC2A
:10765000190B9FED280B53EC102B13F019FB41EC89
:10766000180B13F02FFA0546284614F069F841EC80
:107670001B0BB0EE4B0AF0EE6B0A0CF0C5F9B0EE46
:10768000409AF0EE609A204614F05AF841EC1A0B3A
:1076900053EC192B13F05EFD41EC180B13F012FAAA
:1076A00016490860284614F04BF841EC1B0BB0EE6D
:1076B0004B0AF0EE6B0A0CF017FAB0EE409AF0EEBF
:1076C000609A204614F03CF841EC1A0B53EC192B4D
:1076D00013F040FD41EC180B13F0F4F90849086071
:1076E000BDEC088B70BD00005CD9002044174154EC
:1076F000FB2109400000000000806640AC0500202E
:10770000B00500202DE9F0432DED0C8B85B04FF432
:10771000C070FE4908804FF40070FD490880FD48A4
:10772000006B10B93220FB490863FA48008EFA4911
:107730000880F848406B10B91E20F6494863F548A8
:10774000406B322148434008F4490860FCF72AFDA9
:10775000F34890ED000B53EC102B9FEDF20B51EC26
:10776000100B13F095FA9FEDF10B53EC102B13F067
:107770008FFA13F0A7F9EF4908600846D0ED000A28
:10778000E248008800EE100AB8EE400A20EE800AB7
:10779000DFEDE90A20EE200ADFEDE80A80EE201A8C
:1077A00011EE109A484613F0CBFFE54A03C20025BC
:1077B00031E000EE105AB8EE400AF0EE000A20EE7A
:1077C000200A10EE101A084613F0BAFF41EC1C0B09
:1077D0009FEDDC0B53EC102B13F0BCFC41EC1B0BAE
:1077E0009FEDD20B53EC102B13F052FA41EC1A0B15
:1077F000B0EE4A0AF0EE6A0A0CF076F9B0EE409A62
:10780000F0EE609A51EC190B13F05CF9CF4941F896
:107810002500681C85B2FF2DCBDDBE4890ED120A15
:1078200010EE101A084613F08BFF41EC1A0BB94802
:1078300090ED000A10EE101A084613F081FF41EC9B
:107840001B0B53EC1A2B13F023FA41EC190B13F01A
:1078500039F9BF49086000F0E7FBAE4890ED000A37
:1078600010EE101A084613F06BFF41EC1D0B9FED54
:10787000B90B53EC102B13F06DFC41EC1C0B9FED7E
:10788000B70B53EC102B13F065FC41EC1B0B9FED79
:10789000B50B53EC102B13F05DFC41EC1A0B9FED74
:1078A000B30B53EC102B13F055FC41EC190B13F0F8
:1078B00009F908EE100A974890ED160AB5EEC00ACD
:1078C000F1EE10FA07D090ED160A20EE080AA9484A
:1078D00080ED000A06E09FEDA80A28EE000AA54800
:1078E00080ED000A8B4890ED170AB5EEC00AF1EE64
:1078F00010FA07D090ED170A20EE080A9D4880ED97
:10790000010A06E09FED9C0A28EE000A994880EDE6
:10791000010A804890ED180AB5EEC00AF1EE10FA9F
:1079200007D090ED180A20EE080A924880ED020A6E
:1079300006E09FED910A28EE000A8E4880ED020ACB
:107940009FED8E0A8E4880ED000A002423E08948CE
:1079500000EB840090ED000A10EE101A084613F0B8
:10796000EFFE41EC1A0B9FED7F0B53EC102B13F045
:107970008FF941EC190B13F0A5F808EE100A8048B6
:1079800090ED000AB4EEC08AF1EE10FA01D280ED5B
:10799000008A601C84B2032CD9DB00242FE09FED09
:1079A000790AF0EE408A012077490855002077498E
:1079B000085502251EE06F4800EB840090ED000A98
:1079C000B4EEE80AF1EE10FA0BD86F48005D4006FD
:1079D000000E6D4908556D48005D401C6B49085507
:1079E00000E009E0B0EE000AC8EE800AF0EE608A1E
:1079F000681C85B2072DDEDB00BF601C84B2032C3F
:107A0000CDDB634890ED000A624880ED000A6048D3
:107A100090ED010A5F4880ED010A5F4F002438E0D5
:107A20005C4890ED000A5C480C3000EB8400D0ED1F
:107A3000000A20EE200A594800EB840080ED000A7D
:107A40005248005D00EB4000801D204485B2514843
:107A500090ED010A07EB8500D0ED000A20EE201A18
:107A60004D4850F8240000EE100AB8EE400AC1EE6E
:107A7000000A4548005D00EE100AB8EE400A80EEAC
:107A8000801A4649E01C01EB800080ED001A601C62
:107A900084B2032CC4DBFFF7C7FD1E4890ED0E0A2D
:107AA00010EE101A084613F04BFE41EC1B0B194860
:107AB00090ED120A10EE101A084613F041FE41EC48
:107AC0001C0B53EC1B2B13F045FB41EC1A0B9FEDE9
:107AD000340B53EC102B13F0DBF841EC190B9FED3A
:107AE000320B53EC102B13F0D3F8314A03C200F0E1
:107AF00009FA0848006B032802D2032005490863ED
:107B00002C4EDFF8108008F10C0855E0C804002066
:107B1000B40400205CD50020BE040020F80400203E
:107B2000980400200000000000408F40000000008A
:107B300000007040A00400200000804F286B6E4EB3
:107B4000A804002044174154FB210940DCCC00204C
:107B5000580500207AD4278452050D40000000000B
:107B600000004940000000000000F83F8DEDB5A086
:107B7000F7C6B03EFC0600200000FA440050C347A0
:107B8000BC0500200000FA435C0500205F050020D2
:107B9000F4CD0308F4060020C4D50020F022002014
:107BA000000000E07AB6FB3F0000000000005940F2
:107BB0008004002028D50020204890ED120ADFED37
:107BC000200A80EE201A1F4880ED001A00241AE0D7
:107BD00058F8240004EB840131440860002100912E
:107BE000019104EB840131440A68039209798DF80C
:107BF000101041F65831214488B2DDE90312EBF749
:107C000017FE601C84B2062CE2DB0C48806B0E4928
:107C1000C1F81E00002100910B481E30019101683F
:107C2000039100798DF8100041F65E30049AEBF76D
:107C3000FFFD05B0BDEC0C8BBDE8F0835CD50020EA
:107C4000D7B3DD3F9004002028D50020014908600B
:107C5000704700009C0A002030B52DED068B83B0E4
:107C6000B0EE408A04466846F3F798FF18EE100A13
:107C700013F066FD41EC1A0BB0EE4A0AF0EE6A0A08
:107C80000BF026FFB0EE409AF0EE609A51EC190B23
:107C900012F018FF08EE100A934890F83C000028F4
:107CA0005BD0914890F864000121A1400840002871
:107CB00053D18E48005D00287ED18D48807900F038
:107CC00001000028F8D18B48007800F0010000285E
:107CD000F2D187481330005D00F00100F0B3824814
:107CE00090ED040A9FED841AC0EE010A90ED091A86
:107CF00090ED040A00EEC10AB4EEC80AF1EE10FAE3
:107D00000CDD7B481330005D20F001017848133012
:107D10000155002201212046FFF77EF8724890EDC0
:107D2000030A9FED751AC0EE010A90ED091A90ED55
:107D3000030A00EEC10AB4EEC80AF1EE10FA0CDD37
:107D40006B481030005D20F001016948103001558A
:107D5000002211462046FFF75FF8C0E0FFE76448C5
:107D60001030005D00F00100002852D05E4890ED18
:107D7000040AB4EEC80AF1EE10FA26D2F3F726FF91
:107D800005465E4850F8240010B95C4840F824507D
:107D90005A4850F824005449496C0844A842DCD899
:107DA00053481330005D20F00100401C504913314E
:107DB00008550122114600E08EE02046FFF72CF81E
:107DC00000214E4840F8241089E000214B4840F83B
:107DD0002410454890ED030A9FED471AC0EE010AB2
:107DE00090ED091A90ED030A00EEC10AB4EEC80A3C
:107DF000F1EE10FA73DD3E481030005D20F0010115
:107E00003B4810300155002211462046FFF704F888
:107E100065E0354890ED030AB4EEC80AF1EE10FAB9
:107E200024D2F3F7D3FE0546354850F8240010B9A4
:107E3000334840F82450324850F824002A49096C4D
:107E40000844A84216D82A481030005D20F00101ED
:107E5000491C274810300155012200212046FEF719
:107E6000DBFF0021264840F8241003E000212448CD
:107E700040F824101C4890ED040AB4EEC80AF1EE54
:107E800010FA24D2F3F7A2FE05461C4850F824004D
:107E900010B91A4840F82450184850F824001249E4
:107EA000496C0844A8421AD811481330005D20F0EC
:107EB0000100401C0E49133108550122114620468D
:107EC000FEF7AAFF00210D4840F8241007E000212A
:107ED0000A4840F8241002E02046EAF76DFC03B09F
:107EE000BDEC068B30BD00005CD50020CC06002028
:107EF00042D90020F20600200000C842CCD4002065
:107F0000E8D400207FB5002602A8F3F747FE4248D8
:107F100090F83C0010B3092500241CE03E4890F87E
:107F200064000121A140084098B93C48806B28407A
:107F300008B1012611E004EB8400384908440068C8
:107F400000EE100AB5EEC00AF1EE10FA01D10126DA
:107F500003E06D00641C032CE0DB00BF2E4890F8AA
:107F60003D0048B12C4890F8640028B92B48008F98
:107F700000F4407000B101263EB32948807900F03A
:107F8000010008BB2648807920F00100401C2449EC
:107F9000887140F6C930012300220090DDE902011A
:107FA000FBF790F91E4880790190014640F6C930F0
:107FB000DDE90223EBF7DCFA1A48D0F8050040F0BF
:107FC00040001849C1F8050025E01548807900F007
:107FD000010000B31248807920F001001049887137
:107FE00040F6C93000231A460090DDE90201FBF794
:107FF00069F90B4880790190014640F6C930DDE906
:108000000223EBF7B5FA0748D0F8050020F040004E
:108010000449C1F805007FBD5CD500205CD9002073
:1080200042D9002030F200207FB5002502A8F3F7E6
:10803000B5FD3A4890F83C00F8B100241AE0374802
:10804000583000EB840090ED000AB5EEC00AF1EE66
:1080500010FA01D101250FE030484C3000EB8400CC
:1080600090ED000AB5EEC00AF1EE10FA01D101253B
:1080700002E0641C032CE2DB00BF3DB32848807D96
:1080800000F0010008BB2648807D20F00100401C64
:108090002349887540F6D930012300220090DDE99C
:1080A0000201FBF70FF91E48807D0190014640F662
:1080B000D930DDE90223EBF75BFA1A48D0F8050066
:1080C00040F480301749C1F8050025E01448807D50
:1080D00000F0010000B31248807D20F0010010493B
:1080E000887540F6D93000231A460090DDE9020178
:1080F000FBF7E8F80A48807D0190014640F6D93048
:10810000DDE90223EBF734FA0648D0F8050020F445
:1081100080300449C1F805007FBD00005CD5002017
:1081200042D9002030F200207FB505460C46524867
:1081300090F864000121A1400840002847D102A81E
:10814000F3F72CFD4D48007800F0010000286BD1BA
:10815000002D3DD04A48005D00F001000028EDD11F
:10816000F3F734FD0646474850F8240010B9454857
:1081700040F82460434850F824003F49096C084403
:10818000B04278D804F6C6302B4600220090DDE9D4
:108190000201FBF797F83A48005D65F300003849A3
:1081A0000855095D04F6C6300191DDE90223EBF7BD
:1081B000DFF93548D0F80500E11C01228A40104360
:1081C0003149C1F8050000212E4840F8241052E042
:1081D0002B48005D00F0010008B304F6C6302B46C2
:1081E00000220090DDE90201FBF76CF82448005DF5
:1081F00065F3000022490855095D04F6C630019177
:10820000DDE90223EBF7B4F91F48D0F80500E11CC3
:1082100001228A4090431C49C1F805002BE000214F
:10822000184840F8241026E01548005D00F00100D1
:1082300008B304F6C63000231A460090DDE90201B7
:10824000FBF740F80E48005D20F001010C48015595
:108250000146095D04F6C6300191DDE90223EBF722
:1082600087F90948D0F80500E11C01228A409043B3
:108270000549C1F805007FBD5CD50020F20600204D
:1082800045D9002010D5002030F2002010B52DED8A
:10829000028B82B0B0EE408A8F4890F83D000028F3
:1082A00070D08D4890F8640000F00700002869D174
:1082B0006846F3F773FC8948807900F001000028D4
:1082C0007ED18748007800F001000028F8D183486B
:1082D000007E00F00100E8B37F4890ED080A9FEDB2
:1082E000811AC0EE010A90ED0B1A90ED080A00EE1B
:1082F000C10AB4EEC80AF1EE10FA25DD7748007E17
:1083000020F001007549087600210120FEF7F4FDF8
:10831000714890ED070A9FED731AC0EE010A90EDC7
:108320000B1A90ED070A00EEC10AB4EEC80AF1EE8E
:1083300010FA09DD6948C07D20F001006749C87561
:1083400000210846FEF7D8FD634890ED070A9FED2F
:10835000651A00E017E0C0EE010A90ED0B1A90EDEF
:10836000070A00EEC10AB4EEC80AF1EE10FA09DD00
:108370005A48C07D20F001005849C87500210846C0
:10838000FEF7BAFDA3E05548C07D00F00100E8B358
:10839000514890ED080AB4EEC80AF1EE10FA1FD267
:1083A000F3F714FC04465048806908B94E488461CC
:1083B0004D4880694849496C0844A0420FD800E004
:1083C00083E04648C07D20F00100401C4349C87549
:1083D00001210846FEF790FD00204349886176E0C0
:1083E0000020414988613C4890ED070A9FED3D1A05
:1083F000C0EE010A90ED0B1A90ED070A00EEC10ADB
:10840000B4EEC80AF1EE10FA61DD00E00AE033488C
:10841000C07D20F001003149C87500210846FEF7F3
:108420006BFD54E02C4890ED070AB4EEC80AF1EE5B
:1084300010FA1DD2F3F7CAFB04462C48806908B92C
:108440002A488461294880692349096C0844A0426C
:1084500011D82248C07D20F00100401C1F49C8757A
:1084600001210020FEF748FD00202049886102E03C
:1084700000201E498861184890ED080AB4EEC80A29
:10848000F1EE10FA1DD2F3F7A1FB044616488069FD
:1084900008B915488461144880690F49496C08443B
:1084A000A04214D80D48007E20F00100401C0B496A
:1084B000087601210846FEF71FFD00200A49886161
:1084C00005E000200849886101E0EAF7A9F902B057
:1084D000BDEC028B10BD00005CD5002042D900200D
:1084E000F20600200000C842C0D40020DCD40020E6
:1084F0007FB505460C46504890F83C0000287DD0DA
:108500004D4890F864000121A1400840002875D131
:108510004A48007800F0010000286FD102A8F3F764
:108520003DFB002D3DD04648005D00F001000028D5
:1085300036D1F3F74BFB0646424850F8240010B9F9
:10854000404840F824603F4850F824003A49096CFC
:108550000844B0426FD804F6CA302B46002200907F
:10856000DDE90201FAF7AEFE3548005D65F3000073
:1085700033490855095D04F6CA300191DDE902234B
:10858000EAF7F6FF3048D0F80500E11D01228A40E5
:1085900010432D49C1F8050000212A4840F8241055
:1085A00049E02748005D00F0010010B304F6CA302E
:1085B0002B4600220090DDE90201FAF783FE2048F5
:1085C000005D65F300001E490855095D04F6CA30D8
:1085D0000191DDE90223EAF7CBFF1B48D0F8050043
:1085E000E11D01228A4090431749C1F8050022E0AD
:1085F00004E00021134840F824101CE01048005DFE
:1086000000F00100B8B104F6CA3000231A46009009
:10861000DDE90201FAF756FE0948005D20F001018C
:10862000074801550146095D04F6CA300191DDE9AC
:108630000223EAF79DFF7FBD5CD50020F2060020F3
:1086400049D9002004D5002030F2002030B52DEDAE
:10865000068B83B0B0EE408A04466846F3F79EFA74
:1086600018EE100A13F06CF841EC1A0BB0EE4A0A3F
:10867000F0EE6A0A0BF02CFAB0EE409AF0EE609A37
:1086800051EC190B12F01EFA08EE100A934890F8FC
:108690003C0000285BD0914890F864000121A14083
:1086A0000840002853D18E48005D00287ED18D48B7
:1086B000807900F001000028F8D18B48007800F0A4
:1086C00001000028F2D187480D30005D00F0010064
:1086D000F0B3824890ED060A9FED841AC0EE010ABD
:1086E00090ED0A1A90ED060A00EEC10AB4EEC80A2F
:1086F000F1EE10FA0CDD7B480D30005D20F0010139
:1087000078480D300155002201212046FEF750FC2B
:10871000724890ED050A9FED751AC0EE010A90EDC2
:108720000A1A90ED050A00EEC10AB4EEC80AF1EE8D
:1087300010FA0CDD6B480A30005D20F00101694839
:108740000A300155002211462046FEF731FCC0E0F8
:10875000FFE764480A30005D00F0010038B35F486D
:1087600090ED060AB4EEC80AF1EE10FA27D2F3F73C
:108770002DFA05465E4850F8240010B95C4840F8D0
:1087800024505B4850F824005449496C0844A842DE
:10879000DDD854480D30005D20F00100401C5149E7
:1087A0000D31085501221146204601E08EE02AE0F5
:1087B000FEF7FEFB00204E4941F8240089E000202E
:1087C0004B4941F82400454890ED050A9FED471AB2
:1087D000C0EE010A90ED0A1A90ED050A00EEC10AFA
:1087E000B4EEC80AF1EE10FA73DD3E480A30005DBF
:1087F00020F001013B480A30015500221146204675
:10880000FEF7D6FB65E0354890ED050AB4EEC80AE0
:10881000F1EE10FA24D2F3F7D9F90546354850F8AD
:10882000240010B9334840F82450324850F824004E
:108830002A49096C0844A84216D82A480A30005D23
:1088400020F00100401C27490A310855012200216F
:108850002046FEF7ADFB0020264941F8240003E046
:108860000020244941F824001C4890ED060AB4EE8B
:10887000C80AF1EE10FA24D2F3F7A8F905461C480D
:1088800050F8240010B91A4840F82450184850F8FD
:1088900024001249496C0844A8421AD811480D30E6
:1088A000005D20F00100401C0E490D3108550122E9
:1088B00011462046FEF77CFB00200D4941F82400BC
:1088C00007E000200A4941F8240002E02046E9F7C9
:1088D000D3FF03B0BDEC068B30BD00005CD500209B
:1088E000CC06002042D90020F20600200000C84239
:1088F000C0D40020DCD400207FB505460C46534888
:1089000090F83C0000284ED0504890F864000121B7
:10891000A1400840002846D102A8F3F73FF94C488F
:10892000007800F00100002869D1002D3CD04948B2
:10893000005D00F001000028EDD1F3F747F906468D
:10894000454850F8240010B9434840F82460424894
:1089500050F824003D49096C0844B04274D804F62C
:10896000C3302B4600220090DDE90201FAF7AAFC91
:108970003848005D65F3000036490855095D04F686
:10898000C3300191DDE90223EAF7F2FD3348D0F864
:1089900005000121A14008433049C1F8050000212C
:1089A0002D4840F824104FE02A48005D00F00100F7
:1089B00000B304F6C3302B4600220090DDE902012B
:1089C000FAF780FC2348005D65F300002149085553
:1089D000095D04F6C3300191DDE90223EAF7C8FD21
:1089E0001E48D0F805000121A14088431B49C1F869
:1089F000050029E00021184840F8241024E015481B
:108A0000005D00F00100F8B104F6C33000231A46FF
:108A10000090DDE90201FAF755FC0E48005D20F0F8
:108A200001000C490855095D04F6C3300191DDE9E8
:108A30000223EAF79DFD0948D0F805100120A04067
:108A400081430648C0F805107FBD00005CD50020BA
:108A5000F206002042D90020F8D4002030F2002095
:108A6000704710B500F017F810BD0000064901EB83
:108A700000110968044A02EB001251600121024A08
:108A800002EB00125173704794DF002010B5FFF71E
:108A9000E8FF002010BD10B5FBF79AF810BD0000EC
:108AA0000020024908700249087070475C030020EA
:108AB0005D0300200020014908707047F50900207F
:108AC00010B500F00FF810BD0021024A02EB0012B1
:108AD0005173704794DF002010B5FFF7F1FF0020BD
:108AE00010BD000010B50E2420460AF0E7FD0B492A
:108AF000086A002100F06FF907200AF0DFFD084A3C
:108B0000128891B2074A1068F2F792FC0648006892
:108B100018B1054800680FF06DFC10BDBC080020BE
:108B200058060020600600207804002000B593B0AD
:108B300000BF002001902E48006840F080502C4972
:108B400008600846006800F08050019000BF00BF38
:108B500000BF002001902748006840F4804025496C
:108B600008600846006800F48040019000BF00BF24
:108B700001200790089002200D9041050E911921C7
:108B80000F914FF4A87110910221119107211291B8
:108B900007A8F3F731FD0D2002900220039000207A
:108BA00004904FF4A05005904FF48050069005219A
:108BB00002A8F3F7F3FA1048006820F400700E4999
:108BC00008600846006820F4806008600846006875
:108BD00040F4007008600846006840F48060086057
:108BE00000224FF480011046F3F7A6FC13B000BD3D
:108BF0004038024000700040003C024013480068CA
:108C000040F47000114908601148006840F001000C
:108C10000F49086000200E49083108600C480068C0
:108C20000C4908400A4908600B48091D0860081FE4
:108C3000006820F48020091F0860002004490C31DE
:108C400008600648014980390860704788ED00E0F7
:108C500000380240FFFFF6FE10300024000001083B
:108C60000148406870470000100200202DE9FC41D7
:108C700005460C4600202060A080A0716946686807
:108C800006F078FFA07900F07F0040F2B2718842D0
:108C900004DBBDF80600A0F26C7003E0BDF806002E
:108CA000A0F5FA60A17960F30601A1719DF80410A6
:108CB000607961F3030060719DF80310207961F31E
:108CC000040020719DF80210E07861F30400E07068
:108CD0009DF80110A07861F30500A0709DF80000D8
:108CE00000EB4001C1EBC0104FF6FF7101EAC0007C
:108CF00020804FF47A7600270B4928680844002129
:108D00003246A0FB023801FB068107FB00171E4616
:108D10000022012330463946E7F7B4FB0646208897
:108D200080192080BDE8FC819CC4200070B5184EDD
:108D3000F269D2E90003B16A401843F10001C2E9C7
:108D4000000199421AD0FCF773FDF069416811489F
:108D5000114A016012781AB142687820EAF73AFDA8
:108D600000240E4D06E0F169D1E900019047641C32
:108D7000102C03DA55F82420002AF4D13069401C65
:108D8000012130610648BDE8704000F020B80000C5
:108D900008020020141100200801002020110020EA
:108DA0000014004030B5002301248C40A3B2046AB3
:108DB000DD43ADB22C400462046A02FA01F5ADB2A3
:108DC0002C43046230BDCA4392B202617047CA4369
:108DD00092B20261704721B1026842F00102026062
:108DE00004E002684FF6FE731A40026070470A46BC
:108DF0000021036899B24FF68F7319401143016047
:108E0000704721B1426C42F40042426403E0426C7C
:108E1000C2F30E024264704710B5044655488442BE
:108E200008D101210846FAF7EDFA00210120FAF7EE
:108E3000E9FA9DE0B4F1804F08D101210846FAF724
:108E4000C1FA00210120FAF7BDFA91E04A488442B4
:108E500008D101210220FAF7B5FA00210220FAF721
:108E6000B1FA85E04548844208D101210420FAF78F
:108E7000A9FA00210420FAF7A5FA79E040488442D3
:108E800008D101210820FAF79DFA00210820FAF7FD
:108E900099FA6DE03B48844208D101211020FAF78D
:108EA00091FA00211020FAF78DFA61E036488442E9
:108EB00008D101212020FAF785FA00212020FAF7B5
:108EC00081FA55E03148844208D101210220FAF7A5
:108ED00099FA00210220FAF795FA49E02C488442D9
:108EE00009D101210804FAF78DFA00214FF48030EE
:108EF000FAF788FA3CE02748844209D10121480466
:108F0000FAF780FA00214FF40030FAF77BFA2FE0ED
:108F10002148844209D101218804FAF773FA00211B
:108F20004FF48020FAF76EFA22E01C48844208D100
:108F300001214020FAF746FA00214020FAF742FAD0
:108F400016E01748844208D101218020FAF73AFA46
:108F500000218020FAF736FA0AE01248844207D14D
:108F600001218015FAF72EFA0021A015FAF72AFA46
:108F700010BD000000000140000400400008004057
:108F8000000C0040001000400014004000040140AC
:108F900000400140004401400048014000180040EA
:108FA000001C0040002000400246002013690B40D6
:108FB0000BB1012000E00020704730B502460020D0
:108FC00000230024156905EA0103D56805EA0104B8
:108FD00013B10CB1012000E0002030BD10B502211A
:108FE0002048FFF7EAFF0446012C30D100211D483C
:108FF000FFF7F1FE002240F225511B4801F008FA6C
:1090000000201A49087000220221164800F08AF850
:109010000021144800F0A9F908211248FFF7D3FEF7
:1090200008211048FFF7D3FE02210E48FFF7CFFEBC
:10903000012208210B4800F075F801210948FFF7CB
:10904000CAFE04210A4800680FF076F909E0002200
:109050000821044800F066F80221054800680FF076
:109060006BF910BD0004004000100140C00A002050
:10907000BC0A002010B504211048FFF79EFF0446EB
:10908000012C16D100210D48FFF7A5FE002240F269
:1090900025510B4801F0BCF900200A490870002254
:1090A0000421064800F03EF80749086802210FF045
:1090B00043F904210148FFF78AFE10BD0004004077
:1090C00000100140E80A0020D40A002010B5042155
:1090D0001048FFF772FF0446012C16D100210D48FD
:1090E000FFF779FE002240F225510B4801F090F97C
:1090F00000200A49087000220421064800F012F8F6
:109100000749486802210FF017F904210148FFF7C9
:109110005EFE10BD0008004000440040E90A002047
:10912000D40A002010B51AB1C3680B43C36004E031
:10913000C368CC43A4B22340C36010BD70B5002403
:1091400000220023056A4FF6FE7635400562056A67
:10915000AAB24568ABB28569ACB24FF68F752C40A8
:10916000B51E2C400D882C43751E2A408D892A433C
:109170004D882A430F4DA84202D00F4DA84213D16B
:109180004FF6F7752A40CD892A434FF6FB752A40E2
:109190008D882A434FF6FF652B404FF6FF552B4035
:1091A0000D8A2B434D8A2B43436084618D68456350
:1091B000026270BD00000140000401400A46002127
:1091C000836999B24FF6F773194011438161704773
:1091D00070B5002400220023056A4FF6EF76354073
:1091E0000562056AAAB24568ABB28569ACB248F6B9
:1091F000FF752C404FF6FF452C400D884FF6FF764B
:1092000006EA05252C434FF6DF752A408D8906EACC
:1092100005152A434D8806EA05152A43144DA84230
:1092200002D0144DA8421DD14FF67F752A40CD893A
:109230004FF6FF7606EA05152A434FF6BF752A401A
:109240008D8806EA05152A434FF6FF352B404FF26D
:10925000FF752B400D8A06EA85052B434D8A06EAE9
:1092600085052B43436084618D688563026270BD10
:1092700000000140000401400A460021836999B2C0
:109280004FF2FF7319404FF6FF7303EA02231943AD
:109290008161704770B5002400220023056A4FF6F3
:1092A000FF6635400562056AAAB24568ABB2C5697A
:1092B000ACB24FF68F752C404FF6FC752C400D88E4
:1092C0002C434FF6FF552A408D894FF6FF7606EA6C
:1092D00005252A434D8806EA05252A43144DA84250
:1092E00002D0144DA8421DD14FF2FF752A40CD89FE
:1092F0004FF6FF7606EA05252A434FF6FF352A404A
:109300008D8806EA05252A434EF6FF752B404DF65B
:10931000FF752B400D8A06EA05152B434D8A06EA98
:1093200005152B434360C4618D68C563026270BD3F
:1093300000000140000401400A460021C36999B2BF
:109340004FF6F77319401143C16170470021018046
:109350004180818081608181C18101824182704729
:10936000816242617047C16270474162704700008C
:10937000002203689AB2194B98420ED0184B9842BB
:109380000BD0B0F1804F08D0164B984205D0164B49
:10939000984202D0154B984204D14FF68F731A4071
:1093A0004B881A43124B984207D0124B984204D074
:1093B0004FF6FF431A400B891A4302604B68C362A1
:1093C0000B888362054B984202D0054B984201D12D
:1093D0008B7A036301234361704700000000014062
:1093E000000401400004004000080040000C004060
:1093F00000100040001400404FF0FF314160002198
:1094000001800181418081727047000010B51148D0
:1094100000683C2802DC0F48006878B90020E8F7B3
:109420002FFB00200B4908600723012212210A4864
:10943000E8F7C4FA0120E8F739FB07E005480068BF
:10944000401C044908600120E8F71AFB0248E8F7CD
:1094500011FB10BD540000200020014000B52DED8F
:10946000088B81B0EE48008800EE100AB8EE400A82
:10947000EC4880ED000AEC48008800287ED0E948DE
:1094800090ED000ADFEDE90AB4EE600AF1EE10FAA1
:1094900003D10120FDF7EAFB02E00120FBF702FE09
:1094A000E04890ED000AE248D0ED000A20EE200AE4
:1094B000DC4880ED000A006812F042F941EC1B0B19
:1094C0009FEDDC0B53EC102B12F050F841EC1A0B13
:1094D0009FEDDA0B53EC102B11F0DAFB41EC190B7A
:1094E0009FEDD80B53EC102B11F01EFB41EC180B29
:1094F00011F0E8FACB490860D448D0ED000AD4480E
:10950000008800EE100AB8EE400A80EE801ACF48BC
:1095100090ED000A30EE410A80ED000A0846D0EDD9
:10952000000ACB48008800EE100AB8EE401A80EE20
:10953000810AC648D0ED000A30EE200A80ED000A0C
:10954000C3480088202804DAC1480088401CC0496C
:109550000880BE4890ED000ABE4880ED000ABB4876
:109560000068BD490860BD48006830B1B74890ED5B
:10957000000ABA48006880ED000A00E07DE0B848C3
:1095800090F8460000F0040068B1B04890ED000A81
:10959000DFEDB40AB4EEE00AF1EE10FA10D80420C0
:1095A000FBF780FD0CE0A94890ED000ADFEDAE0A64
:1095B000B4EEE00AF1EE10FA02DB0420FDF756FBF0
:1095C000AA48007800F0010098B1964890ED000A92
:1095D000DFEDA40AB4EEE00AF1EE10FA01DD01209D
:1095E00000E00020A249097860F30001A048017062
:1095F00012E08C4890ED000ADFED9B0AB4EEE00A21
:10960000F1EE10FA01DB012000E000209849097812
:1096100060F30001964801709448007800F0010062
:109620009349097801F00101884225D090480078DB
:1096300000F0010018B10420FDF718FB02E004203F
:10964000FBF730FD8A4800788849097860F300010B
:1096500086480170874800780028E6D08648F2F7EF
:109660009DFA0D2000908248007800F0010300224E
:10967000814903C9F9F7BAFDCEE080480088022885
:1096800009D1684890ED000AF1EE000A20EE200AA8
:1096900080ED000A08E0634890ED000AF0EE000A51
:1096A00020EE200A80ED000A5E4890ED000ADFED12
:1096B0005F0AB4EE600AF1EE10FA03D10120FDF763
:1096C000D5FA02E00120FBF7EDFC012056490880A5
:1096D000544890ED000A5648D0ED000A20EE200ACA
:1096E000504880ED000A90ED000A654880ED000AC0
:1096F00000685949C1F805004A4890ED000ADFEDBD
:10970000610A20EE200A80ED000A5548B0F84600B4
:1097100000F4006070B1434890ED000ADFED5A0A92
:10972000B4EEE00AF1EE10FA12DB4FF40060FBF742
:10973000B9FC0DE03B4890ED000ADFED540AB4EEB1
:10974000E00AF1EE10FA03D84FF40060FDF78EFA4C
:109750004F48007800F0010098B1324890ED000ABF
:10976000DFED4C0AB4EEE00AF1EE10FA01DA012066
:1097700000E000204849097860F300014648017084
:1097800012E0284890ED000ADFED400AB4EEE00A4E
:10979000F1EE10FA01D8012000E000203E490978DE
:1097A00060F300013C4801703948007800F0010086
:1097B0003949097801F00101884218D0364800780B
:1097C0003349097860F30001314801702948007875
:1097D00068B12948F2F7E2F90E2000902E4800788F
:1097E00000F001030022244903C9F9F7FFFC2B48CC
:1097F0000068401C2949086020480088012808D1D9
:109800000723012210212648E8F7D8F80120E8F7BD
:1098100037F92348E8F72EF901B0BDEC088B00BDFD
:10982000740000205C0000208000002000F07F45D4
:109830006000002052B81E85EB51E83F7B14AE4714
:10984000E17A643F0000000000003940640000201D
:109850007E0000206C000020080D00205800002031
:1098600088DD00200000B4420000BE42510000200C
:1098700050000020CE090020880000202600002093
:109880007000002000007A44004003450000FA44C4
:10989000530000200080ED445200002054000020BE
:1098A000002001402DE9F0412DED0A8BB0EE409AE9
:1098B000F0EE609A05469FED2C0BB0EE40BAF0EE4C
:1098C00060BA9FED290BB0EE40BAF0EE60BA012409
:1098D0003EE089EE290A10EE107A384611F030FF8A
:1098E00041EC180B9FED220B53EC102B51EC180B95
:1098F00011F03CFE41EC180BB0EE48AAF0EE68AA5D
:10990000012608E053EC182B51EC1A0B11F022FC45
:1099100041EC1A0B761CA642F4DB174800EB45110C
:10992000601E01EBC00090ED001BB0EE410AF0EEAE
:10993000610A53EC1A2B51EC100B11F00BFC41ECAB
:109940001C0B53EC1B2B11F0EFF841EC1B0B641CB0
:10995000052CBEDB51EC1B0B11F0B4F800EE100A25
:10996000BDEC0A8BBDE8F0810000000000000000A3
:10997000000000000000F03FD0D2030870B52DEDCC
:10998000088BB0EE40AAF0EE60AA0446434800EB14
:10999000C40090ED002BB0EE420AF0EE620A3F48A0
:1099A00000EBC40090ED002BB0EE421AF0EE621A0C
:1099B00053EC102B51EC110B11F0CCFB41EC180BBC
:1099C0008AEE2A0AF7EE000A30EEC00A10EE105AAC
:1099D000284611F0B5FE41EC190B314800EBC400EC
:1099E00090ED001BB0EE410AF0EE610A53EC192B2A
:1099F00051EC100B11F0AEFB41EC1B0B9FED290B52
:109A000053EC102B11F0A6FB41EC190B53EC192B66
:109A100051EC180B11F0AAFD41EC180BB0EE480AFE
:109A2000F0EE680A0AF0C4F8B0EE409AF0EE609AE0
:109A30001A4800EBC40090ED000BB0EE408AF0EE47
:109A4000608A53EC182B51EC190B11F08FFD41EC8F
:109A5000180B134800EBC40090ED001BB0EE410A58
:109A6000F0EE610A9FED111B53EC112B51EC100B22
:109A700011F070FB41EC190B53EC192B51EC180B46
:109A800011F006F941EC180B51EC180B11F01AF813
:109A900000EE100ABDEC088B70BD0000B0D20308C8
:109AA000C0D20308000000000000104000000000C9
:109AB0000000004010B51C480068401C1A490860AE
:109AC0001A480068401C1949086000211848EAF744
:109AD00051FB002017490860002409E0164830F8BF
:109AE000140014490968084412490860601C84B2D3
:109AF000682CF3DB0121114800680EF01DFC682181
:109B00000B48EAF7DFFC0E490948EAF719FB0D4953
:109B10000748EAF715FB20210B48E7F7A5FE0121CE
:109B20000348EAF727FB10BD680A00206C0A0020F2
:109B300040640240500A002038E30020580A002008
:109B40000080201000000190002101402CE0174807
:109B50000078E8B1002615480078012803D1144C9C
:109B6000144D012606E011480078022802D1124C5B
:109B7000124D01264EB101220C21204607F01CFC9B
:109B80000222C421284607F085FC002007490870FE
:109B90000B48007820B1EEF7ABFD002008490870B3
:109BA0004FF4FA600EF000FBD1E70000500B0020EC
:109BB000B4DE0020C4D5002024090020FCCD030819
:109BC0005C0B00202DE9F0478AB00446DFF8F0A0D6
:109BD00001210220F9F706FC0326002510270120A9
:109BE000A8401FFA80F83748D0F80490CDF80080DC
:109BF00002208DF8040000208DF8060003208DF867
:109C0000050001208DF8070069464846F1F700FB82
:109C1000324629464846F1F743FB07A8FFF7ECFB1D
:109C2000601E08900020ADF81C00ADF82400ADF8CF
:109C30001E008DF8260007A95046FFF799FB02A8E1
:109C4000FFF784FB7020ADF8080037B10020ADF8B5
:109C50000A000420ADF80C0005E00120ADF80A0070
:109C60000020ADF80C00204604EBD071491004919F
:109C70000020ADF81400ADF816004FF48070ADF878
:109C800018004000ADF81A0002A95046FFF7A0FAEC
:109C9000002211465046FFF763FB00215046FFF7B4
:109CA000A6F8611E5046FFF75EFB00215046FFF705
:109CB0005CFB01215046FFF7A4F80AB0BDE8F0872D
:109CC00000040140E00800207FB582B004460598FA
:109CD000019001A8E6F710FE05462879A070287AC1
:109CE000E070287B00F01F002071287C6071287DC7
:109CF0006438A0712E6806EB4600C0EBC6104FF624
:109D0000FF7101EAC000208006B070BD73B5044643
:109D100001A8E6F7F1FD05462E6806EB4600C0EB0C
:109D2000C6104FF6FF7101EAC00020802879A070AC
:109D3000287AE070287B00F01F002071287C401CEE
:109D400060716869642803DD287D6438A07101E0D2
:109D50000020A0717CBD10B502888479CB8864F3A3
:109D60000603CB8044798B8864F30B238B800479C2
:109D70008B8864F304038B80C4784B8864F30C23D2
:109D80004B8084784B8864F305034B800A8010BDB8
:109D90000A8802808A7802F03F0282704A88C2F301
:109DA0000422C2700A7902F01F0202718A88C2F38B
:109DB000032242718A7902F07F02827170470000AB
:109DC00010B53A480068A0B13848006838490968B9
:109DD000081A3849098888420BD937490878FEF7AC
:109DE00073FE3649086810210EF0A6FA03203449A4
:109DF000086034480068A0B1324800682C490968FE
:109E0000081A2C49098888420BD92B490878FEF793
:109E10005BFE2A49086810210EF08EFA04202849BA
:109E200008602948006822490968081A27490988F2
:109E3000884204D92649086808210EF07DFA254891
:109E4000008880B923480088401C224908802248A5
:109E50000078B8B121480078A0B11D4908684021B8
:109E60000EF06AFA0EE01B4800881D4909888842F6
:109E700003DB00201749088004E016480088401CD6
:109E8000144908801748008858B91348007858B119
:109E90001248007840B10E49086810210EF04CFAC3
:109EA00002E000200F49088010BD00007C01002066
:109EB000AC0000200C010020780100202C010020C3
:109EC000E400002084010020800100201001002017
:109ED00020010020740100204B01002042010020DD
:109EE000E401002076010020704710B50022002315
:109EF00040F66A14A14200D100BF0A120124944026
:109F0000A3B2DC43A4B2046010BD21B1C26842F424
:109F10000052C26004E0C2684DF6FF731A40C2608E
:109F2000704710B51AB143690B43436104E04369BC
:109F3000CC43A4B22340436110BD000010B50446D9
:109F40002548844208D101211020F9F75BFA00214D
:109F50001020F9F757FA3EE02048844209D1012148
:109F60004804F9F72FFA00214FF40030F9F72AFAE4
:109F700031E01B48844209D101218804F9F722FA13
:109F800000214FF48020F9F71DFA24E0154884429F
:109F900009D10121C804F9F715FA00214FF4002076
:109FA000F9F710FA17E01048844209D10121080599
:109FB000F9F708FA00214FF48010F9F703FA0AE0E4
:109FC0000A48844207D101212020F9F71BFA002119
:109FD0002020F9F717FA10BD00100140004400409E
:109FE00000480040004C0040005000400014014078
:109FF00002460020B1F5007F00D100BF13680B407E
:10A000000BB1012000E00020704770B5024600242B
:10A0100000230025002040F66A16B14200D100BF9F
:10A02000C1F3421501F01F03012606FA03F3012DC7
:10A0300002D1D668334006E0022D02D116693340C2
:10A0400001E0566933400C12012606FA04F4166842
:10A05000344013B10CB1012000E0002070BD0000BD
:10A0600070B540F225515748FFF7CFFF002879D04F
:10A0700000215548FEF7AFFE02215248FFF7B8FF16
:10A0800020B901214F48FFF7B3FF58B10022022148
:10A090004D48FFF747F84B4800F04CFAC5B2002096
:10A0A0004A490870474800F045FAC5B240F22551C8
:10A0B0004448FFF71AFF45480078F0B902214248AA
:10A0C000FEF772FF0446002C3CD0414800788542E0
:10A0D00038D13E480078401C3C49087001203D4979
:10A0E00008803D48057002213748FEF770FE0122C6
:10A0F00002213548FFF716F824E004213248FEF724
:10A1000053FF0446B4B933480088FF2808DD002215
:10A1100002212D48FFF706F800202C49087011E0B5
:10A120002D482C49098845542A480088401C294953
:10A13000088007E0002202212348FEF7F3FF0020F9
:10A140002249087000212048FFF70FF902211E481C
:10A15000FEF739FE04211C48FEF735FE01211A489E
:10A16000FEF739FE40F226611648FFF74EFF04461F
:10A1700034B3002240F22661124800F049F9174832
:10A1800001881748F1F752F91648008820F00100BD
:10A190001449088000210C48FFF7E7F802210A481B
:10A1A000FEF711FE04210848FEF70DFE01210648C6
:10A1B000FEF711FE012240F22551024800F028F975
:10A1C00070BD00000010014000040040C00A0020E3
:10A1D000CA0A0020C20A0020BCE60020BA0A0020F9
:10A1E00000040240CC0A002070B540F225513B48E3
:10A1F000FFF70BFF002858D000213948FEF7EBFD90
:10A20000364800F097F9C4B240F225513348FFF7C1
:10A210006CFE34480078D8B932480078401C314987
:10A220000870012030490880304804700122042160
:10A230002B48FEF777FF00212948FFF796F8042105
:10A240002748FEF7C0FD01212548FEF7C4FD2CE09C
:10A2500025480088FF2813DD002204212048FEF74E
:10A2600061FF002240F225511C4800F0D1F8002087
:10A270001C4908701E49086801210EF05DF814E0C1
:10A280001948008819490C5417480088401C164981
:10A29000088000211248FFF768F804211048FEF7F3
:10A2A00092FD01210E48FEF796FD40F226610B4813
:10A2B000FFF7ABFE054685B1002240F22661074854
:10A2C00000F0A6F80B4801880B48F1F7AFF801221F
:10A2D00040F22551014800F09BF870BD001001408C
:10A2E00000040040E80A0020E40A002080EB00207F
:10A2F000D40A0020BA0A00200004024070B540F2DF
:10A3000025513B48FFF781FE002859D000213948EC
:10A31000FEF761FD364800F00DF9C4B240F2255158
:10A320003348FFF7E2FD34480078E0B9324800785E
:10A33000401C31490870012030494880304880F87D
:10A340000041012204212B48FEF7ECFE00212948A0
:10A35000FFF70BF804212748FEF735FD01212548BA
:10A36000FEF739FD2CE025484088FF2813DD002248
:10A3700004212048FEF7D6FE002240F225511C4859
:10A3800000F046F800201C4908701E494868012169
:10A390000DF0D2FF14E0194841881B484454174877
:10A3A0004088401C1549488000211248FEF7DDFF17
:10A3B00004211048FEF707FD01210E48FEF70BFDB2
:10A3C00040F226610A48FFF720FE05467DB10022D3
:10A3D00040F22661064800F01BF880210B48F1F797
:10A3E00025F8012240F22551014800F011F870BD16
:10A3F0000044004000080040E90A0020E40A002070
:10A4000080EB0020D40A002080EC0020000C0240E9
:10A41000F0B50346002400260025002040F66A1708
:10A42000B94200D100BF1846C1F3421401F01F0623
:10A43000012707FA06F5012C01D10C3004E0022CAB
:10A4400001D1103000E014301AB107682F430760C3
:10A4500002E00768AF430760F0BD00002DE9FF4749
:10A4600005460E460024A14600BFA0462C6924F4F0
:10A470004054F0880443A0B22861EC6841F20C60BB
:10A480008443B08831890843718908430443A0B2EA
:10A49000E8606C6924F44074B0890443A0B2686138
:10A4A0006846F8F7BFFF2148854202D02048854220
:10A4B00002D1DDF80C9001E0DDF80890E86800F4C6
:10A4C000004040B109EBC90000EB091031684900B8
:10A4D000B0FBF1F707E009EBC90000EB09103168A8
:10A4E0008900B0FBF1F76420B7FBF0F0040120090C
:10A4F000642101FB1078E86800F4004040B132208C
:10A5000000EBC800B0FBF1F000F00700044308E0E6
:10A51000322000EB08106421B0FBF1F000F00F00D6
:10A520000443A0B2A860BDE8FF870000001001400E
:10A530000014014001464868C0F30800704700005D
:10A540002DE9FC4781460F4690461C464FF0000A15
:10A55000FC480460332F7BD010DC252F79D006DC3B
:10A56000222F1CD0232F47D0242F73D14AE0282F2D
:10A5700071D0312F70D0322FF7D16AE1452F6CD0D6
:10A5800006DC342F6AD0352F69D0432FEDD1A5E2F8
:10A59000472F71D0492F70D0F02FE6D1A3E2207859
:10A5A000012804D0022808D003281FD10BE03A4626
:10A5B0000C21E548FBF7FAF91CE03A46C421E348D0
:10A5C000FBF7F4F916E0E249DF4802680A604268E6
:10A5D0004A6080688860C422DC49DD480C30E6F7B8
:10A5E000C2F83946D020FBF797FB00BF0520FBF7E8
:10A5F0004DFC00BF00BF00BF3A462021D548FBF705
:10A60000D5F97BE22078302871D00ADC0E286FD291
:10A61000DFE800F02B343A40464C525B61676FCA6A
:10A620007D835B2872D00BDCA0F150000B28EED2AA
:10A63000DFE800F08188898A8BBABABABABA970083
:10A640005E2870D00CDC5C286ED05D2850D191E083
:10A6500003E1AFE04EE247E2F4E0C5E0FEE064E192
:10A6600064286ED0C828F1D198E023464246394686
:10A670004846F4F753FD9BE02AE22AE23A46682175
:10A68000B548FBF793F993E03A465021B348FBF7FE
:10A690009DFA8DE03A465021B148FBF797FA87E0E2
:10A6A0003A464621AF48FBF791FA81E03A4623212A
:10A6B000AD48FBF78BFA7BE03A468021AB48FBF7CD
:10A6C00075F90120AA49086072E03A463C21A94880
:10A6D000FBF7E8F900BF3A460A21A748FBF776FAEC
:10A6E00066E03A460A21A548FBF7DCF960E01CE089
:10A6F0005AE0A3480188A3480068F0F78EFE019055
:10A700003A46012101A8FBF751F951E030E03A4601
:10A7100003219D48FBF74AF94AE03A4605219B4848
:10A72000FBF7C0F944E026E023E03A460F219848C1
:10A73000FBF74CFA3CE03A4614219648FBF7B2F995
:10A7400036E025E000BF00BF00BF2178513901EBA2
:10A750008101914A02EB81003A461421FBF7A2F9EC
:10A7600026E03A4614218B481430FBF79BF91FE092
:10A7700000BF00BF00BF21785B3901EB8102864931
:10A78000503101EB82003A461421FBF78BF90FE0C0
:10A790003A461A218148FBF709F909E03A460121B6
:10A7A0007F48FBF703F903E00720FBF76FFB00BFCF
:10A7B00000BFA3E1B9F13E0F02D12088794908809A
:10A7C00078480088062806D123464246394648463E
:10A7D000F4F796FA06E02346424639464846F4F72F
:10A7E0008DFB00BF00BF89E1207804280ED005282A
:10A7F00017D0062820D1E8F7E3F801216A4800685D
:10A800000DF09AFD1120FBF7E3FB19E0E8F7D8F80B
:10A810000221664800680DF08FFD1120FBF7D8FB80
:10A820000EE0E8F7CDF80821604800680DF084FDDF
:10A830001120FBF7CDFB03E00720FBF727FB00BF50
:10A8400000BF5BE1434622460021484606F0B2FCC9
:10A8500054E10920FBF71AFB50E14FE1207807286B
:10A8600004D00D282CD0642859D151E04FF4C041B8
:10A870000320EFF729FC631C2C224FF4C041032076
:10A88000EFF7D0FD1FFA80FABAF1000F12D10020C5
:10A8900000906B46042246F22C010320EFF7C2FD24
:10A8A0001FFA80FAF9F77EFCFDF72CFB1120FBF76D
:10A8B0008FFB02E00320FBF7E9FAF9F773FC32E0C3
:10A8C0003B48007800BBD4F801003A490860097899
:10A8D00049B139490868C11700EB91718910354AAF
:10A8E0001278914202DC01203249087031484078E8
:10A8F000032802DD00202F49487001202C490870F0
:10A900001120FBF765FB02E0FF20FBF7BFFA0AE02E
:10A9100060782A4908701120FBF75AFB03E00520F4
:10A92000FBF7B4FA00BF00BFE8E0207867287DD0CD
:10A9300046DC01284BD0052856D0652877D06628FC
:10A9400051D1A2E048090020B4DE0020C4D5002087
:10A95000541A0020D4D60020F4D600205CD7002062
:10A96000ACD700201FD80020FCD7002068D80020DA
:10A97000F40400205CD90020E8D800203FF2002039
:10A98000880200208C0200205C050020FA030020D1
:10A990001FD9002018F0002040F0002042D90020EC
:10A9A000F20600207A090020EC0900206003002054
:10A9B000B0040020100400209CCD0308480B0020A8
:10A9C000792873D07A2872D07B287FD170E00F204D
:10A9D000FBF7FCFC05461DB1E8B2FBF757FA02E0B5
:10A9E0001120FBF7F5FA71E09FED460A464880ED2D
:10A9F000000A9FED440A10EE100A4349C1F8050011
:10AA00009FED400A10EE100AC1F80A009FED3D0AC2
:10AA100010EE100AC1F80F009FED3A0A10EE100A6E
:10AA200048619FED380A10EE100A01E02EE02BE09D
:10AA3000C1F819009FED330A10EE100AC1F82D007D
:10AA40009FED300A10EE100AC1F832009FED2D0A7A
:10AA500010EE100AC1F81E009FED2A0A10EE100A2F
:10AA6000C1F823009FED270A10EE100A886240F615
:10AA7000FF70886306F0A6FDF9F794FBFDF742FA34
:10AA80001120FBF7A5FA21E000BF00BF2078653850
:10AA900086B20120B0401D49097808431B4908705F
:10AAA0001120FBF795FA11E000E000E000BF00BFC5
:10AAB0002078793886B20120B04014490978814362
:10AAC000124801701120FBF783FA00BF00BF15E0A8
:10AAD00014E021464046FCF70BFD0FE021464046BE
:10AAE000FCF764FC0AE009E03A4601210848FAF75D
:10AAF0005DFF03E00520FBF7C9F900BF00BF50462A
:10AB0000BDE8FC87000000005CD90020480B002055
:10AB10007C090020002000F06BB910B504462146E6
:10AB2000002004F0BDFB10BD70B504460D462A465A
:10AB30002146002004F0BCFB70BD000007490978E5
:10AB4000884209D2064951F8200028B1C16819B1DC
:10AB5000006808B100207047212070470CDD030811
:10AB600010DD03082DE9F04106460027002412E01D
:10AB7000174850F82400806958B1154850F824004F
:10AB8000007FB04205D1204602F000FB054605B12A
:10AB90002F46601CC4B2012CEADB002412E00D48F1
:10ABA00050F82400406858B10A4850F82400007A50
:10ABB000B04205D1204602F0D9FF054605B12F4627
:10ABC000601CC4B2012CEADB3846BDE8F08100000D
:10ABD000DC0B00207CDD03080146002070470146A5
:10ABE00000207047704701460020704710B50446AA
:10ABF000FFF7A4FF002804D12046BDE8104000F074
:10AC00002DBA10BD70B504462D4E0D46C80704D0B0
:10AC100056F8241009B101208847A80707D556F82F
:10AC2000241009B100208847204604F0ADFA6807D7
:10AC300021D5204604F0A8FA224850F824000668DE
:10AC4000F078B38800F00302B178204600F05EFA95
:10AC500048B9F078B38800F00302B07840F0800182
:10AC6000204600F053FA204604F05EFA164850F8E9
:10AC7000240000B1804728070BD51449012051F862
:10AC80002410C96881F89500114850F8240000B1DB
:10AC90008047E80604D50F4850F8240000B18047EB
:10ACA000A80604D50C4850F8240000B18047290AB2
:10ACB000480704D02046BDE8704000F0A9BC70BD34
:10ACC00044DE0308640C002048DE030810DD03089E
:10ACD0004CDE030850DE030854DE030810B50446BA
:10ACE0000C480078844201D3002010BD0A4850F877
:10ACF0002400C0680028F8D00849D0F8AC0051F80A
:10AD0000241088470028F0D12046BDE81040FFF706
:10AD100063BF00000CDD030810DD030870DE0308CC
:10AD200010B504460C480078844201D3002010BDC1
:10AD30000A4850F82400C0680028F8D00849D0F824
:10AD4000AC0051F8241088470028F0D12046BDE817
:10AD50001040FFF744BF00000CDD030810DD0308BE
:10AD60006CDE030810B504460A48007884420FD20E
:10AD7000094850F82400C068002809D00749A030CD
:10AD800051F8241088472046BDE81040FFF72ABF3D
:10AD900010BD00000CDD030810DD030868DE0308A9
:10ADA00010B504460F480078844201D3002010BD3E
:10ADB0000D4850F82400C0680028F8D00021C0F8E1
:10ADC000A810C0F8AC10094900F1AC0251F82430C9
:10ADD000111FA03098470028E9D12046BDE8104057
:10ADE000FFF701BF0CDD030810DD030864DE030874
:10ADF0002DE9F047C6B220480078864239D21F4874
:10AE000000244FF0FF3750F82600D0F800901C487F
:10AE100050F82600C10708D0810701D40124642717
:10AE2000400702D444F0020464274FF00008E00712
:10AE300001D0012119E0384604F0D0FA01460001A2
:10AE400013D5D9F81C00804700F001054545F2D024
:10AE5000A846E00704D01DB101213046FFF7D2FE1D
:10AE6000A007E8D5002DE6D102213046FFF7CAFE43
:10AE7000E1E7BDE8F08700000CDD030810DD030802
:10AE8000340C002070B51249002551F82010CC6810
:10AE9000D4F89C3063B18021D4F8982000F0DAF91E
:10AEA000002804D1F4E926121144C4E9001570BD4C
:10AEB00094F8961049B100231A46802100F0CAF98F
:10AEC0000028F4D184F8965070BD222070BD000097
:10AED00010DD0308094910B551F82010CC68002195
:10AEE000D4E9262300F0B6F9002805D1F4E92601BB
:10AEF000084420600020606010BD000010DD0308E1
:10AF000070B504460D46402322460021084602F053
:10AF1000EFF8002070BD10B5044620460DF044F94E
:10AF2000404210BD7047704770470146002070478F
:10AF30000146002070477047034600207047704765
:10AF40007047704710B5FFF7FAFF10BD70477047A4
:10AF5000704770470A48007810B94FF0FF307047CB
:10AF60000848006820F00200064908604FF0A04041
:10AF7000806B40F480304FF0A04188630020EEE702
:10AF8000800B0020040800500A48007810B94FF0E8
:10AF9000FF3070470848006840F00200064908602A
:10AFA0004FF0A040806B20F480304FF0A0418863C8
:10AFB0000020EEE7800B00200408005008B50E4882
:10AFC0000068009960F3000100910B480068410897
:10AFD000009861F34200009007480068C10800989B
:10AFE00061F3C3000090044800680109009861F310
:10AFF0001F100090009808BD840B002010B50B486E
:10B00000007810B94FF0FF3010BD0948006840F0DB
:10B0100001000749086005200DF0C6F804480068E3
:10B0200020F00100024908600020EDE7800B0020BD
:10B030000408005001460748007810B94FF0FF306F
:10B0400070470548006861F30A10034A1060002049
:10B05000F6E70000800B00200008005070B50546A0
:10B060000324114E09E000BF56F82500642104F0C6
:10B070009FF828B10A20FFF74EFF641EE4B2F3D216
:10B080006CB10A4850F825000068406980470446C2
:10B0900056F8250004F0DCF81CB1222070BD2320F6
:10B0A00070BD002070BD0000C00B002010DD030843
:10B0B0002DE9F0410F4605460324124E09E000BF7A
:10B0C00056F82500642104F073F828B10A20FFF730
:10B0D00022FF641EE4B2F3D27CB10B4850F8250085
:10B0E0000068416A38468847044656F8250004F04F
:10B0F000AFF824B12220BDE8F0812320FBE7002037
:10B10000F9E70000C00B002010DD03082DE9F05F17
:10B110009346884601F00F020646102101EAD80046
:10B1200021499A4610440B78102806FB0322D4B21A
:10B1300002D3D9B22144CCB2DFF87090142202EBD2
:10B14000800059F82610C968085820B14146304699
:10B1500000F0EAF800BB164F022500BF57F82400A4
:10B16000642104F025F828B10A20FFF7D4FE6D1EF3
:10B17000EDB2F3D2ADB159F82600524659460068F7
:10B18000C36A40469847054657F8240004F060F823
:10B1900015F1020F05D015B12220BDE8F09F002067
:10B1A000FBE72320F9E70000F8DD030810DD0308C2
:10B1B000849901202DE9F0479246884601F00F025C
:10B1C0000646102101EAD8001F49104410280B78C8
:10B1D00006FB0322D4B202D3D9B22144CCB2DFF8A9
:10B1E0006C90142202EB800059F82610C9680858A8
:10B1F00020B14146304600F097F8F0B9144F0225CF
:10B20000642157F8240003F0D3FF28B10A20FFF788
:10B2100082FE6D1EEDB2F3D2A5B159F8260051465B
:10B220000068426B40469047054657F8240004F0FA
:10B230000FF815F1020F05D015B12220BDE8F087F7
:10B240000020FBE72320F9E7F8DD030810DD030801
:10B25000849901202DE9FF5F04460F4610202F4AF4
:10B2600001F00F0300EAD700191815784FF0010A12
:10B2700004FB05330AFA01F0DDB2102902D312787B
:10B280002A44D5B2264B53F82420D268D668064209
:10B2900042D1142000EB81089B4652F8080030B1DF
:10B2A000380739D13946204600F03EF870BBDFF848
:10B2B00074900226642159F8250003F079FF28B123
:10B2C0000A20FFF728FE761EF6B2F3D226B35BF80B
:10B2D00024205146DA46D36843F808105BF824006E
:10B2E000DDE902120068836B38469847060005D0F6
:10B2F0005AF824000021C26842F8081059F82500C5
:10B3000003F0A6FF16F1020F06D01EB1222004B0F2
:10B31000BDE8F09F0020FAE72320F8E7F8DD0308F6
:10B3200010DD0308849901202DE9F047884601F0DB
:10B330000F020646102101EAD800204910441028C7
:10B340000B7806FB0322D4B202D3D9B22144CCB28B
:10B35000DFF86CA05AF82610CA68142101EB8009A6
:10B3600052F80900002818D0164F0225642157F81A
:10B37000240003F01DFF28B10A20FFF7CCFD6D1E4D
:10B38000EDB2F3D245B15AF826000068016C404690
:10B390008847050003D008E02320BDE8F0875AF86D
:10B3A00026000021C26842F8091057F8240003F073
:10B3B0004FFF0DB12220F0E70020EEE7F8DD030893
:10B3C00010DD0308849901202DE9F0410E4601F0BB
:10B3D0000F0280461649102000EAD60010440C786F
:10B3E000102808FB0422D4B202D308782044C4B247
:10B3F000104F0225642157F8240003F0D9FE28B12C
:10B400000A20FFF788FD6D1EEDB2F3D275B10A492F
:10B4100051F828000068C16B30468847054657F848
:10B42000240003F015FF2846BDE8F0810020FBE76B
:10B43000F8DD03088499012010DD03082DE9F047A9
:10B44000884601F00F020646102101EAD800204983
:10B45000104410280B7806FB0322D4B202D3D9B2D1
:10B460002144CCB2DFF86C90142202EB800059F832
:10B470002610C968085820B141463046FFF754FFEE
:10B48000F0B9154F022500BF57F82400642103F0DE
:10B490008FFE28B10A20FFF73EFD6D1EEDB2F3D2FC
:10B4A0009DB159F826000068016B40468847054663
:10B4B00057F8240003F0CCFE15F1020F05D015B1AA
:10B4C0002220BDE8F0870020FBE72320F9E70000F9
:10B4D000F8DD030810DD030884990120024951F8C2
:10B4E000200000684068004710DD0308024951F859
:10B4F000200000680068004710DD03082DE9F041D6
:10B500001746884605460324114E08E056F82500E4
:10B51000642103F04DFE28B10A20FFF7FCFC641EF5
:10B52000E4B2F3D284B10B48394650F825000068E4
:10B53000826840469047044656F8250003F088FE8E
:10B5400024B12220BDE8F0812320FBE70020F9E7A9
:10B55000C00B002010DD03082DE9F0410F46054621
:10B560000324124E09E000BF56F82500642103F0C1
:10B570001FFE28B10A20FFF7CEFC641EE4B2F3D20E
:10B580007CB10B4850F825000068016938468847AF
:10B59000044656F8250003F05BFE24B12220BDE8E6
:10B5A000F0812320FBE70020F9E70000C00B00201A
:10B5B00010DD03082DE9F0410F4605460324124E25
:10B5C00009E000BF56F82500642103F0F1FD28B121
:10B5D0000A20FFF7A0FC641EE4B2F3D27CB10B4852
:10B5E00050F825000068816A38468847044656F8B6
:10B5F000250003F02DFE24B12220BDE8F081232098
:10B60000FBE70020F9E70000C00B002010DD030875
:10B610002DE9F0470546D64888460078854278D21D
:10B62000DFF8509359F82570002F72D0FC68002C79
:10B630006FD05FEA48704FF0000632D594F8A00052
:10B64000000621D5D4F89C0010B994F8960020B1DA
:10B650002846FFF717FC20B30AE094F8970000B3E0
:10B6600084F897602846FFF739FB48B1012807D0D6
:10B67000012200212846FFF79DFDC4F89C6010E0E0
:10B68000284603F046FE0CE0284603F03AFE40B997
:10B69000A078010605D500F07F01A1702846FFF7CC
:10B6A00007FD5FEA887045D594F8A00001063ED4F6
:10B6B000D4F89C1021B12846FFF70CFC50B32EE0C3
:10B6C00094F8971059B184F897602846FFF728FB43
:10B6D00008B1012823D1284603F00EFE2AE0C0F36A
:10B6E0004111E1B101291AD110F01F0017D0012832
:10B6F00002D0022813D10EE0284600F06BF948B9B9
:10B70000284600F060F928B9284600F05FF908B92A
:10B7100005E04AE00EE0284600F052F9F7E7012282
:10B7200080212846FFF746FDC4F89C6002E02846C9
:10B7300003F0F4FD5FEAC87037D02846C84659F8D0
:10B740002010C968A031FFF735FF00282DD1284609
:10B75000FFF726FB0121B8B301285BD1D4F8A8007C
:10B7600018B9D4F8AC20002A54D1B4F8A620F2B10C
:10B77000C4F89800D4F8AC00C4F89C0084F8971082
:10B7800094F8A0301B0603D42846FFF7A3FB0AE079
:10B79000904205D27A7D521E104201D184F8961053
:10B7A0002846FFF76FFB002834D1BDE8F08794F8F6
:10B7B000A0000006284603D4BDE8F04703F09CBD76
:10B7C000BDE8F04703F0A5BDB868C4F89800B4F828
:10B7D000A600C4F89C0094F8A000C0F3411212B176
:10B7E000012A17D17DE094F8A1000C2812D2DFE8DD
:10B7F00000F00612AB14AB1A34AB3A50547428461E
:10B8000003F030F92CE02846FFF7ACFA2846FFF7A2
:10B8100039FBE0B398E0002100E00121284603F065
:10B820007BF998B990E058F82500C06880B3B0F86B
:10B83000A41069BBB0F8A61051BB90F8A010C906BF
:10B8400026D190F8A21041F0800181702846FFF7C0
:10B8500089FA284603F050FD5EE0284603F04EF8D2
:10B860000028D0D170E058F82500C06880B1B0F849
:10B87000A2206AB9B0F8A42052B9B0F8A620012AD3
:10B8800062D190F8A020D2065ED1C21C1EE020E05A
:10B8900043E0284603F0C8F9C3E758F82520E2B38F
:10B8A000D068D0B3B0F8A230BBBBB0F8A630012B43
:10B8B0004AD190F8A03003F01F03012B44D1B0F817
:10B8C000A430578ABB423FD252681A44C0E92621AD
:10B8D00099E7284603F01DFD1EE0284603F0D8FA3C
:10B8E0009FE710F01F002FD0012802D002282BD193
:10B8F00026E0284600F03AF958B9284600F0E2F967
:10B9000038B9284600F02BF918B9284600F02AF972
:10B9100018B12846FFF726FA00E015E094F8A000D9
:10B9200000063FF542AFB4F8A60000283FF43DAF53
:10B930002846FFF7CFFA0028F8D0012280210DE039
:10B94000284600F009F9E3E794F8A0000006B4F8EF
:10B95000A60009D40028F0D0012200212846FFF7D4
:10B9600029FCC4F89C6020E70028E6D1F4E7000039
:10B970000CDD030810DD03082DE9F041884605467B
:10B9800000240D4F0D4E11E057F8240060B1017AEC
:10B99000A94209D1807A40F080014046414503D157
:10B9A0000146204601F01EFF641CE4B23078844258
:10B9B000EAD3BDE8F08100007CDD030850DD030818
:10B9C00001460020704701460020704701460020D4
:10B9D000704700002DE9F04105461848007885427F
:10B9E00026D2174850F82500C6680EB30024DFF8A9
:10B9F0005480154F19E000BF58F8240098B1017F1A
:10BA0000A94210D1B6F8A410407F81420BD196F81C
:10BA1000A100092807D1204601F012FA18B12846E2
:10BA200003F06AFC38B1641CE4B238788442E3D392
:10BA30000020BDE8F0810120FBE700000CDD0308D9
:10BA400010DD0308DC0B002014DD03082DE9F047AE
:10BA50003B4B1B78984271D23A4B53F820C0BCF153
:10BA6000000F6BD0DCF80C40002C67D0B4F8A2308B
:10BA7000DFF8D4901B0A354F354D212B02D0222BF5
:10BA80005CD131E000263346BA460FE05AF8237005
:10BA900057B197F81C80804506D1B4F8A4807F7F09
:10BAA000B84506D0761CF6B25B1CDBB22F78BB42E1
:10BAB000ECD32D78AE4241D09CF81160254D94F81E
:10BAC000954066B164B155F82000406908600446AD
:10BAD00059F82300C08820440860092029E064BB8D
:10BAE00055F820000069F1E70026334613E000BF57
:10BAF00057F823C0BCF1000F0BD09CF81C80804588
:10BB000007D1B4F8A4809CF81DC0E04507D0761C8E
:10BB1000F6B25B1CDBB295F800C06345E8D3287829
:10BB200086420BD059F8234024680C6059F8230052
:10BB3000808810600120BDE8F087FFE70020FAE769
:10BB40000CDD030810DD030898DE0308DC0B002081
:10BB500014DD0308640C00200146002070470146F4
:10BB60000020704701460020704700002DE9F05F7B
:10BB7000504980460978884270D24F4951F8287060
:10BB8000002F6BD0FC68002C68D000264FF0030A11
:10BB90004FF0010BDFF8249185E0494850F826501A
:10BBA000002D7ED0297F41457BD1B4F8A410687F59
:10BBB000814276D194F8A1000C2872D2DFE800F01F
:10BBC00071063E517171717171234763304601F006
:10BBD000A3F890B3B4F8A200BBEB102F06D1698E86
:10BBE000D4F89C00884263D8E86808E0BAEB102FCC
:10BBF00028D1E98ED4F89C00884259D86869401C45
:10BC0000C4F898001EE0B4F8A2000221B1EB102F96
:10BC100006D1A98ED4F89C00884249D8286908E04A
:10BC2000BAEB102F3AD1E98ED4F89C0088423FD865
:10BC30006869401CC4F8980030E032E0304601F0FA
:10BC40002FF811E04046FFF71DF9C0B129E0B4F824
:10BC5000A60018B9304601F093F81AE028E0E8B1E0
:10BC60001FE0304601F038F8D8B1B868C4F8980041
:10BC7000D4F89C000128E5D9C4F89CB0E2E740461E
:10BC800003F047FBEBE7B4F8A60088B9304601F0B3
:10BC9000B7F830B1404603F02FFBE0E70120BDE8E4
:10BCA000F09F761CF6B299F800008642FFF475AF5B
:10BCB0000020F4E70CDD030810DD030814DD0308A1
:10BCC000DC0B00202DE9F041074628480078874228
:10BCD00047D2274850F82760F6B3F468E4B300254C
:10BCE000DFF8908037E0244850F8250088B3017AC7
:10BCF000B9422ED1B4F8A410407A814229D194F8E7
:10BD0000A100FE280FD0FF2823D1B4F8A20000BB69
:10BD1000B4F8A600E8B9284601F07EFCC8B1384660
:10BD200003F0EAFA14E0B4F8A20090B9B4F8A6005F
:10BD300001280ED1284601F001FF50B1B068C4F8C7
:10BD400098003846FFF79EF818B9384603F0E1FA34
:10BD500050B16D1CEDB200E003E098F800008542A0
:10BD6000C1D30020BDE8F0810120FBE70CDD030812
:10BD700010DD030850DD03087CDD03082DE9F047E2
:10BD800005460E46914605F00F04032C03D94FF0EB
:10BD9000FF30BDE8F0875448007810B94FF0FF300D
:10BDA000F7E72807C00E00EBD51000EB80004F49E5
:10BDB00001EB8007387C10B16FF00100E9E7C5F3B3
:10BDC000C01AC9F30A0814213846E4F76DFDA7F834
:10BDD0000E80BAF1000F4AD000207874A00540EA26
:10BDE000864040EA08004249E20041F82200022E63
:10BDF00009DB0846E10050F8210040F080513C4842
:10BE0000E20040F822103A48E10050F8210040F4E6
:10BE100000413748E20040F82210E10050F82100CC
:10BE200000F0004048B13248E10050F8210040F0F5
:10BE300080412F48E20040F822102D48E10050F8E0
:10BE40002100C0F38140012807D14FF0A040806954
:10BE500040F400404FF0A04188612548E438016873
:10BE60000120A04001432248E43801603AE04FF04D
:10BE7000006040EA864040EA08001E49E20041F8BE
:10BE80002200022E09DB0846E10050F8210040F0B4
:10BE900080511848E20040F822101648E10050F89E
:10BEA0002100C0F38140012807D14FF0A0408069F4
:10BEB00040F400404FF0A04188610E48E10050F886
:10BEC000210040F400410B48E20040F822100848ED
:10BED000E438006804F1100101228A40104304494B
:10BEE000E4390860002054E7800B0020D86401206A
:10BEF00000090050000B00502DE9F04105462807CD
:10BF0000C00E00EBD51000EB8000274901EB800646
:10BF100005F00F047068F189884201D9F78901E0C2
:10BF2000706887B234B147F400212048E20040F83D
:10BF3000221003E01E4838431C4908601B48103893
:10BF4000E10050F82100C0F3814001281DD100F02C
:10BF50001DFE00F0010060B114481038E10050F8F7
:10BF6000210040F0805111481038E20040F82210C2
:10BF70000BE00E481038E10050F8210040F000516D
:10BF80000A481038E20040F8221008481038E10052
:10BF900050F8210040F0044104481038E20040F815
:10BFA0002210BDE8F0810000D8640120100B005081
:10BFB000000008602DE9F0410546884605F00F04B1
:10BFC000032C03D94FF0FF30BDE8F08160480078C2
:10BFD00010B94FF0FF30F7E72807C00E00EBD5107F
:10BFE00000EB80005B4901EB8006307C10B16FF004
:10BFF0000100E9E7C5F3C017B8F1000F57D00FB340
:10C000005548E10050F8210000F0004060B10120E7
:10C01000F0745148E10050F82100504908434E495E
:10C02000E20041F8220090E04B48E10050F8210086
:10C0300040F400114848E20040F82210204600F089
:10C0400081FD82E04448FC38006840F400704249B9
:10C05000FC39086000BF4FF0A040406900F080004C
:10C060000028F8D03E48E10050F8210000F00040E0
:10C0700050B13B48E10050F82100384908433849A5
:10C08000E20041F8220009E03548E10050F82100C3
:10C0900040F400113248E20040F822102E48FC38EB
:10C0A000006840F480602C49FC3908604DE00020B5
:10C0B0007074B0746FB32848E10050F8210000F0AC
:10C0C000004048B12448E10050F8210040F0804190
:10C0D0002148E20040F822101F48E10050F82100FA
:10C0E000C0F38140012809D91B48E10050F8210024
:10C0F00040F080511848E20040F822101648E10054
:10C1000050F8210020F400111348E20040F82210FA
:10C110001BE01348E10050F82100C0F381400128E2
:10C1200009D90F48E10050F8210040F080510C4837
:10C13000E20040F822100A48E10050F8210020F403
:10C1400000110748E20040F8221000203CE7000000
:10C15000800B0020D864012000090050000020401E
:10C16000000B005070B506460D4600241EE0224824
:10C1700050F824008069B8B11F4850F82400007FAF
:10C18000B04211D11C4850F82400807F40F080005C
:10C19000A84205D0184850F82400C07FA84203D117
:10C1A0002946204600F084FE601CC4B2012CDEDB70
:10C1B00000241EE0114850F824004068B8B10F4830
:10C1C00050F82400007AB04211D10C4850F82400F5
:10C1D000807A40F08000A84205D0084850F824003A
:10C1E000C07AA84203D12946204601F01FFB601CFB
:10C1F000C4B2012CDEDB70BDDC0B00207CDD03084B
:10C20000704700002DE9F04706468846174606F0BD
:10C210000F05032D03D94FF0FF30BDE8F0872B4801
:10C22000007810B94FF0FF30F7E73007C00E00EB91
:10C23000D61000EB8000264901EB8004207C10B171
:10C240006FF00100E9E7C6F3C01901202074C4F8BB
:10C25000008067600020A060A081B9F1000F28D0A5
:10C260001C48E90050F82100C0F3814001282BD080
:10C270000FB90120A074012060741648E90050F83D
:10C28000210040F080611348EA0040F82210E900E4
:10C2900050F8210040F000610E48EA0040F82210FA
:10C2A0000C48F038006840F040000A49F039086056
:10C2B0000AE00948E90050F82100C0F38140012854
:10C2C00002D03046FFF718FE0020A6E7800B0020C2
:10C2D000D864012000090050000B005070B50646DC
:10C2E00006F00F04032C02D94FF0FF3070BD2C482C
:10C2F000007810B94FF0FF30F8E73007C00E00EBC0
:10C30000D61000EB8000274901EB80050020686013
:10C310006874A87406F0800008B32348E10050F860
:10C32000210000F0004060B10120E8741E48E100E7
:10C3300050F8210040F090411B48E20040F82210E4
:10C3400029E01948E10050F8210040F0006116484A
:10C35000E20040F82210204600F0F4FB1BE01348F6
:10C36000E10050F8210000F0004050B10F48E1001A
:10C3700050F8210040F090410C48E20040F82210B3
:10C3800009E00A48E10050F8210040F00061074848
:10C39000E20040F822100020287400BFA6E7000049
:10C3A000800B0020D864012000090050000B0050D1
:10C3B000014601F00F00032801D90020704708074B
:10C3C000C00E00EBD11000EB8000024A02EB8000AF
:10C3D0008068F3E7D86401202DE9F047064606F0AF
:10C3E0000F04032C03D94FF0FF30BDE8F0877348EA
:10C3F000007810B94FF0FF30F7E73007C00E00EBC0
:10C40000D61000EB80006E4901EB800999F810000E
:10C4100010B16FF00100E8E7C6F3C0186948006882
:10C4200088F0010104EB0112012191408843654924
:10C43000086014214846E4F737FA00276248E10013
:10C4400050F82100C0F38140012808D05D48E43055
:10C45000E10050F82100C0F38140012833D10125CB
:10C4600025E05948E90050F8210000F4004048B1A7
:10C470005548E90050F82100C0F38140012801D15E
:10C48000781CC7B24F48E430E90050F8210000F4AE
:10C49000004050B14B48E430E90050F82100C0F3AF
:10C4A0008140012801D1781CC7B2681CC5B2032D98
:10C4B000D7D9012F07D14FF0A040806920F4004068
:10C4C0004FF0A0418861B8F1000F2BD03D48E43017
:10C4D000E10050F8210000F0004058B13948E43044
:10C4E000E10050F8210040F080413648E430E2009D
:10C4F00040F822103348E430E10050F8210040F0C9
:10C5000000613048E430E20040F82210F4B3E1006A
:10C5100050F8210020F400412A48E430E20040F8BD
:10C52000221048E027481838006840F40070254978
:10C530001839086000BF4FF0A040406900F080004B
:10C540000028F8D02048E10050F8210040F00061B8
:10C550001D48E20040F822102CB3E10050F8210001
:10C5600000F00040A8B11848E10050F8210040F068
:10C5700080411548E20040F8221000BF1248083000
:10C58000E10050F8210000F0020000E013E0002874
:10C59000F4D00D48E10050F8210020F400410A4891
:10C5A000E20040F8221007481838006840F4806024
:10C5B000044918390860002017E70000800B0020AC
:10C5C000D86401201C080050000B00502DE9F84FE2
:10C5D000064606F4805050B102F026FD0420FC49C6
:10C5E000096888474FF480504FF0A041486106F435
:10C5F0000060A0B1F748006820F00800F549086025
:10C600001020F34909688847F348006840F00100AA
:10C61000F14908604FF400604FF0A041486106F016
:10C620000040A0B1EB48006820F008000830E9495C
:10C6300008602020E64909688847E748006820F03C
:10C640000100E549086088054FF0A041486106F403
:10C650000050E0B1DF48006820F00600801CDD4992
:10C6600008600846006820F0080008300860DB48D1
:10C67000006840F48070D94908600846006840F4BA
:10C68000806008604FF400504FF0A041486106F010
:10C69000100090B34FF0A040D0F8208008F00F04B5
:10C6A000C8F30A100090C8F34340072820D2DFE8FF
:10C6B00000F01F201A21221F0400C9480068C94940
:10C6C0000860C748006848600846008880B2B0F536
:10C6D000A06F04D10968C1F30740FEF7ABFC01204D
:10C6E000C149087008E02046009902F073F803E0A1
:10C6F00000BF00BF00BF00BF00BF06F4002000283D
:10C7000067D0B64814300068B44918310968084049
:10C710004FF6FF7101EA1049002400BF29FA04F026
:10C7200000F0010000287CD0B048E10050F8210062
:10C73000AA491031096800EA01072007C00E00EB82
:10C74000D41000EB8000AA4901EB800507F002003D
:10C75000F0B3A6480838E10050F82100C0F381404A
:10C76000012831D1E88940F40021A0480830E200D6
:10C7700040F8221000F00AFA00F0010060B19B4876
:10C780000838E10050F8210040F0805197480838FF
:10C79000E20040F822100BE094480838E10050F81D
:10C7A000210040F0005191480838E20040F8221082
:10C7B0008E480838E10050F8210040F004418B48D1
:10C7C0000838E20040F8221002218848E20001E027
:10C7D00002E035E040F8221007F0080058B10020D0
:10C7E000686008218148E20040F8221001212046BB
:10C7F000804A1268904707F0010090B101217B4800
:10C80000E20040F82210686860B178480838E1001A
:10C8100050F82100C0F3814001280AD02046FFF7DC
:10C820006BFB06E00020287402212046714A126842
:10C830009047601CC4B229FA04F000287FF46EAF60
:10C8400006F4802000287DD06448143000686349D5
:10C850001831096808401FFA80F9002400BF29FA3E
:10C8600004F000F0010000286DD06348E10050F8AA
:10C8700021005A490C31096800EA01072007C00E5F
:10C8800044F0800100EBD11000EB8000584901EB2F
:10C89000800507F0020078B302215748E20040F813
:10C8A0002210E87C012805D10020E874204600F021
:10C8B00049F921E050480838E10050F82100C0F360
:10C8C0008140012818D1A0404C490968084098B11E
:10C8D000204600F037F9286838B16868A98908440B
:10C8E000686044F0800002F0C5FD0120A04043498B
:10C8F000096881434148016007F0400080B3687CCB
:10C9000048B3002068748046DFF8E4A0834609E05D
:10C910009AF8110040EA08080AF1280A0BF1010010
:10C9200000F0FF0BBBF1030FF2D3B8F1000F07D1FA
:10C930002A480C30006820F0400028490C3108607B
:10C94000686801E038E030E008B9A87C18B144F02C
:10C95000800002F08FFD40212748E20040F82210BD
:10C9600007F0010008B301212348E20040F822103B
:10C97000A868A9890844A860686848B900202860A8
:10C98000287444F0800004211A4A126890470CE091
:10C9900019480838E10050F82100C0F3814001280F
:10C9A00003D044F0800002F065FD601CC4B229FA97
:10C9B00004F000287FF453AF06F4004000286FD045
:10C9C0004FF442104FF0A041486101245BE00000A9
:10C9D000780B0020840B0020000E0050040800504B
:10C9E00000100050880B0020900B0020080B005016
:10C9F000D86401207C0B002008090050940B002013
:10CA00004C48E10050F82100C0F38140012800D0DB
:10CA100037E04848E10050F8210000F4004000B938
:10CA20002FE006F40010E8B100F0B0F800F00101CA
:10CA30004048E20050F82200C0F3004081421FD17C
:10CA40003C48E10050F8210000F00040C0B13948F6
:10CA5000E10050F8210040F080413648E20040F803
:10CA600022100DE02007C00E00EBD41000EB800078
:10CA7000314901EB8000406810B12046FFF73CFAD5
:10CA800000BF601CC4B2032CBAD901244DE02B486E
:10CA9000E10050F82100C0F38140012801D042E0BC
:10CAA00045E02648E10050F8210000F4004000B9BC
:10CAB00039E006F4801020B32048E10050F821004E
:10CAC00000F0004070B300F061F800F001011B4875
:10CAD000E20050F82200C0F30040814222D1012040
:10CAE000A040174909680843154908601348E10048
:10CAF00050F8210040F090411048E20040F8221028
:10CB000010E02007C00E44F0800100EBD11000EBD4
:10CB10008000094901EB8000406818B144F08000B2
:10CB200002F0A8FC00BF601CC4B2032CAFD9BDE862
:10CB3000F88F0000000B0050D8640120000900505D
:10CB4000940B002000BF4FF0A041096901F02001C3
:10CB50000029F8D14FF0A041096960F38A114FF024
:10CB6000A04211611146096941F02001116100BF25
:10CB70004FF0A041096901F020010029F8D1704768
:10CB8000014800687047000068DB0308044800782B
:10CB900008B90020704703480068C0F30D20F9E78A
:10CBA000800B00200808005008B50248006800907B
:10CBB00008BD000064DB03084FF0FF307047000041
:10CBC00030B50446012C02D0032C19D117E0A2B9CC
:10CBD00021B1012907D002290DD100E000BF0520B5
:10CBE0005870022030BD0848007818B10020064D6A
:10CBF0002870F7E700BF00BF00BF00BF00E000BF24
:10CC000000BF0020EEE70000D3030020704701467C
:10CC100000207047F0B504460E46059D022C02D058
:10CC2000032C0DD10BE0002104E0585C064F785432
:10CC3000481CC1B2A942F8DB044F3D7000E000BFC0
:10CC400000BF0120F0BD0000A01E0020D203002084
:10CC5000002000F031BB70470D490978884212D29C
:10CC60000C4951F8200070B1816961B10A49007F17
:10CC70000978884209D2094951F8200028B1C068D2
:10CC800018B100207047282070472120704700000D
:10CC900014DD0308DC0B00200CDD030810DD0308A5
:10CCA00010B50446FFF7D8FF08B1002010BD0848B2
:10CCB000084A50F82400017F806852F82110CA68A1
:10CCC000896892F8A220805C0870012010BD0000E5
:10CCD000DC0B002010DD030810B50446FFF7BCFF95
:10CCE00088B90A4850F8240068B1804700280ADB58
:10CCF0000749084A51F82410097F52F82110896821
:10CD00000870012010BD002010BD000014DE0308D3
:10CD1000DC0B002010DD030870B5164D04461649E3
:10CD200055F82400007F51F82000C6682046FFF720
:10CD300093FFE0B9B6F8A210080A012804D002282F
:10CD400015D0032813D103E055F82420D36802E05E
:10CD500055F824205369094A5B1C52F8244034B129
:10CD6000CAB20021A047002801DB012070BD0020CD
:10CD700070BD0000DC0B002010DD03080CDE030892
:10CD800070B50446FFF768FF08B1002070BD194A6E
:10CD9000194952F82430187F51F82000C068B0F8C3
:10CDA000A21011F0FF0F05D00A0A9B68C9B2491EF4
:10CDB0005A540EE0002106E0B0F8A2509B682D0AFC
:10CDC0005D54491CC9B252F8243093F830508D425A
:10CDD000F2D890F8A20010F0FF0F084850F8240095
:10CDE00004D0042102F020FB012070BD02F029FBD9
:10CDF000FAE70000DC0B002010DD0308C80B002060
:10CE000010B50446FFF728FF88B90A4850F82410E7
:10CE100069B10948094A50F82400007F52F82000FF
:10CE2000C06890F8A200884708B1012010BD00201A
:10CE300010BD000018DE0308DC0B002010DD030825
:10CE4000F8B5184F0446184957F824000025007F0C
:10CE500051F82000C6682046FFF7FEFEF8B9B6F884
:10CE6000A210080A01281AD0022802D0032816D1DD
:10CE700003E057F82420136902E057F8242053698F
:10CE80000A4A5B1C52F824404CB1B6F8A620009226
:10CE9000CAB20021A047050001D00120F8BD2846F4
:10CEA000F8BD0000DC0B002010DD030810DE0308D5
:10CEB00070B50C460546FFF7CFFE00280DD1074898
:10CEC00050F82500C17FA14207D18269838E007F7F
:10CED000D268BDE87040FEF7BDB970BDDC0B002024
:10CEE0002DE9F0470746FFF7B7FE002879D15948EA
:10CEF00050F82750AC69E08AA18ADFF85C914FF0C6
:10CF0000000888421DD3207FD8B9C4F80880A4F84F
:10CF1000168059F8276036B1E868431C0278012171
:10CF20000846B047A082A08A58B1E868A06095F88A
:10CF30003010012902D8401CA06002E0A08A401CE9
:10CF4000A082A08A4FF0010A10BB207F00BB60784E
:10CF500010B184F8018047E06368CBB195F83020C8
:10CF6000012A16D8E96881F80080A4F8168059F8DB
:10CF7000276036B1EB680022022101205B1CB0471C
:10CF8000A082A08A10B1E868401CA060C4F80480A8
:10CF90002AE0607F411CCEB2B24200D200260AFADB
:10CFA00006F10B421ED0E968701C0870A4F81680C8
:10CFB00059F827C0BCF1000F06D0C2B2EB680221BD
:10CFC00001205B1CE047A082A08A20B1E868A06035
:10CFD000A08A401CA08261680AFA06F08143616061
:10CFE00002E02BE0B042D7D1A08A08B9207F50B32D
:10CFF000287F1A4951F82010CF68A18AE28A891A3D
:10D000008EB2A97F334641F08001A268FEF722F973
:10D01000A0683044A060E08A304480B2E082698E2B
:10D02000884209D297F8950005EB4000808CB6FB4A
:10D03000F0F100FB116018B184F81C80BDE8F087A6
:10D0400084F81CA0FAE7064850F82700BDE8F0472E
:10D0500002F0FEB8DC0B00200CDE030810DD030834
:10D06000CC0B00202DE9F8430646FFF7F5FD00281C
:10D0700038D11D48002750F82640A56994F81C8037
:10D08000288B08B92069E860E17F4046FEF79CF9EB
:10D09000E96882B21144E960298B084480B21349DF
:10D0A000288394F8312051F82660012A04D876B1FB
:10D0B00000900022236905E04EB1401E00902069D7
:10D0C000431C027801210220B04700280AD02269BF
:10D0D000EA602F83A38EE17F01B04046BDE8F043B4
:10D0E000FEF7B8B8BDE8F883DC0B002010DE0308BB
:10D0F0002DE9F0471F46924688468146FFF7ACFD72
:10D1000006003AD11E4951F829401E49207FA569E1
:10D1100051F82000618EC068B94201D202262CE08D
:10D12000C07840B1184951F82900002102F040F8B8
:10D1300018B1232621E025261FE001206870E16850
:10D140003A4681F80080E0685146401CE3F70BFB4B
:10D15000E0680021A860E982AF8294F83020012ABB
:10D1600002D8401CA86002E0A88A401CA88222685D
:10D17000484622F81810FFF7B3FE3046BDE8F087A6
:10D18000DC0B002010DD0308CC0B002070B504463A
:10D19000FFF762FD05002CD1174850F8240000B1BC
:10D1A0008047164E56F8240030B92146052002F07B
:10D1B000CDF846F8240020B1114E56F8240010B1E5
:10D1C00007E0102515E0204602F01EF946F824007D
:10D1D00020B10C4E56F8240010B10AE0112508E0E9
:10D1E00000222146022001F0F7FF46F8240000B992
:10D1F0001225284670BD000004DE0308C40B002081
:10D20000C80B0020CC0B00202DE9F0410546FFF7AC
:10D2100023FD002826D1144850F825401348A6695C
:10D2200050F8250008B102F00CF9A07F20B140F0C1
:10D230008001207FFEF778F8E17F11B1207FFEF7B3
:10D2400073F80B4F57F8250030B1002101F0B0FF03
:10D2500057F8250001F0FCFF20213046E3F724FBBE
:10D260002069F060BDE8F081DC0B0020C80B0020D5
:10D27000CC0B002070B50446FFF7EEFC002815D15A
:10D2800000210B4A7D2303E080684354491CC9B246
:10D2900052F8240090F830508D42F5D8054804210A
:10D2A00050F82400BDE8704002F0BEB870BD000028
:10D2B000DC0B0020C80B002070B5C4B22046FFF77D
:10D2C000CBFC002811D1451E284602F087F8010149
:10D2D000FAD4060AB00702D52046FFF7C3FE70074E
:10D2E000F2D52046FFF7FCFDEEE770BD2DE9F047D3
:10D2F000C4B22046FFF7B0FC00287AD14448454923
:10D3000050F82420107F936951F82000C068C1783C
:10D3100000296ED05988091D89B2598090F895006E
:10D3200038B1508C38B13C4D05EB400030F8020C60
:10D3300002E0108C00B901204FF0000CE24681425F
:10D3400003D1A3F802A04FF0010C0021012545E014
:10D3500017680026B94637F811704FF6FC78474534
:10D3600002D23F1D29F81170576837F811704FB17C
:10D37000D2F80080C14638F81180B84502D329F8A8
:10D3800011A0012697687F5CB0EB870F02D90FB11F
:10D39000012700E0002717EA0C0F01D1BE4304D09B
:10D3A0005E6805FA01F73E435E6096685768765CF2
:10D3B00037F81170B600B7420ED056B1176837F87B
:10D3C0001170B74205D35F6805FA01F847EA08070C
:10D3D0005F60576827F81160491CC9B292F8306045
:10D3E0008E42B5D8586808B15A7822B18D40A8430A
:10D3F0005860BDE8F0870948002150F8240001F08A
:10D40000D7FE0028F5D12046BDE8F047FFF768BDFC
:10D41000DC0B002010DD030898DF0308CC0B002094
:10D4200070B505460C460A480078012801D1002055
:10D4300070BD08480560084804600220074908706C
:10D440000320F5F757F80120014908700020EFE7A5
:10D45000810B0020780B00207C0B0020740B002037
:10D460002DE9F0470446FDF769FB002821D120464D
:10D47000FEF73CF82F4901EB840108602046FEF7D7
:10D480002DF82D492D4D41F8240055F8240038B9C8
:10D4900000222146104601F09FFE45F8240038B1D5
:10D4A000284E0025DFF89890327804FB02F814E04B
:10D4B0001220BDE8F08700BF05EB4800C7B259F85D
:10D4C000270040B92A462146012001F085FE49F88F
:10D4D00027000028ECD06D1CEDB23078B5EB400F82
:10D4E000EAD3194850F8240000B180472046FDF7E0
:10D4F00039FB0028DDD1154D55F8240030B92146FF
:10D50000002001F023FF45F8240080B1104850F8B6
:10D510002420104850F824102046FDF7EFFF002883
:10D52000C7D12046BDE8F0470221FEF715B810200C
:10D53000BFE70000300C0020340C0020C00B00209E
:10D5400084990120F8DD03083CDE0308BC0B0020B1
:10D5500000DE0308FCDD0308012070470246034893
:10D5600010604FF40070086001207047904C00106C
:10D5700070B505460C462846F2F754FF4FF400708C
:10D580002060012070BD10B5F2F754FF10BD10B53A
:10D590000446FFF7E1FF10BD70B506460C46154680
:10D5A00029462046FFF7E4FF70BD2DE9F04107460C
:10D5B0000C4615461E4632462946204600F016F80F
:10D5C000BDE8F08170B505460C46204600F019F81C
:10D5D00070BD2DE9F04107460C4615461E46324601
:10D5E0002946204600F014F8BDE8F08170B50446E5
:10D5F0000D461646324629462046F2F71DFF012009
:10D6000070BD014600207047002000F055BF7047F4
:10D61000034601207047000010B5044600F064F88E
:10D6200008B1002010BD0948094A50F8240041689B
:10D63000007A52F82000C26800201061C1F81F0073
:10D64000072081F84900012010BD00007CDD03089F
:10D6500010DD03080A4910B551F8202051688B6885
:10D6600043B1097B090608D4D17A052200F0BCFE3B
:10D67000002010BD05220021F8E7012010BD0000A8
:10D680007CDD03080B4910B551F8202051688B68E8
:10D6900053B1097B09060AD5917A052241F0800130
:10D6A00000F0A2FE002010BD05220021F8E70120B5
:10D6B00010BD00007CDD03080A4910B551F82010A8
:10D6C0004A68936863B1127B120603D5897A41F0E8
:10D6D000800100E0C97A052200F086FE002010BD1E
:10D6E000012010BD7CDD03080D490978884212D263
:10D6F0000C4951F8200070B1416861B10A49007AC3
:10D700000978884209D2094951F8200028B1C06837
:10D7100018B1002070472920704721207047000071
:10D7200050DD03087CDD03080CDD030810DD030871
:10D730002DE9F04117498046174851F8285050F814
:10D7400028106C68677B19B138468847064600E0A8
:10D750000026F00710D107EB470104EB8101486573
:10D76000A068A0B1207B000609D5A87A40F080010E
:10D770000BE0404600F038FE3046BDE8F081D4F8BA
:10D780002700216C884202D0E97A0122F1E70122C8
:10D790000021EEE77CDD030838DE0308104910B5F0
:10D7A00051F820004468226CA1688A4202D32164A7
:10D7B000032100E0042184F84910817A0268236C77
:10D7C00041F08001007AFDF745FDD4F82700216C77
:10D7D000401AC4F82700002084F82B0010BD000078
:10D7E0007CDD030870B505460C46FFF77DFF002879
:10D7F00016D10C4850F825108A7A087A42F0800336
:10D800009C420DD14A68084CD2F81F10A14207D1A2
:10D81000BDE8704043F080010D231F32FDF71ABDB3
:10D8200070BD00007CDD03085553425370B50D46B2
:10D830000446FFF759FF002817D10C4850F8244040
:10D84000E07AA84211D1207A094A616852F8202072
:10D85000D26892F8952004EB4202138A4B64E17A75
:10D860002268BDE87040FDF7F5BC70BD7CDD0308A3
:10D8700010DD030870B51C4951F82040656895F823
:10D880004910022919D0032920D0042922D00529C2
:10D8900012D1207A154951F82000C06890F89500FF
:10D8A00004EB4000038A6B64E17A207A2268FDF77A
:10D8B000D1FC002085F8490070BDE97B282901D002
:10D8C000A829F9D1BDE8704000F03ABABDE870402F
:10D8D00000F01EBDA17A41F0800100F033FD044844
:10D8E000C5F81F000520E5E77CDD030810DD03080F
:10D8F000555342532DE9F0478E4F054657F82560A2
:10D900007468226C1F2A7DD120463168E2F72BFF14
:10D91000894920688842F6D16068C4F82300A1686C
:10D92000C4F82710607B327D904203D8A07B08B1F9
:10D93000102801D9052267E0E07B4FF080094FF005
:10D94000000828287DD015DC1A285FD009DC0428BF
:10D9500028D003DC78B3032824D138E0122821D161
:10D960003AE01B283DD01E2840D023286AD0252825
:10D9700018D19FE09E2815D00CDC552812D004DC6D
:10D980002A287DD035280DD1B8E05A2865D09128B5
:10D9900008D1B3E0A12805D0A32803D0A82850D0EF
:10D9A000AA286DD000296CD0207B00066AD5B07AF9
:10D9B00040F08001A8E0FFE72846FFF77DFE002841
:10D9C0007ED02846FFF7B4FEC00779D096E02846FF
:10D9D000BDE8F04700F010BC2846BDE8F04700F075
:10D9E00009B92846BDE8F04700F0D0BC57F825003B
:10D9F00044682846FFF760FE002861D0E07CC0073D
:10DA00007CD000E088E0062200217EE057F8254027
:10DA100028466768FFF71EFE002851D02846FFF70A
:10DA200087FEC0074CD02168032046460870206856
:10DA300080F801802846FFF77BFE800706D5216825
:10DA400001E03CE031E081F8029001E0206886705E
:10DA50002068C6700420386422E057F82540284624
:10DA60006668FFF7F7FD002862D02846FFF760FEE2
:10DA7000C0075DD02168C1F80080C1F8048002E0D1
:10DA80002CE047E03FE02168062048702846FFF779
:10DA90004FFE400702D0216881F8039008203064CF
:10DAA0002846BDE8F047FFF779BE2846BDE8F047B5
:10DAB00000F038BB2846BDE8F04700F0CFBA00E0E0
:10DAC00036E0284600F056FA002831D0022084F8CB
:10DAD00049002846BDE8F04700F032B9284600F07A
:10DAE00049FA002824D0012084F84900F17A307ADC
:10DAF000636CA26BBDE8F047FDF7ACBB2846BDE800
:10DB0000F04700F09DBCF17A04222846BDE8F047BA
:10DB100000F06ABC042277E7B07A40F08001284622
:10DB200000F0A0FCF17A2846BDE8F04700F09ABC6E
:10DB3000BDE8F0877CDD03085553424310B5044629
:10DB4000FFF7D2FD08B1002010BD0648064A50F884
:10DB50002400017A007D52F82110896808700120A4
:10DB600010BD00007CDD030810DD030870B505461C
:10DB7000FFF7BAFD060030D119487C2150F8250086
:10DB800044682046E2F790FE164850F8250000B1A0
:10DB900080474FF400702065E065A066606712481A
:10DBA00050F825207AB11149081F904730B10F482D
:10DBB000001F0168A1634068400AE0630C4C54F800
:10DBC000250010B109E0FF2070BD2946062001F0B4
:10DBD000BDFB44F8250000B91026304670BD00009A
:10DBE0007CDD03081CDE030824DE0308B00C0020E3
:10DBF000E00B00202DE9F04107464F4850F8274040
:10DC0000384665686E7BFFF725FD00287ED0287CAE
:10DC10004FF08001C3076B7C4FF000004FF0020211
:10DC200053D013B1802B51D10DE0236818702368B5
:10DC30005870236898702368DA7022681071206821
:10DC4000417106206FE02368227A187023685970AA
:10DC50002168887021681520C870384850F8220063
:10DC600041680A7C62B3016A002002E00B78401C24
:10DC700019449042FAD30878042807D9801E420834
:10DC8000142A00D914220020891C0AE00022FAE795
:10DC90000B782BB1D4F800C0061D891C0CF8063097
:10DCA000401C9042F4D3142808D2C0F11401226819
:10DCB000001D10445FF02002E2F7CCFD182032E096
:10DCC000206820221421001DF6E743B1A07A062225
:10DCD00040F080013846BDE8F04100F085BB236884
:10DCE000187023685970216888702168CA7022688A
:10DCF0001F21117121684871216888712168C871DC
:10DD000004EB860081690820202300E011E00A78F6
:10DD10001AB12668491C325401E022681354401C91
:10DD20002428F2D3242028643846BDE8F041FFF7C8
:10DD300035BDBDE8F08100007CDD0308640C0020E7
:10DD40002DE9F0473F49804651F82860746896F8FD
:10DD500008A094F80D90E16A09EB490004EB8007F4
:10DD6000786D814204D3B07A062240F0800163E0EE
:10DD7000354951F82A00E16BC06890F8950006EB30
:10DD80004000058A386D4843A84200D90546606BBB
:10DD9000A84200D805464046FFF7CAFCC0072DD070
:10DDA000206B68B37DB1216BA06B2B464218B07A13
:10DDB00040F080015046FDF74DFA206B2844206367
:10DDC000606B401B6063E06B396D236B00FB01F2FD
:10DDD00000219A4203D12163E26A1044E062D4F840
:10DDE0002700401BC4F82700002D07D0606B0028D7
:10DDF00004D1032084F8490084F82B10BDE8F08793
:10DE0000002DE0D0616B386D0144491EB1FBF0F28A
:10DE1000E06B904200D202460C4850F828C0BCF19A
:10DE2000000FC0D04846A36BE16AE0470028BAD192
:10DE3000B07A032240F080014046BDE8F04700F090
:10DE4000D3BA00007CDD030810DD03082CDE0308D4
:10DE50002DE9F047454980464FF0000951F8285018
:10DE60006C6894F80DA0E16A0AEB4A0004EB8007A5
:10DE7000786D814209D2386D216B421E1140226CAF
:10DE80000A44E16B41438A4204D9C4F84090E97ADC
:10DE9000062251E04046FFF74BFCC0070AD0216B39
:10DEA000206C01442163626B121A626398B330489C
:10DEB00022B11DE0C4F84090BDE8F087C1B13A6DD1
:10DEC0001144491EB1FBF2F6E16BB14200D20E469D
:10DED00050F828C0BCF1000F05D032465046A36B65
:10DEE000E16AE04730B3C4F83090E06A304411E0B2
:10DEF000E26B3B6D53438B420DD150F8286026B145
:10DF00005046A36BE16AB047A0B1C4F83090E16B12
:10DF1000E06A0844E062D4F82700216C401AC4F893
:10DF20002700616BE1B1386DE26B5043814208D943
:10DF3000606407E0E97A02224046BDE8F04700F05D
:10DF400053BA6164216BA06B636C4218E97A287A3A
:10DF5000FDF780F9606B18B194F849000528ABD142
:10DF60004046BDE8F04700F06BBA00007CDD0308D6
:10DF700030DE03082DE9F0410746374850F82750B6
:10DF800038466C68667BFFF7D3FBC0075CD0D4F8DB
:10DF90001100217D00BA20F0FF000843E06200205C
:10DFA0002063E07B282835D02A2804D0A82835D043
:10DFB000AA2848D10FE03846FFF7BAFB800702D500
:10DFC000E97A07223CE03846FFF75CFB00283BD0AB
:10DFD000E08A40BA10E03846FFF7AAFB8007EFD48A
:10DFE0003846FFF74FFB00282ED0D4F81500217ECD
:10DFF00000BA20F0FF00084306EB460104EB810263
:10E00000116D41436163106DE26B5043814209D948
:10E01000606408E03846FFF71DFBD7E73846FFF796
:10E0200019FBE0E76164A06840B1884211D0207B11
:10E0300000060BD5A87A40F0800108E005220021F7
:10E04000384600F0D1F90020BDE8F081E97A0522D8
:10E05000F6E70120F8E700007CDD03082DE9F04138
:10E0600006462D4850F82640304665686F7BFFF71E
:10E07000F1FA00284DD03046FFF75AFBC00748D0D0
:10E08000264850F82630002B43D0254A3846111F29
:10E090009847A8B3224A07EB4700143A05EB8001E2
:10E0A000536951F8500F1269B3FBF0F050434860C8
:10E0B0002268401E000E107048682268401E000C46
:10E0C000507088882268401E000A90700879226883
:10E0D000401ED07008682268000E1071086822681F
:10E0E000000C507108882268000A90710878216835
:10E0F000C871082028643046BDE8F041FFF74EBBE8
:10E10000A07A032240F080013046BDE8F04100F0E3
:10E110006BB9BDE8F08100007CDD030828DE030850
:10E12000C00C00202DE9F0410646304850F826404A
:10E13000304665686F7BFFF78DFA002853D0304674
:10E14000FFF7F6FAC0074ED0294850F82630002BCA
:10E1500049D0284A3846111F9847D8B307EB4700E3
:10E1600005EB8001234851F8502F0C38C3688068B4
:10E17000B3FBF2F242434A6022680020107022682A
:10E1800050702268907022680820D0704868226819
:10E19000000E107148682268000C5071888822684F
:10E1A000000A907122680879D071226802201072EA
:10E1B00008682268000C507208882268000A907271
:10E1C00008782168C8720C2028643046BDE8F04108
:10E1D000FFF7E4BAA07A032240F080013046BDE8A0
:10E1E000F04100F001B9BDE8F08100007CDD0308DA
:10E1F00028DE0308B80C00202DE9F04106462A4825
:10E2000050F82640304665686F7BFFF723FA0028F8
:10E2100047D014212068E2F725FB216870200223F3
:10E22000087007EB470005EB8002052092F84C7060
:10E230000321082F31D2DFE807F01E04080D301348
:10E24000172B206883703A2007E0206881702068CF
:10E25000017310E0206881701120216808730AE0C2
:10E26000216888702420F8E72168887021682620BA
:10E27000087320684373002082F84C0021680A204C
:10E28000C871122028643046BDE8F041FFF786BA15
:10E290002168072088702720DFE721688870202008
:10E2A000DBE7BDE8F08100007CDD030870B50446C3
:10E2B000FFF71AFA002827D1144850F82450E97AB9
:10E2C000287A6C68FDF730F8A87A40F08001287A47
:10E2D000FDF72AF81F212046E2F7E6FA0D2104F1A6
:10E2E0001F00E2F7BFFA002044F82C0F6060A06026
:10E2F0006061A0612077607784F8200084F82C00AA
:10E3000084F8380084F8440070BD00007CDD030808
:10E310000A4910B551F8200009490D23446804F159
:10E320001F02C4F81F10817A007A41F08001FCF7C7
:10E3300091FF052084F8490010BD00007CDD030832
:10E340005553425370B50D460446FFF7CDF90028EA
:10E3500016D10C480C49012250F82400007A51F8DB
:10E360002010CC682946FCF725FF102105F00F008E
:10E3700001EAD501014401208840E1680843E060DA
:10E3800070BD00007CDD030810DD030870B5054694
:10E39000134850F8250044682846667BFFF78CF93F
:10E3A00000281BD0A07C30B106222846BDE8704072
:10E3B000002100F019B80B4850F8252062B1E07C2C
:10E3C000C00701D0012100E00021304690472846D7
:10E3D000BDE8704000F034B80422E6E770BD0000EC
:10E3E0007CDD030834DE03082DE9F0410D001249FD
:10E3F0008046174651F828004468667B03D02946BA
:10E400004046FFF79FFF06EB460004EB800080F8D4
:10E410004C70012084F82B000848C4F81F0028061F
:10E4200004D5052084F84900BDE8F0814046BDE8E8
:10E43000F041FFF76DBF00007CDD030855534253E8
:10E440000749002251F8201049684B7B03EB430336
:10E4500001EB830383F84C2081F82B20FFF758BF92
:10E460007CDD030870B50D001049114A51F82010E9
:10E470004C68097A52F82110CE680DD02946FFF772
:10E4800061FF102105F00F0001EAD50101440120D0
:10E490008840316908433061022004F82B0F054899
:10E4A00044F80C0C0620A07770BD00007CDD03084A
:10E4B00010DD0308555342532DE9F047C4B22046FE
:10E4C000FFF712F900283ED1204F4FF0FF3A57F8DE
:10E4D000240090F8089090F80B804668504600F0B1
:10E4E0007DFF0101FAD4050AA80714D54146484624
:10E4F000FCF76AFF3064204657F82020516891F8F5
:10E50000493073B1012B0FD0052B04D0072B13D04A
:10E51000D17AFFF7A7FF6807E0D52046FFF7AAF9F1
:10E52000DCE7FFF7E7F9F6E7C97B2A2901D0AA293A
:10E53000F1D1FFF78DFCEEE7002281F84920096C4C
:10E540001F29EED0E7E7BDE8F08700007CDD030877
:10E5500010B5044614B1022C70D169E092480068ED
:10E5600040F08000904908604320002817DB00F04D
:10E570001F02012191408D4A430942F8231000BF38
:10E5800000BF00BFBFF34F8F00BF00BF00BF00BF81
:10E5900000BF00BFBFF36F8F00BF00BF00BF00BF51
:10E5A0004320002807DB00F01F0101228A40804938
:10E5B000430941F8232000BF00207E4908704FF036
:10E5C000A040806820F001004FF0A04188607648AC
:10E5D0002038006840F0800073492039086000202E
:10E5E00075490870754800210160A0217448E2F760
:10E5F0005BF94FF0A040806B20F480304FF0A041D9
:10E6000088637048006840F001006E4908606E48F9
:10E61000006840F002006C49086000204FF0A04103
:10E6200088636148006820F080005F490860B8E0B6
:10E630006648007818B94FF0FF3010BDAEE05D4875
:10E640000078012801D10020F7E75748006840F022
:10E6500080005549086054482038006840F0800028
:10E66000514920390860012009F09EFD4E482038AC
:10E67000006820F080004C4920390860012009F032
:10E6800093FD5048006820F001004E4908604FF0AB
:10E69000A040806B40F480304FF0A0418863084672
:10E6A000C06840F04000C86000BF4FF0A040006963
:10E6B00000F000400028F8D04FF0A040006940F082
:10E6C00001004FF0A041086100BF4FF0A040006979
:10E6D00000F001000028F8D1012009F065FD00BF1D
:10E6E0004FF0A040006900F000400028F8D000F092
:10E6F0009BFC4FF0A040806B40F400104FF0A04115
:10E7000088633148006840F002002F4908604FF0EC
:10E71000A040C06820F4705040F410504FF0A04169
:10E72000C8600846C06800F0804020B10846C06854
:10E7300000F0005078B14FF0A040C06820F00050C9
:10E740004FF0A041C8600846C06840F08040C860F3
:10E75000642009F029FD1C48001F006840F00300F8
:10E760001949091F08601A484FF0A04188610846FE
:10E77000806840F08100886001200E4908704320C5
:10E78000002809DB00F01F0201219140420992009C
:10E7900002F1E022C2F8001100BF02E06FF00300B6
:10E7A0004BE700BF002048E73438024080E100E03A
:10E7B00080E200E0800B0020900B0020840B002002
:10E7C000D8640120000E005004080050810B002086
:10E7D00010380C802DE9F84304460A462007C00E85
:10E7E00000EBD41000EB8000DFF8B89009EB80015B
:10E7F00004F00F0C2C484FEACC0950F8290000F423
:10E80000004010B90020BDE8F883086808B900206E
:10E81000F9E74868904201D2486882B222484FEA3C
:10E82000CC0950F82900C0F3814001280BD11E48C3
:10E8300010304FEACC0950F82900DFF8709000EA58
:10E84000090000B10022DFF868800868D1F808905C
:10E8500000EB0905930804E0D8F8000045F8040B24
:10E860005B1E002BF8D188681044886002F0030713
:10E8700067B12E460E480068009000BF04E01DF806
:10E88000030006F8010B5B1CBB42F8D3C889904219
:10E8900002D00020486002E04868801A48601046B4
:10E8A000B1E70000D8640120000B00500000F87FA1
:10E8B0000010005001460E48007810B94FF0FF30AC
:10E8C00070470C48007810B94FF0FF30F8E700208F
:10E8D000084A1070084802680A60406848600548A5
:10E8E000007810B14FF0FF30EAE70020E8E70000C1
:10E8F000800B0020900B0020880B00202DE9F041B8
:10E900005449097888426FD2534951F82060002E4B
:10E910006AD0F568002D67D095F8A0104F4C11F023
:10E920001F0102D001295FD176E0B5F8A2204C4941
:10E93000130A082B58D2DFE803F08A041D588A8A8C
:10E940000E3F12F0FF0F4FD151F820004068C5F87C
:10E95000980012205EE0727C002A78D095F895200D
:10E9600051F8200022B1C068C5F898000A2051E093
:10E970008068F9E7737C002B95F8953007D03BB1A0
:10E9800051F82000406920600020D2B20BE05BBB50
:10E9900051F820000069F6E721680B7813B14B8825
:10E9A00019442160401C8242F6D120680178D9B117
:10E9B000C5F8980040882DE0737CABB195F8953090
:10E9C00051F8200023B1C06920600020D2B208E0D5
:10E9D0008069F9E721680B7813B14B8819442160ED
:10E9E000401C8242F6D1E0E731E051F82000D1B27C
:10E9F000006A2060002005E023681A780AB11A44F2
:10EA00002260401C8142F7D120680178F9B1C5F835
:10EA100098000078606009E0104A121D111FFDF790
:10EA200015F8002811D02068C5F89800B5F8A61090
:10EA30006068814208D9C5F89C00717D491E084272
:10EA400002D1012085F896000120BDE8F081002068
:10EA5000FBE700000CDD030810DD0308A40C002018
:10EA6000640C0020F0B52A49097888424DD2294922
:10EA700051F82020F2B3D068002845D0926800F108
:10EA80009801BAB3B0F8A230A3BBB0F8A630022BFD
:10EA90003BD190F8A03013F01F044FF0020305D0D3
:10EAA0000025012C08D0022C2FD10FE0B0F8A420B3
:10EAB00002BBC1E9000326E0C478DCB190F8A440B1
:10EAC00090F89400844220D2157019E090F8A44088
:10EAD000102704F08F0404F00F0607EAD407374428
:10EAE0000126BE40C7780FB924070ED1846834428E
:10EAF0000BD000E009E0C068304000D00120107069
:10EB00005570C1E900230120F0BD0020F0BD0000D8
:10EB10000CDD030810DD03082DE9F04107463E48EF
:10EB20000078874268D23D4850F82700C468002C1E
:10EB300062D0B4F8A60000285ED194F8A00010F0CE
:10EB40001F0004D0012857D0022855D117E0B4F88F
:10EB5000A200012850D141B1314850F8270000B13E
:10EB60008047208840F0020007E02E4850F8270038
:10EB700000B18047208820F0020020804AE094F80D
:10EB8000A400102200F08F0606F00F0002EAD60261
:10EB900010440125E278854072B3A2682A422BD046
:10EBA000B4F8A220B2BB320726D0C9B1E16829422D
:10EBB00030D104EB8000406920B131463846FCF783
:10EBC000B3FBC8B9012231463846FCF7F3FA98B9CD
:10EBD000E06831462843E0603846FDF711FB19E054
:10EBE000E068284216D02069284213D1002231461D
:10EBF0003846FCF7DFFA10B10020BDE8F081E0688C
:10EC00003146A843E0603846FCF7B6FE3146384648
:10EC1000FDF7A8FA0120F0E70CDD030810DD03087A
:10EC20005CDE030860DE03082DE9FC5F9449804642
:10EC3000097888427ED2934951F82870002F79D004
:10EC4000FC68002CFBD0B4F8A400002872D1B4F802
:10EC5000A6000028FAD1009094F8A00010F01F0F31
:10EC6000F4D194F8A2004FF0000A10F0FF0F4FF01B
:10EC7000010B4FF4803977D0797C8348002994F8D0
:10EC8000951004D029B150F8280045699DE000296D
:10EC9000DCD150F82800056997E06878022804D094
:10ECA000042868D0052863D168E0697994F8A20047
:10ECB00081425ED129797A8A91423BD8E0702879E5
:10ECC00084F89400002003E07A6802F800A0401C59
:10ECD000798A8142F8D80126A1680BFA06F0014230
:10ECE00013D004EB8600406928B131464046FCF75A
:10ECF0001BFB00281ED131464046FCF79FFB002835
:10ED000018D131464046FDF77BFAA16809FA06F0B2
:10ED1000014218D004EB8600406D30B146F080010E
:10ED20004046FCF701FB002804D146F08001404634
:10ED3000019100E075E0FCF781FB002871D14046AD
:10ED40000199FDF75DFA761CF6B2102EC4D34FF090
:10ED50000110C4E9020AC4F810A0E879400620882E
:10ED600003D540F0010002E034E020F001002080F3
:10ED700029E0688828E0E878009024E0009810BB3B
:10ED8000A878102200F08F0101F00F0002EAD102F2
:10ED900010440BFA00F604EB8000406918B14046BD
:10EDA000FCF7C2FAE8BBA0683043A060E878AB8803
:10EDB00000F00302A9784046FCF7A8F988BBA978BF
:10EDC0004046FDF7CFF928780544287800287FF4DD
:10EDD00064AF41E0564684F803A001254FEA0B07D3
:10EDE000A16807FA05F0014211D004EB85004069E3
:10EDF00020B129464046FCF797FA90B9294640468B
:10EE0000FCF71CFB68B929464046FDF7F9F9A168F3
:10EE100009FA05F0014216D004EB8500406D38B1C7
:10EE200000E02BE045F080014046FCF77DFA28BB6E
:10EE300045F080018A464046FCF700FBF0B9514698
:10EE40004046FDF7DDF96D1CEDB2102DC8D34FF033
:10EE50000110C4E902062661E07894F8A210884205
:10EE60000CD1E178404600F0FFF9084850F828102E
:10EE700009B1E07888470120BDE8FC9F0020FBE74E
:10EE80000CDD030810DD0308640C002058DE0308C5
:10EE90002DE9FE4F07466148007887427ED26048E0
:10EEA00050F82760002E79D0F468002C76D0B4F8A2
:10EEB000A600002872D18346CDF808B094F8A000CF
:10EEC000D84600F01F00DA46D946012866D1E0781E
:10EED000002871D0717C5348002994F8951004D013
:10EEE00029B150F8270045698CE0002956D150F827
:10EEF0002700056986E06878022804D0042808D035
:10EF000005287DD11FE06879E178884278D068884B
:10EF100077E0B4F8A400718A88426AD295F802803A
:10EF200095F803A04FF0000B404569D1B4F8A2104A
:10EF3000514565D170684FF0010910F80810029131
:10EF400000F808A05CE0B4F8A410414558D1A878B6
:10EF5000102200F08F0000F00F01009002EAD000B4
:10EF60000844012181400191B4F8A220524524D1E6
:10EF7000A168019A04EB80001143A160E168019A45
:10EF80009143E160406920B138460099FCF7CCF923
:10EF900020B9E878AB8800F0030200E029E0A97806
:10EFA0003846FCF7B3F820BB38460099FDF7DAF88D
:10EFB00001994BEA010B23E01CE0029A92451FD114
:10EFC000019A1BEA020F1BD1A16804EB8000914358
:10EFD000A160E168019A9143E160406920B138463F
:10EFE0000099FCF7A1F920B938460099FCF726FAF8
:10EFF00010B10020BDE8FE8F38460099FDF700F9FA
:10F0000028780544287800287FF475AFB9F1000FFF
:10F0100001D084F804804846ECE700000CDD0308CA
:10F0200010DD0308640C002070B50020364908602C
:10F03000486036490870364800210160A0213548F3
:10F04000E1F732FC002034490860091F0860012400
:10F050002DE04FF000653148E10050F8210000F04C
:10F06000004008B145F080452C48E10040F82150AF
:10F070004FF000652848EC30E10050F8210000F026
:10F08000004008B145F080452348EC30E10040F8ED
:10F090002150DB212048F430E20040F822105B21AF
:10F0A0001E480830E20040F82210601CC4B2032C55
:10F0B000CFD91020FDF746FD17481438006820F41A
:10F0C000FE601549143908604FF0011012490831EB
:10F0D00008600B20104908600320091F0860A02069
:10F0E000C10548620E4888620D4828300D49086005
:10F0F0000B4850304FF0A041C1F808010848783063
:10F1000008490831086070BD880B0020900B002072
:10F11000840B0020D864012014080050000B00501C
:10F12000A00028000401005070B5054600240FE03F
:10F13000134850F82400806940B1114850F8240069
:10F14000007FA84202D12046FEF75EF8601CC4B2E0
:10F15000012CEDDB00240FE00A4850F82400406841
:10F1600040B1084850F82400007AA84202D1204655
:10F17000FFF79CF8601CC4B2012CEDDB70BD0000F1
:10F18000DC0B00207CDD030870B5084D0446B0217F
:10F1900055F82400C068E1F787FB55F82400017C8E
:10F1A000C068C1F38011018070BD000010DD03084C
:10F1B00070B505460E4615B94FF0FF3070BD3146AB
:10F1C000284609F0A1F80446012C01D10020F5E7FA
:10F1D0004FF0FF30F2E7000070B506460C461546CA
:10F1E00026B1012E0DD0022E29D11DE0012C01DB0C
:10F1F000002070BD134951F82400012109F062F884
:10F20000F7E7012C01DB0020F3E7062D01D30020F6
:10F21000EFE704EB44010C4A02EBC10151F8250071
:10F22000012109F04FF8E4E7012C01DB0020E0E7C1
:10F23000064951F82400012109F044F8D9E70020DB
:10F24000D7E70000D4DD0308D8DD0308F4DD0308A8
:10F2500010B5044614B94FF0FF3010BD204609F038
:10F2600047F84042F9E7000070B505460E469EB1EA
:10F2700000240FE0094850F82400806940B1074895
:10F2800050F82400007FA84202D12046FDF7F2FF8B
:10F29000601CC4B2012CEDDB70BD0000DC0B002053
:10F2A000024A52F8200000F08DB80000BC0B00208C
:10F2B000F0B40E4D01F00F03102455F8205004EA6D
:10F2C000D1011944ED68142606EB810100246C502D
:10F2D000190341EA0221064A127800FB0230054A6E
:10F2E00052F820000068F0BC00F06CB810DD030894
:10F2F000F8DD0308240C002000231A468021FBF7C8
:10F30000A9BF10B58021FCF75FF8002800D02220AB
:10F3100010BD00231A461946FBF79CBF10B50446E2
:10F320000021FCF751F808B1222010BD064850F822
:10F330002400C068406D0028F7D02046BDE810408A
:10F340008021FBF7F1BF000010DD030870B5054612
:10F350000C46072D2ED2DFE805F0040F1113151708
:10F360002200012C01DB002070BD134951F824005C
:10F37000002108F0F9FFF7E70020F5E70020F3E7A8
:10F380000020F1E70020EFE7012C01DB0020EBE794
:10F390000A4951F82400002108F0E6FFE4E7012CB7
:10F3A00001DB0020E0E7064951F82400002108F0C5
:10F3B000DBFFD9E70020D7E780DD030894DD0308F1
:10F3C000A8DD030870B504460D4614B94FF000409F
:10F3D00070BD2946204608F0AFFFF9E73EB5044668
:10F3E0002146002008F0B4FF8DE8070000980828A7
:10F3F00001D101983EBD0098402801D10020F9E7D5
:10F400004FF00040F6E7000010B50446012C01DB88
:10F41000002010BD034951F824002246012109F0C3
:10F4200007F8F6E7B4DD030870B504460D4614B9D5
:10F430004FF0FF3070BD2946204609F00FF84042DA
:10F44000F8E710B5044614B94FF0FF3010BD204660
:10F4500009F010F84042F9E710B50320F3F7A6F8D9
:10F460000020024908700249087010BD740B00208A
:10F47000810B00202DE9F04707463807C00E00EB4E
:10F48000D71000EB8000374901EB800507F00F042F
:10F490006868E989884201D9EE8901E0686886B226
:10F4A0003148E10050F82100B6EB800F01D9BDE8EA
:10F4B000F0872E4830432C490839E20041F82200F9
:10F4C00029481838E10050F82100C0F38140012894
:10F4D0001DD1FDF75BFB00F0010060B12248183838
:10F4E000E10050F8210040F080511F481838E20038
:10F4F00040F822100BE01C481838E10050F82100B9
:10F5000040F0005118481838E20040F82210164820
:10F510001838E10050F8210040F004411248183832
:10F52000E20040F822102868A96800EB01091048A1
:10F5300000EB043AAE816868801B68600020A87404
:10F54000F01C4FEA900807E059F8040BCAF80000D5
:10F55000A8F101001FFA80F8B8F1000FF4D100BF44
:10F56000A5E70000D8640120180900500000082019
:10F57000001000502DE9FE430646884614461D46FD
:10F580004046B8F1320F72D00EDCA0F120001228F4
:10F5900067D2DFE800F02A226E66317DF266F1BBA9
:10F5A000C66666F06666667546286ED00CDC402836
:10F5B0006CD004DC342855D0352852D11CE14328C6
:10F5C0007AD04528F9D1CAE0482876D0492875D0A4
:10F5D000502874D05128F0D150E12B4622464146A4
:10F5E0003046EFF75FFCBDE8FE832B4622464146DE
:10F5F0003046EFF76DFCF6E7012C03D00420F6F758
:10F6000045FCF0E72878C62816D003DC38B163281B
:10F6100027D10BE0C72816D0FA2822D11AE02B46B2
:10F62000224641463046EFF779FDDCE742460521A8
:10F630009C48F6F737FAD6E72B4622464146304635
:10F64000EFF740FDCFE72B46224641463046EFF725
:10F650004FFDC8E72B46224641463046EFF712FCE5
:10F66000C1E712E124B90420F6F710FCBBE731E052
:10F670000BE1012C03D00420F6F708FCB3E704E10A
:10F680002CB90420F6F702FCADE78FE0C2E0FCE005
:10F690003E2E08D1022C03D00420F6F7F7FBA2E798
:10F6A00028888149088080480088012808D00428DB
:10F6B00007D005280DD105E0C3E0A4E0BAE0D6E00C
:10F6C00000BF00BF2B46224641463046EFF716FCEE
:10F6D00089E7DAE03E2E04D11CB90420F6F7D6FB08
:10F6E00081E73E2E02D12888704908806F48008843
:10F6F000012802D0032808D100E000BF2B46224693
:10F7000041463046EFF724FD6DE700BF1CB10420F1
:10F71000F6F7BCFB04E0424604216548F6F746F9DB
:10F7200061E7042C03D00420F6F7B0FB16E0604933
:10F73000091F286848605F4928680968C1EB4112C1
:10F74000C2EB0121A0EB011901A9484609F0B6FF5F
:10F7500001A80AF0FDF81120F6F73AFC43E7012C66
:10F7600003D00420F6F792FB3DE72878042805D063
:10F77000052819D10DE027E06AE06FE0E3F720F9F2
:10F7800002214D48006808F0D7FD1120F6F720FC53
:10F790000AE0E3F715F908214748006808F0CCFDB6
:10F7A0001120F6F715FC00BF00BF6EE01CB104206D
:10F7B000F6F76CFB07E0EBF7B3FE00904246022140
:10F7C0006846F6F7F3F80EE7042C03D00420F6F7AA
:10F7D0005DFB08E7E9782A6822F07F400222374B78
:10F7E0001B68984707461FB1F8B2F6F74FFB02E0D7
:10F7F0001120F6F7EDFBF6E6012C03D00420F6F716
:10F8000045FBF0E641E0611E8AB22878691C03F0EE
:10F810008DF9E8E614B9ECF713FAE4E6012C03D00D
:10F820000420F6F733FBDEE6287810B9ECF708FA87
:10F83000D9E62AE0012C03D00420F6F727FBD2E614
:10F8400023E0012C03D00420F6F720FBCBE61CE0DC
:10F850001CB10420F6F71AFBC5E616E03E2E05D1D2
:10F86000012C03D00420F6F711FBBCE60DE02B467B
:10F87000224641463046EFF73BFCB4E62B46224693
:10F8800041463046EFF71EFCADE600BF2B46224650
:10F8900041463046DFF828C0DCF800C0E04700BF32
:10F8A000A1E60000EBDC0020BC030020D003002018
:10F8B0001402002094000020600300203401002086
:10F8C000640300202DE9F04104460E4617461D460C
:10F8D0003E2C09D10020174908702B463A46314684
:10F8E0002046FFF747FE23E012480078D0B11148C8
:10F8F0000078012804D0022808D0032811D10BE099
:10F900002B2204212846F6F751F80AE02B22042185
:10F910002846F6F7C7F804E02B210420F6F7FCF997
:10F9200000BF05E02B463A4631462046FFF722FE4F
:10F93000BDE8F0817503002010B50446601C00B9D5
:10F9400010BD1B48006A1B49086008460068007823
:10F950001949087017480068097808441549086073
:10F960000846006800781549087012480068097850
:10F97000084410490860084600680078104908707B
:10F980000C480068097808440A490860084600687D
:10F9900000780C490870074800680A30054908607B
:10F9A000214604480068F3F709FA00BFC8E70000E1
:10F9B000400C0020E4030020E8030020E9030020BD
:10F9C000EA030020EB030020184808F04DFC18491A
:10F9D000086029E00A2008F0E7FB0020EDF764F852
:10F9E0000446032C20D9402212490020EDF76EF87E
:10F9F000104800783E2803D00E480078232806D10E
:10FA00000C4840780C4908700A48458801E0EDF739
:10FA100057F80A48006838B1064908780B1D2A468D
:10FA200005490978FFF74EFFD4E700008CB90308B9
:10FA30007C030020101A00206803002064030020CB
:10FA400010B534480068401C3249086032480068EC
:10FA5000401C3149086008460068B0F57A7F06DB33
:10FA6000002008602D480068401C2C4908600121D6
:10FA70002B480068F9F7ABF900202A49087041E0EB
:10FA800029482849097800EB0110407BA8B3264893
:10FA90002449097800EB01104068401E2249214AA0
:10FAA000127801EB021148601F481E49097800EBEB
:10FAB0000110406808BB1C481A49097800EB011086
:10FAC000007B60B118481749097800EB0110016804
:10FAD0001548144A127800EB0210416006E000213C
:10FAE0001148104A127800EB021041730E490D4A7A
:10FAF000127801EB0211886880470A480078401CA0
:10FB00000849087007480078084909788842B7DB37
:10FB100010BD0000A8090020B0090020AC000020A2
:10FB20009C090020B409002094DF0020AC090020CB
:10FB3000002003490860486008818872704700000F
:10FB40000040012010B5094C04E0A1882068ECF7C2
:10FB500099F80834054848308442F6D104480079C1
:10FB600020F0010002490871002010BDD0DA03081E
:10FB70000C4001202DE9F84F02464AF6C00A924493
:10FB80004AF6C00BBAFBFBFADFF8F8B0DA440AF128
:10FB9000010ACDF800A0DDF800A04FEA5A0910468E
:10FBA0004FF03C0AB0FBFAF3C3EB031AA0EB8A0A4E
:10FBB00081F800A018464FF03C0AB0FBFAF3C3EB03
:10FBC000031AA0EB8A0A81F801A018464FF0180A20
:10FBD000B0FBFAF303EB430AA0EBCA0A81F802A0D8
:10FBE00047F62C5A09EB0A054FEA850A0AF1030A7F
:10FBF000DFF894B0BAFBFBFCDA460CFB0AFAA5EB83
:10FC00009A064FEA860A0AF1030A40F2B55BBAFB8C
:10FC1000FBF8DA4608FB0AFAA6EB9A0707EB870A15
:10FC20000AF1020A4FF0990BBAFBFBF404EB041A39
:10FC30000AEBCA0A0AF1020A4FF0050BBAFBFBFAFB
:10FC4000A7EB0A0A0AF1010A81F803A04FF00A0A99
:10FC5000B4FBFAFB04F1030A4FF00C0E0EFB1BAAD7
:10FC600081F804A04FF00A0AB4FBFAFA4FF0640BD3
:10FC70000BFB0C8BABF5965BDA44A1F806A0BDE854
:10FC8000F88F0000167B4A00B13A020010B5064812
:10FC9000046800210520F3F79FFE44F080700249BC
:10FCA0000860204610BD00007438024011B591B0C4
:10FCB00011980890089848B90122F9494FF47A70D0
:10FCC000EEF784FFF74A0899505408E00122F649FC
:10FCD0004FF47A70EEF77AFFF24A0899505401F027
:10FCE000B4B94FF0FF31002008F032FB0CAB07C372
:10FCF0000C98402811D1EB490898085C0690F8F759
:10FD0000E3FEEA49089851F820001021069008F017
:10FD100013FB0520E6490860E1E70D980B900B986E
:10FD200000F00100002862D06821E24A089832F809
:10FD30001000E14A02EB402001700B21DD4A0898D7
:10FD400032F81000DC4A02EB402081700021D94AD1
:10FD5000089832F81000D84A02EB4020C170D54A0A
:10FD6000089832F81000D44A02EB402001710421B7
:10FD7000D04A089832F81000CF4A02EB4020417078
:10FD80000021CC4A089832F81000CB4A02EB402000
:10FD90004171CA4A089822F81010C94A089822F8F6
:10FDA0001010C449089831F81000C34901EB4020F5
:10FDB000C0490690089811F810000622059006998F
:10FDC000F6F718F90021BF4A089842F82010BE4AF9
:10FDD000089842F82010BD48BD4A0168089842F8CA
:10FDE0002010B0490898085C0690F8F73FFE0B9881
:10FDF00000F0020000285CD06821AE4A089832F872
:10FE00001000AD4A02EB402001700421A94A089875
:10FE100032F81000A84A02EB402041702321A54A85
:10FE2000089832F81000A44A02EB402081700021AB
:10FE3000A04A089832F810009F4A02EB4020C17097
:10FE40009C4A089832F810009B4A02EB402001714E
:10FE5000984A089832F81000974A02EB4020417106
:10FE60009449089831F81000114601EB402091495F
:10FE70000690089811F81000062205900699F6F7EA
:10FE8000B9F888490898085C0690F8F71DFE00212B
:10FE90008C4A089842F820108B4A089842F82010A3
:10FEA0008A488B4A0168089842F820100020894946
:10FEB00008700B9800F00400002858D068217D4A93
:10FEC000089832F810007C4A02EB402001700421AF
:10FED000784A089832F81000774A02EB40204170C7
:10FEE0008321744A089832F81000734A02EB4020CC
:10FEF000817000216F4A089832F810006E4A02EBB8
:10FF00004020C1706B4A089832F810006A4A02EB30
:10FF100040200171674A089832F81000664A02EBE7
:10FF2000402041716349089831F81000114601EBF7
:10FF3000402060490690089811F8100006220590AC
:10FF40000699F6F757F810906048614A01680898DA
:10FF500042F82010109850B152490898085C069059
:10FF6000F8F7B2FD0021554A089822F810100B98B6
:10FF700000F00800002864D068214E4A089832F842
:10FF800010004D4A02EB402001700421494A0898B4
:10FF900032F81000484A02EB402041704321454AA4
:10FFA000089832F81000444A02EB4020817000218A
:10FFB000404A089832F810003F4A02EB4020C170D6
:10FFC0003C4A089832F810003B4A02EB402001718D
:10FFD000384A089832F81000374A02EB4020417145
:10FFE0003449089831F81000114601EB402031499E
:10FFF0000690089811F81000062205900699F5F76A
:020000040803EF
:10000000F9FF10903148324A0168089842F82010F0
:10001000109850B123490898085C0690F8F754FDF1
:100020000021264A089822F810102848284A01681A
:10003000089842F820102548224A0168089842F89A
:1000400020100B9800F4805020B300BF22480078A5
:10005000401C00F00F00204908700898C0B20690BC
:100060001E48007800EB40001D4908448078059048
:100070001948007800EB40000844008804900A21E9
:10008000DDE9052301F05EFF134800781349097884
:100090008842DBD10B9800F4006000287DD0DEE0C0
:1000A000C19D020878010020E99E02082401002079
:1000B000E400002052010020140D002070010020F7
:1000C00072010020840100207C010020AC0000208F
:1000D00080010020420100204A0100204901002047
:1000E0004C060010089800EB4000FE4901EB40115F
:1000F000FD4A0898105C00EB400001EB400040799D
:100100000590089800EB4000F64901EB4011089873
:10011000105C00EB400001EB40000079401CC0B2D5
:100120000490089800EB4000EE4901EB401108985C
:10013000105C00EB400001EB4000008880B20390AF
:100140000898C0B20346069003A807C801F0FAFE5B
:10015000089800EB4000E34901EB4011E24A08989F
:10016000105C00EB400001EB40000079062866D1EE
:10017000089800EB4001DB4800EB41110898105C47
:1001800000EB400001EB4000407900F08000E8BB4C
:10019000D6480068D0B3089800E068E000EB400162
:1001A000D04800EB41110898105C00EB400001EBD7
:1001B000400040790590089800EB4001C94800EBE9
:1001C00041110898105C00EB400001EB4000006812
:1001D00004900898C0B202460690C44BDDE90401C1
:1001E0001B6898470F900F98401C78B1089800EB57
:1001F0004000BC4901EB4011BB4A0898105C00EB81
:10020000400001EB40004079059000E017E00898BD
:1002100000EB4000B34901EB40110898105C00EB83
:10022000400001EB4000008880B204900898C0B202
:10023000034606900A21DDE9040201F083FEAA4983
:100240000898085C401CC1B2A74A0898115411468E
:100250000898085C102802DB002108981154A44972
:100260000898095CA04A105C81427FF43BAF0B9870
:1002700000F4005000287DD0D0E0089800EB800109
:100280009C4800EB41119C4A0898105C00EB8000F0
:1002900001EB4000407A0590089800EB80009549FA
:1002A00001EB401294490898085C00EB800002EBD7
:1002B0004000D0F805000490089800EB80008D49BC
:1002C00001EB40118C4A0898105C00EB800001EBB8
:1002D00040000079401CC0B20390089800EB8000F9
:1002E000844901EB40110898105C00EB800001EBA1
:1002F0004000008880B202900898C0B20346069081
:10030000059A9DED040ADDE9020101F047FE089817
:1003100000EB8000774901EB4011774A0898105CA8
:1003200000EB800001EB40000079062866D173489D
:100330000068E8B3089800EB80006E4901EB4011BB
:100340000898105C00EB800001EB4000D0F805003D
:100350000590089800EB8000664901EB4011089871
:10036000105C00EB800001EB4000006804900898EE
:10037000C0B200E05AE0014606909DED050A5F4AD2
:1003800004981268904798B9089800EB8000594982
:1003900001EB4011584A0898105C00EB800001EB1B
:1003A0004000407A0590089800EB8000514900E039
:1003B00024E001EB40110898105C00EB800001EB99
:1003C0004000D0F805000490089800EB80004949EF
:1003D00001EB40110898105C00EB800001EB40003D
:1003E000008880B203900898C0B203460690059A30
:1003F0009DED040A0A21039801F0D0FD3E490898BA
:10040000085C401CC1B23C4A089811541146089837
:10041000085C102802DB002108981154384908981C
:10042000095C354A105C81427FF427AF0B9800F4D9
:10043000804000286CD0BBE0089800EBC000314938
:1004400001EB0011304A0898105C00EBC000084432
:10045000D0F805000590089800EBC000294901EB91
:1004600000110898105C00EBC00008440079401CA3
:10047000C0B20490089800EBC000224901EB0012C2
:1004800021490898085C00EBC0001044008880B245
:1004900003900898C0B20346069003A807C801F06D
:1004A000B5FD089800EBC000164901EB0011164A93
:1004B0000898105C00EBC00008440079062867D15A
:1004C00012480068F0B3089800EBC0000D4901EB3A
:1004D00000110898105C00EBC0000844D0F805003B
:1004E000059016E0004B001044010020340100206C
:1004F00043010020604B001046010020380100201D
:1005000045010020004C0010480100203C01002063
:1005100056E0089800EBC001FB4800EB0111089879
:10052000105C00EBC0000844006804900898C0B25A
:1005300002460690F54BDDE904011B68984708B9AF
:10054000089800E024E000EBC000EF4901EB001147
:10055000EF4A0898105C00EBC0000844D0F8050092
:100560000590089800EBC000E74901EB00110898DE
:10057000105C00EBC0000844008880B2049008982A
:10058000C0B2034606900A21DDE9040201F03EFDF7
:10059000DF490898085C401CC1B2DD4A0898115434
:1005A00011460898085C102802DB002108981154B5
:1005B000D8490898095CD64A105C81427FF43CAF68
:1005C0000B9800F01000002874D00898C0B2069074
:1005D000EEF730FBC8B10898C0B2069001F028F9D8
:1005E00078B1CD490898085C0690F8F76DFA0021BB
:1005F000CA4A089822F81010C94A089822F8101020
:10060000FDE3C8480068C84908600898C0B2069071
:10061000EEF71CFBA8B10898C0B2069001F06EF985
:1006200078B1BD490898085C0690F8F74DFA0021AA
:10063000BA4A089822F81010B94A089822F81010FF
:10064000DEE70898C0B20690EEF70CFBA8B1089858
:10065000C0B2069001F0B2F978B1AF490898085CD1
:100660000690F8F731FA0021AC4A089822F81010E9
:10067000AB4A089822F81010C2E70898C0B206905A
:10068000EEF7C2FAA8B10898C0B2069001F02CF8B3
:1006900078B1A1490898085C0690F8F715FA00218E
:1006A0009E4A089822F810109D4A089822F81010C7
:1006B000A6E7FFE7EEF7B4FAA8B10898C0B2069033
:1006C00001F064F878B194490898085C0690F8F74E
:1006D000FBF90021914A089822F81010904A0898D6
:1006E00022F810108CE70B9800F48060C0B10898D5
:1006F000C0B202468D4906900720F2F7E5FC78B1BA
:1007000085490898085C0690F8F7DEF90021834ACD
:10071000089822F81010824A089822F810106FE703
:100720000B9800F4807000283FD081490898085C3D
:10073000E0B30020099035E07E49089851F8200088
:10074000012209998A40104040B30898C0B206902F
:100750000998C0B2059001460920069AF2F708FCF4
:1007600078B16D490898085C0690F8F7ADF900215A
:100770006A4A089822F81010694A089822F810105E
:100780000DE06C49089851F82000012209998A402F
:1007900060EA0200674A089942F8210000BF099800
:1007A000401C099009981128C6D304E1FFE762496B
:1007B000089811F8200000F00100A8B30898C0B212
:1007C0000246002106900720F2F7D2FB00200A9093
:1007D0002FE05A490A9801EB0010C07B01220899CA
:1007E0008A40104008B355490A9801EB0010407B3D
:1007F000D8B10898C0B206900A9880B2059014212A
:10080000069A01F02DF980B143490898085C0690DA
:10081000F8F75AF90021414A089822F81010404A86
:10082000089822F8101001E02BE000BF0A98401C45
:100830000A90434909880A988842CAD33E490898D1
:1008400051F8200020F001013B4A089842F820109E
:100850000898C0B20246002106900A20F2F788FBF1
:1008600078B12D490898085C0690F8F72DF9002119
:100870002A4A089822F81010294A089822F81010DD
:10088000E3E30120099092E02B49089851F82000F9
:10089000012209998A401040A0B30898C0B206907E
:1008A0000998C0B2059001460720069AF2F760FB4E
:1008B00000200A904AE021490A9801EB0010817B50
:1008C000099881423ED10898C0B206900998143028
:1008D00080B205900A9880B20490DDE9051201F01B
:1008E000BFF880B10C490898085C0690F8F7ECF85E
:1008F00000210A4A089822F81010094A089822F89C
:10090000101020E04FE01DE0004C00103C010020E2
:1009100048010020470100207801002070010020DC
:1009200072010020A8090020F4010020EC01002041
:10093000A4010020AC010020A801002064060010E2
:100940004E01002000BF0A98401C0A90FE49098809
:100950000A988842AFD3FD49089851F82000012237
:1009600009998A409043F94A089942F82100089869
:10097000C0B206900998C0B2059001460A20069AB6
:10098000F2F7F6FA78B1F2490898085C0690F8F7A1
:100990009BF80021EF4A089822F81010EE4A0898B8
:1009A00022F8101000E000BF0998401C0990099837
:1009B0001128FFF469AF0B9800F04000B8B3002095
:1009C0000A902FE0E5490A9801EB0010C07B012254
:1009D00008998A40104008B3E0490A9801EB0010DA
:1009E000007B01281AD10898C0B206900A9880B2FC
:1009F00005900121069A01F033F878B1D44908989E
:100A0000085C0690F8F760F80021D24A089822F8AE
:100A10001010D14A089822F8101000E000BF0A9880
:100A2000401C0A90C84909880A988842CAD30B9882
:100A300000F4007050B1CA49089831F810000690CF
:100A40000898C0B20590069901F026FF0B9800F4B3
:100A5000004000287ED0C349089831F810002128B2
:100A600079D008DC012814D0022875D0042874D06D
:100A700020280DD1C8E1222870D080286FD0B0F591
:100A8000807FF6D10898C0B20521069001F004FFDE
:100A9000D7E10021B44A089842F8201000200A90BB
:100AA0001DE0B2490A9801EB00100188B04A08988D
:100AB00032F8100081420FD1AC490A9801EB0010C6
:100AC000017B0898401C014031B10A9801B2A94A43
:100AD000089822F8101007E00A98401C0A90A649CE
:100AE00009880A988842DCD300BFA34909880A987C
:100AF000884206D14FF0FF319E4A089822F8101024
:100B00009FE19C49089831F91000984901EB0010C9
:100B1000806830B3002099490090089801EB80006C
:100B200097490690089851F8200091490590089837
:100B300031F810008F490490089831F910008B4962
:100B400001EB0010806803900021DDE90340DDE93E
:100B5000052305E076E12BE117E0A5E05CE163E128
:100B6000A0470021874A089842F820108349089836
:100B700051F820107C4A42F820100898C0B2014673
:100B80000690002001F01EFF5BE17E49089851F8B5
:100B9000200020B900217C4A089842F820107949A9
:100BA000089851F82000401C0A46089942F8210094
:100BB0007049089831F910006C4901EB0010806809
:100BC000E8B36949089851F82000B0F5006F06D2E3
:100BD000089851F820106C4A42F8201005E04FF4B4
:100BE0000061694A089842F820105F49089851F856
:100BF0002010654A52F82000091A5B4A089842F80A
:100C000020106149089851F8200028B30120009075
:100C1000089801EB80005A490690089851F8200086
:100C200058490590089831F8200080B25049049046
:100C3000089831F810004F490390089800E012E03E
:100C400031F91000494901EB001080680290DDE99C
:100C5000024004A90EC9A0474B49089851F820103A
:100C60004A4A42F820104849089851F8200058B9DB
:100C70000898C0B2464906900898085C0590012182
:100C8000069A02F06FF80EE00A2007F08DFA089835
:100C9000C0B23F4906900898085C059001460020C4
:100CA000069A02F0F7F9CCE000213A4A089811546C
:100CB0000020079000BF3549089851F82000E62829
:100CC0001FD90898C0B22E490690089851F82010F4
:100CD000079808442E4905900898085C0490E6227D
:100CE000DDE9051302F00EFA2849089851F82000B2
:100CF000E6380A46089942F821000798E63007903E
:100D00001BE00898C0B221490690089811F820000D
:100D10001B490590089851F82010079808441C4971
:100D200004900898085C039004A90EC902F0EAF93F
:100D30000021164A089842F820101449089851F8E2
:100D400020000028B7D127E04E010020A801002094
:100D5000780100207001002072010020640600105C
:100D600040010020B20100206401002000000010BA
:100D7000BE010020BC010020E8010020C0010020CD
:100D80006C010020C4010020C8010020CC0100201B
:100D9000D9010020DC0100200898C0B2AC490690BF
:100DA0000898085C05900021069A01F0DBFF48E0F6
:100DB000A849089831F91000A74901EB0010806894
:100DC00008B30220A5490090089801EB8000A449CF
:100DD0000690089851F82000A2490590089831F82B
:100DE00010009C490490089831F910009A4901EBD1
:100DF0000010806803900021DDE9034000E024E159
:100E0000DDE90523A0471CE00898C0B20146069022
:100E1000802001F0D7FD14E00898C0B2014606908A
:100E2000802001F0CFFD0CE00898C0B28849069000
:100E30000898085C059001468020069A02F02AF97D
:100E400000BF00BF0B9800F08000002876D08649D4
:100E5000089831F81000222871D004DC082878D0D6
:100E6000102839D1A9E0B0F5806F03D0B0F5006F3C
:100E700032D166E000200A901DE07C490A9801EB1F
:100E8000001001887A4A089832F8100081420FD188
:100E900076490A9801EB0010417B0898401C0140FC
:100EA00031B10A9801B2734A089822F8101007E08D
:100EB0000A98401C0A90704909880A988842DCD335
:100EC00000BF6D4909880A98884206D14FF0FF316A
:100ED000684A089822F81010B5E06649089831F978
:100EE0001000624901EB00108068F8B100206349EE
:100EF0000090089801EB800061490690089851F82D
:100F000020005B490590089831F810005949049079
:100F1000089831F91000554901EB001080680390E2
:100F20000021DDE90340DDE90523A0470898C0B2B0
:100F300001460690022000F0D3FF84E084E07AE0CE
:100F400007E00898C0B201460690062000F0C8FFEE
:100F500079E04849089831F91000444901EB001044
:100F6000806810B3012047490090089801EB800089
:100F700043490690089851F8200043490590089885
:100F8000085C3B490490089831F8100039490390F7
:100F9000089831F91000354901EB00108068029083
:100FA000DDE9024004A90EC9A0470898C0B2014675
:100FB0000690002001F03CFD45E000200F902D49F7
:100FC000089831F91000294901EB0010806820B31E
:100FD00002202C490090089801EB800028490690D7
:100FE000089851F8200022490590089831F810001F
:100FF00020490490089831F910001C4901EB0010B9
:10100000806803900021DDE90340DDE90523A04766
:101010000F9000211D4A089811540F9838B908986C
:10102000C0B201460690012001F002FD02E00F98D7
:10103000401C0F9007E00898C0B20146069080203F
:1010400001F0C0FC00BF00BF00BFFEF74ABE0000B9
:10105000D9010020BC01002000000010C8010020C0
:101060006C010020BE010020B001002050000010E3
:10107000B8010020BA010020EA010020D0010020C0
:1010800068010020D4010020D801002009010020BF
:101090002DE9F04186B006463C4801683C480068AE
:1010A00007F004F98046B8F1000F04D06FF0060095
:1010B00006B0BDE8F081E8F7DBFF364A1168364A32
:1010C0001068E3F723F8354A1168354A1068E3F7EA
:1010D0001DF842208DF800003068CDF801007068DE
:1010E000CDF805003089ADF809002B49086803A93F
:1010F000E3F7EAF92A4908686946E3F7E5F926497A
:1011000008680B21E3F7DEF9254908680B21E3F7AE
:10111000D9F92448008881B223480068EAF786F9A3
:101120001D4908680121E3F725F81D4908680121D8
:10113000E3F720F81D48076800BF1D4A1168164AEA
:101140001068E3F7CFF8044624B918480068C01BBC
:101150000A28F2D31348008881B213480068EAF7DE
:1011600067F90D4908680021E3F704F80C4908689D
:101170000021E2F7FFFF14B94FF0FF3500E0002532
:101180000348006807F086F8284691E7000300202E
:10119000FC020020E4170020C0170020F0170020F8
:1011A000B4170020400300203C030020A8090020C1
:1011B000CC1700202DE9F0410746884615461E460B
:1011C0003E2F19D12878022802D1002074490870D6
:1011D000287873490870287800F0030030B90B2094
:1011E000F4F754FE6FF00100BDE8F08100206D4976
:1011F00008806D1C701E86B269480078012804D0F2
:1012000002283ED003286FD175E06749654A1288ED
:10121000881832462946DFF7A6FA6248008830442B
:1012200060490880084600880C2810D90420F4F78B
:101230002DFE5E48007820B104215D48006807F06B
:101240007BF8142006F0B0FF6FF01000CCE7554893
:1012500000880C2814D15449564A12688818032271
:101260000C2100F0A9F804462CB1E0B2F4F70EFE10
:101270006FF01000B8E71120F4F7AAFE0020B3E7E2
:1012800088E04949474A1288881832462946DFF7DC
:101290006AFA444800883044424908800846008879
:1012A000C42810D90420F4F7F1FD4048007820B19B
:1012B00004213F48006807F03FF8142006F074FF4F
:1012C0006FF0100090E737480088C42812D103223D
:1012D000C421354800F0DEF8044634B1E0B2F4F73A
:1012E000D5FD6FF010007FE74EE01120F4F770FE9F
:1012F000002079E74EE02C492A4A128888183246A5
:101300002946DFF730FA274800883044254908800D
:1013100008460088D02810D90420F4F7B7FD2348E8
:10132000007820B104212248006807F005F8142055
:1013300006F03AFF6FF0100056E71A480088D028F0
:1013400021D119491B4A1268881801220C2100F08A
:1013500033F804462CB1E0B2F4F798FD6FF01000BA
:1013600042E70222C421104800F094F804462CB150
:10137000E0B2F4F78BFD6FF0100035E71120F4F7C1
:1013800027FE002030E705E00B20F4F77FFD6FF02B
:10139000010029E700BF1120F4F71AFE002023E71F
:1013A0007D09002078090020541A0020390000200F
:1013B000080000205C090020F0B587B007460D4604
:1013C000164606F0010020B102213048006806F000
:1013D000B3FF142006F0E8FE02A8F2F747FD002054
:1013E0008DF8090002A8FFF753FE29480188032061
:1013F000E8F76AFE3B462A46254801880320E9F7BC
:1014000011F80446E4B929463846EAF767F805902A
:10141000F7F726FC06901E480088411905AB082204
:101420000320E8F7FFFF04460CB1032409E0132072
:1014300001230022009010461146F1F7D7FE00E08C
:10144000032401208DF8090002A8FFF721FE14B93A
:10145000F2F7A4FD044604B10D245CB906F00200C5
:1014600020B104210948006806F066FF142006F048
:101470009BFE04E004210548006806F05DFF14208F
:1014800006F092FE204607B0F0BD000008000020E4
:10149000240300202DE9FC4107460D46164606F0C0
:1014A000010020B102212B48006806F045FF1420FE
:1014B00006F07AFE2020F2F741FB3B462A462648FA
:1014C00001880120E8F7AEFF04460CBB29463846E8
:1014D000EAF704F8019020480088411901AB042282
:1014E0000120E8F79FFF04461B48008841191B4B69
:1014F00004220120E8F7F0FE0CB1032409E01420D7
:1015000001230022009010461146F1F76FFE00E023
:10151000032414B9F2F7D2FD044604B10D24F2F706
:101520000BFB5CB906F0020020B1042109480068F9
:1015300006F002FF142006F037FE04E004210548FF
:10154000006806F0F9FE142006F02EFE2046BDE8E5
:10155000FC8100000800002026030020EC0300208E
:101560000279D20922B19FED150A81ED000A23E02C
:101570000A684FF07F43B3EB420F01D1012300E033
:10158000002313B102680A6016E0026800EE102A18
:1015900091ED001A0A4A1268521E00EE902AF8EEE7
:1015A000600A01EE200A064AD2ED000AF8EE600A4F
:1015B00080EE201A81ED001A704700000000807F45
:1015C000F40400202DE9F0412DED088B8CB0DFF8FC
:1015D0000481002606E0D8F800404DF8264008F1C6
:1015E0000508761C0C2EF6D33A48806B0B904FF40E
:1015F000C0410320E8F768FD6B463022510203200A
:10160000E8F710FF07463348D0F82D40324800680D
:101610000AF096F841EC190B2E48D0F83210084623
:101620000AF08EF841EC1B0B2C4890ED000B53ECAC
:10163000102B51EC1B0B09F08DFD41EC1A0B53ECF8
:10164000192B09F025FB41EC180B09F03BFA054674
:1016500028460AF075F841EC1B0BB0EE4B0AF0EE91
:101660006B0A02F0D1F9B0EE409AF0EE609A204693
:101670000AF066F841EC1A0B53EC192B09F06AFDDD
:1016800041EC180B09F01EFA1549086028460AF0CB
:1016900057F841EC1B0BB0EE4B0AF0EE6B0A02F070
:1016A00023FAB0EE409AF0EE609A20460AF048F82D
:1016B00041EC1A0B53EC192B09F04CFD41EC180BC3
:1016C00009F000FA0749086038460CB0BDEC088BF9
:1016D000BDE8F0815CD90020D4CD0308B0CD03086B
:1016E000AC050020B0050020F0B5C3B007460720C8
:1016F0008DF810000320ADF8120023480088ADF8E3
:1017000014000025002400BF05F10800F0280DDDBD
:10171000E0B28DF811003A46A91D04A8F1F796FB36
:1017200010B1012043B0F0BD00240025394601A8C6
:10173000E9F780FE064606B917E0062101EBC40171
:1017400004AA01985050092101EBC401029850509D
:101750009DF80C000D2101EBC401505405F1080067
:10176000C5B2601C84B2002ECED100BF55B1E0B22C
:101770008DF811003A46A91D04A8F1F767FB08B1DE
:101780000120CFE70020CDE7E6010020F0B5C3B08F
:10179000074607208DF810000320ADF812002348FB
:1017A0000088ADF814000025002400BF05F10B00EF
:1017B000F0280DDDE0B28DF811003A46A91D04A80D
:1017C000F1F744FB10B1012043B0F0BD0024002527
:1017D000394601A8E9F75AFE064606B917E0062180
:1017E00001EBC40104AA01985050092101EBC40186
:1017F000029850509DF80C000D2101EBC40150548B
:1018000005F10800C5B2601C84B2002ECED100BF25
:1018100055B1E0B28DF811003A46A91D04A8F1F7C0
:1018200015FB08B10120CFE70020CDE7E60100203D
:10183000F0B5C3B006461E208DF810000320ADF8A9
:1018400012002D480088ADF814000025002400BFC8
:1018500005F10B00F0280DDDE0B28DF811003246E5
:10186000A91D04A8F1F7F2FA10B1012043B0F0BDB0
:101870000024002531466846E9F758FE07460098DF
:101880000E2800D1002707B926E004EB440000EB46
:10189000C400801D04AA009911509DF8041004EBA7
:1018A000440000EBC40009301154DDF80900414642
:1018B00007F004FF04EB440000EBC4000A3004AA64
:1018C00081180DF10500F7F7D1F905F10B00C5B24C
:1018D000601C84B2002FBBD100BF55B1E0B28DF8BF
:1018E00011003246A91D04A8F1F7B0FA08B1012091
:1018F000BCE70020BAE70000E60100202DE9F04334
:10190000C5B0814624208DF818000320ADF81A00D8
:1019100029480088ADF81C000025002400BF05F10F
:101920000F00F0280EDDE0B28DF819004A46A91D1F
:1019300006A8F1F78BFA18B1012045B0BDE8F08395
:1019400000240025494601A8E9F720FE064606B90D
:1019500022E0C4EB0410801D06AA01991150C4EBCB
:1019600004100930029911509DF80C10C4EB0410BA
:101970000D301154DDF80D70DDF81130C4EB041199
:101980000E3188183A46F8F79FF905F10F00C5B2F5
:10199000601C84B2002EC2D100BF55B1E0B28DF8F8
:1019A00019004A46A91D06A8F1F750FA08B101200E
:1019B000C3E70020C1E70000E6010020F0B5C3B096
:1019C00007460D208DF810000320ADF812002348C3
:1019D0000088ADF814000025002400BF05F10800C0
:1019E000F0280DDDE0B28DF811003A46A91D04A8DB
:1019F000F1F72CFA10B1012043B0F0BD002400250E
:101A0000394601A8E9F7EEFD064606B917E00621BA
:101A100001EBC40104AA01985050092101EBC40153
:101A2000029850509DF80C000D2101EBC401505458
:101A300005F10800C5B2601C84B2002ECED100BFF3
:101A400055B1E0B28DF811003A46A91D04A8F1F78E
:101A5000FDF908B10120CFE70020CDE7E601002025
:101A60002DE9F74FC8B00746FE4800EB0710807A13
:101A70008DF81C004998ADF81E00FB480088ADF8B1
:101A800020000025F74800EB0710807A0D2811D0C0
:101A900006DC00287ED001287DD0072857D15BE0E6
:101AA0001E2879D0212853D02428F7D10D208DF875
:101AB0001C0000BF0026002439E005F10800F228D0
:101AC0000ADDE0B28DF81D00A91D07A84A9AF1F7BA
:101AD000BDF9804600240025E24800EB071000888D
:101AE0003044062101EBC40107AA5052002008210E
:101AF00001EBC4015054DB4800EB0710D0F806009E
:101B000006EB860100EB010A092101EBC401DAF8BA
:101B1000000050509AF804000D2101EBC40150540C
:101B200005F10800C5B2701C86B2601C84B2CD48B5
:101B300000EB07108088B042BFDC45B1E0B28DF801
:101B40001D00A91D07A84A9AF1F780F98046C0E157
:101B500007208DF81C0000BF002600243DE005F1A1
:101B60000800F2280ADDE0B28DF81D00A91D07A8C3
:101B70004A9AF1F76BF9804600240025B94800EB3A
:101B8000071000883044062101EBC40107AA505217
:101B9000002002E078E035E030E0082101EBC401EC
:101BA0005054B04800EB0710D0F8060006EB860151
:101BB0000844479047980068092101EBC401505040
:101BC000479800790D2101EBC401505405F108003C
:101BD000C5B2701C86B2601C84B2A24800EB07102C
:101BE0008088B042BBDC45B1E0B28DF81D00A91D74
:101BF00007A84A9AF1F72AF980466AE101208DF890
:101C00001C0000BF002600242DE005F10800F2288A
:101C10000ADDE0B28DF81D00A91D07A84A9AF1F768
:101C200015F98046002400258E4800EB0710008837
:101C30003044062101EB840107AA505200200821FC
:101C400001EB84015054874800EB0710D0F80600E0
:101C5000805D092101EB84015054281DC5B2701C20
:101C600086B2601C84B27F4800EB07108088B042C7
:101C7000CBDC45B1E0B28DF81D00A91D07A84A9A3A
:101C8000F1F7E4F8804624E1764800EB0710C07ACB
:101C9000072802D00D287DD14DE007208DF81C00CB
:101CA0000026002436E005F10800F2280ADDE0B243
:101CB0008DF81D00A91D07A84A9AF1F7C7F88046BC
:101CC00000240025674800EB0710008830440621F7
:101CD00001EBC40107AA50520020082101EBC40106
:101CE0005054604800EB0710D0F8060050F826006A
:101CF0004690092101EBC4014698505000200D2167
:101D000001EBC401505405F10800C5B2701C86B245
:101D1000601C84B2534800EB07108088B042C2DCDC
:101D200045B1E0B28DF81D00A91D07A84A9AF1F748
:101D30008DF88046CBE00D208DF81C000026002495
:101D400038E005F10800F2280ADDE0B28DF81D0048
:101D5000A91D07A84A9AF1F779F8804600240025C2
:101D6000404800EB071000883044062101EBC40115
:101D700007AA50520020082101EBC40150543948F1
:101D800000EB0710D0F8060050F826B0092000EB51
:101D9000C40000E01FE007A941F800B000200D21B9
:101DA00001EBC401505405F10800C5B2701C86B2A5
:101DB000601C84B22B4800EB07108088B042C0DC66
:101DC00045B1E0B28DF81D00A91D07A84A9AF1F7A8
:101DD0003DF880467BE007208DF81C00214800EB91
:101DE0000710D0F8060006904FF00009002001907F
:101DF000002600245AE000BF05F10800F2280ADDA1
:101E0000E0B28DF81D00A91D07A84A9AF1F71EF847
:101E1000804600240025134800EB0710008820446A
:101E2000062101EBC40107AA50520020082101EB52
:101E3000C4015054B9F1000F0BD106EB46020699CC
:101E400001EB820002A9E9F765FB1FFA80F9002087
:101E5000019002A9019851F82000092101EBC40169
:101E600007AA03E064060010E6010020505000209D
:101E70000D2101EBC401505405F10800C5B20198D1
:101E8000401C80B20190B9F1000F03D0A9F101000C
:101E90001FFA80F9B9F1000F01D0601C84B2B9F1CA
:101EA000000FA9D1701C86B2601C84B20B4800EBF5
:101EB00007108088B0429EDC45B1E0B28DF81D006D
:101EC000A91D07A84A9AF0F7C1FF804600BF00BFCE
:101ED00000BF00BF40464BB0BDE8F08F6406001065
:101EE00030B5BFB005460C467A208DF800000120C1
:101EF0008DF801000D20ADF8020010480088ADF803
:101F0000040000208DF806008DF807008DF8080009
:101F10000B4830F81400ADF8090000208DF80B00D4
:101F20008DF80C5022460D216846F0F78FFF10B156
:101F300001203FB030BD0020FBE70000E60100209B
:101F4000B8010020F0B587B005460C4616461F467E
:101F50002D208DF8000001208DF801000E4800882A
:101F6000ADF8040004F07F00ADF80200ADF80650B3
:101F700000208DF8080004F0800030438DF809003F
:101F80003A460A216846F0F761FF10B1012007B018
:101F9000F0BD0020FBE70000E6010020F0B52DEDCC
:101FA000028B87B004460D46B0EE408A16461F46A7
:101FB000144880ED008A32208DF8000001208DF851
:101FC000010011480088ADF80400ADF80250ADF8EA
:101FD000064000208DF808000A4890ED000A10EE37
:101FE000100ACDF809008DF80D603A460E216846BA
:101FF000F0F72CFF20B1012007B0BDEC028BF0BD43
:102000000020F9E7F8010020E6010020F0B587B0D4
:1020100004460D4616461F4633208DF80000012069
:102020008DF801000B480088ADF80400ADF80250AF
:10203000ADF8064000208DF80800CDF809603A465A
:102040000D216846F0F702FF10B1012007B0F0BD86
:102050000020FBE7E60100202DE9FF4F8BB00E4684
:1020600015461C464FF00A0A4FF0FF3005900B98BA
:1020700001287DD1FD48007800F00100012801DD34
:10208000002705E0F948007800F0010080F0010722
:10209000189808286CD2DFE800F004E6FDFCFB6B22
:1020A000FAF9F34920680860002E7DD1F1492068D3
:1020B0000968884278D8F04850F827800020EF4916
:1020C0000880EF49088041460320E7F7FDFF82467C
:1020D000BAF1000F3AD00320EA4948610020C1F864
:1020E0001900C1F81E00084641690191007E8DF873
:1020F000080043F2CC20029AE1F728FCE148D0F82E
:1021000019100191407F8DF8080043F2CD20029A0A
:10211000E1F71CFCDB481E300168019100798DF865
:10212000080043F2CE20029AE1F710FCD648E9F706
:1021300035FD09200090D34842690123D24903C9E3
:10214000F1F754F850460FB0BDE8F08FCA4850F888
:102150002720042308A90320E8F710FA82460898EC
:10216000401CE8B3C9480068401CC849086000E04A
:1021700074E30520C34948610020C1F81900C1F883
:102180001E00084641690191007E8DF8080043F267
:10219000CC20029AE1F7DAFBBA48D0F81910019185
:1021A000407F8DF8080000E023E043F2CD20029A42
:1021B000E1F7CCFBB3481E300168019100798DF83E
:1021C000080043F2CE20029AE1F7C0FBAE48E9F7DF
:1021D000E5FC09200090AB4842690123AA4900E0D0
:1021E00005E003C9F1F702F86FF00400ABE7002047
:1021F000A9E70220A34948610020C1F81900C1F8ED
:102200001E00084641690191007E8DF8080043F2E6
:10221000CC20029AE1F79AFB9A48D0F81910019164
:10222000407F8DF8080043F2CD20029AE1F78EFB43
:1022300094481E300168019100798DF8080043F23E
:10224000CE20029AE1F782FB8F48E9F7A7FC09202C
:1022500000908C48426901238B4903C9F0F7C6FFFF
:102260006FF001006FE7E6BB01208649C1F8190055
:102270000020C1F81900C1F81E000846416901910B
:10228000007E8DF8080043F2CC2004E009E189E2E9
:102290003EE20AE21DE1029AE1F758FB7948D0F8E4
:1022A00019100191407F8DF8080043F2CD20029A69
:1022B000E1F74CFB73481E300168019100798DF8FD
:1022C000080043F2CE20029AE1F740FB6E48E9F79E
:1022D00065FC092000906B48426901236A4903C9E3
:1022E00000E004E0F0F782FF4FF0FF302BE7701EB4
:1022F000216801EBC0205F490968884239D9042070
:10230000604948610020C1F81900C1F81E00084664
:1023100041690191007E8DF8080043F2CC20029AB9
:10232000E1F714FB5748D0F819100191407F8DF860
:10233000080043F2CD20029AE1F708FB51481E3015
:102340000168019100798DF8080043F2CE20029ACD
:10235000E1F7FCFA4C48E9F721FC092000904948D4
:1023600042690123484903C9F0F740FF6FF00300B9
:10237000E9E6012E02D1FF20A870E8702068B0F5D0
:10238000006F02D94FF4006020603B4850F82710DE
:10239000701E4FF4006202FB00187DE02068B0F56B
:1023A000807F06D94FF480792068A0F58070206086
:1023B00003E0D4F80090002020604B4642463449A8
:1023C0000320E8F7DBF80990642005F0EDFE2B46CA
:1023D0004A4641460320E8F725F88246642005F086
:1023E000E3FE4B4642462B490320E8F7C7F8099025
:1023F0004D44C844BAF1000F4ED002202149486133
:102400000020C1F81900C1F81E0008464169019179
:10241000007E8DF8080043F2CC20029AE1F796FA8C
:102420001848D0F819100191407F8DF8080043F248
:10243000CD20029AE1F78AFA12481E300168019114
:1024400000798DF8080043F2CE20029AE1F77EFA77
:102450000D48E9F7A3FB092000900A4842690123CF
:10246000094903C9F0F7C2FE50466CE64408002053
:1024700030040020C4020020140300203404002093
:1024800036040020C8DC0020600400202004002066
:10249000F41F0020F4200020206800287FF47EAF85
:1024A00051E6F048008880B1EF4850F82700EF4926
:1024B00009884FF4807202FB0108ED4BE94802885D
:1024C00041460320E7F7AEFF82460020E949486114
:1024D00000BF1898022802D14FF4006B01E04FF4BE
:1024E000807BE14850F82720102329460320E8F795
:1024F00045F8824668680890A8680A90002006900F
:1025000000BF0898584501D9D94601E0DDF8209070
:10251000D54850F82710069800FB0B1000F1100268
:102520004B4629460320E8F729F88246BAF1000F06
:1025300000D01DE00020079007E00799685C05A91E
:1025400002F0CAF90798401C079007984845F4D351
:102550000898484504D90898A0EB0900089001E0C4
:102560004FF000090698401C0690B9F1000FC8D141
:1025700000BFC0490A98C1F819000598C1F81E00AB
:1025800005990A98884234D01020BA494861084613
:1025900041690191007E8DF8080043F2CC20029A37
:1025A000E1F7D4F9B348D0F819100191407F8DF8C4
:1025B000080043F2CD20029AE1F7C8F9AD481E3079
:1025C0000168019100798DF8080043F2CE20029A4B
:1025D000E1F7BCF9A848E9F7E1FA09200090A5481D
:1025E00042690123A44903C9F0F700FE6FF0090016
:1025F000A9E500209F494861084641690191007E94
:102600008DF8080043F2CC20029AE1F79FF999482F
:10261000D0F819100191407F8DF8080043F2CD20C9
:10262000029AE1F793F993481E300168019100790D
:102630008DF8080043F2CE20029AE1F787F94FF6B1
:10264000FC700490884850F8278050F82700811CBF
:1026500004AB02220320E7F7E5FE82464FF6F07056
:1026600004908648007800F001007F4A52F820006C
:10267000811C04AB02220320E7F7D4FE8246804887
:102680000068804908607C48E9F788FA0220012345
:1026900000227949009003C9F0F7A8FD01217A488A
:1026A000006805F049FE50464DE516B94FF0FF3081
:1026B00049E5701EC0EB0010216801EB80107349E2
:1026C0000968884202D96FF003003CE5012E02D16F
:1026D000FF20A870E8702068B0F5707F02D94FF431
:1026E00070702060604850F82710701E4FF47072B0
:1026F00002FB00182B46414603202268E7F792FEB2
:102700008246BAF1000F01D050461CE500201AE5C0
:1027100016B94FF0FF3016E5701E216801EB00205E
:102720005A490968884202D96FF003000BE5012E6F
:1027300002D1FF20A870E8702068B0F5807F02D930
:102740004FF480702060484850F82710701E4FF4F6
:10275000807202FB001842464D4903202368E7F7C8
:102760000DFF09902B46414603202268E7F75AFEE9
:1027700082464246474903202368E7F7FFFE099057
:10278000444928462268DDF7C2FF0990099810B134
:102790000998401C0990BAF1000F01D05046D2E4CC
:1027A0000020D0E42F480088C0F58070216888425E
:1027B00035D82C480088C0F5807080B203902C4931
:1027C000284A128888182946039ADDF7CCFF264844
:1027D00050F82700254909884FF4807202FB010850
:1027E00022480088401C21490880214B4146032093
:1027F000E7F718FE82464FF4807342461C490320D7
:10280000E7F7BCFE21880398081A16490880039848
:102810002918144802881648DDF7A5FF0FE014496F
:10282000104B1B88C81829462268DDF79CFF2088BA
:102830000C49098808440B4908804FF0000ABAF196
:10284000000F09D002200B4948610020C1F819008F
:10285000C1F81E00504676E4002074E46FF00800D2
:1028600071E400003404002014030020360400202A
:10287000F41E0020C8DC0020600400204408002072
:10288000A80900203804002008000020C40200200D
:10289000F41F0020F42000202DE9F043C7B00746C4
:1028A000884600240025002002907E208DF820001C
:1028B000ADF8228040480088ADF824000020ADF833
:1028C00026008DF82800092600BF06F10800F2282E
:1028D0000AD900208DF82100B01D81B23A4608A81F
:1028E000F0F7B4FA00250026344800EB0410807895
:1028F000002849D0314800EB0410018805EB850021
:1029000000EBC500093008AA11522C4800EB041056
:10291000806870B10020294901EB041100900888FB
:10292000264901EB041102AB03AAD1F808C000212B
:10293000E04705EB850000EBC5000B3008AA0299C3
:1029400011501E4800EB0410C07838B1802105EB0F
:10295000850000EBC5000E30115407E0002105EBA7
:10296000850000EBC5000E3008AA1154DDF8189060
:1029700005EB850101EBC5010F3108AA881849460E
:10298000F7F7C4F90D366D1C641C0D4800888442AD
:102990009BDB76B1E8B240F080008DF82100B1B247
:1029A0003A4608A8F0F752FA18B1012047B0BDE83E
:1029B000F0830020FAE70000E6010020000000108C
:1029C000E801002030B5BFB005460C4678208DF8F0
:1029D000000001208DF801000D20ADF80200114823
:1029E0000088ADF8040000208DF806008DF807007F
:1029F0008DF808000C4830F81400ADF809000B48B9
:102A000050F82400CDF80B008DF80E5022460F210F
:102A10006846F0F71BFA10B101203FB030BD00202E
:102A2000FBE70000E6010020BE010020C0010020FD
:102A300030B5BFB005460C467C208DF80000012063
:102A40008DF801000D20ADF8020013480088ADF8A4
:102A5000040000208DF806008DF807008DF80800AE
:102A60000E4830F81400ADF809000D48005D8DF8EF
:102A70000B001DB101208DF80C0002E003208DF841
:102A80000C0022460D216846F0F7E0F910B1012054
:102A90003FB030BD0020FBE7E6010020B801002078
:102AA000D801002010B511E00C490D4A128801EB45
:102AB000021000F077FB0A480088401C0849088093
:102AC00008460088102801DB0020088004480088A0
:102AD000044909888842E7D110BD000038E0002091
:102AE000CA090020C809002010B511E00C490D4AA0
:102AF000128801EB021000F06DFD0A480088401CAE
:102B00000849088008460088102801DB002008805A
:102B100004480088044909888842E7D110BD0000B4
:102B200038E10020E6090020E40900202DE9F04FFB
:102B300085B004460E4617464FF0000B082C26D2EF
:102B4000DFE804F0250405110612131C00BF00BFC6
:102B5000102F07D00420F3F799F96FF0100005B09B
:102B6000BDE8F08F19E000BF00BF202F05D0042082
:102B7000F3F78CF96FF01000F1E70EE0302F05D07D
:102B80000420F3F783F96FF01000E8E705E0062072
:102B9000F3F77CF96FF00300E1E700BF04F00100F8
:102BA000002860D04FF00308B8F1020F45D0B8F10B
:102BB000030F54D101A8F1F759F900208DF8050051
:102BC00001A8FEF765FA614A08210020E6F7B4FF84
:102BD0005F4801684046E7F777FA5E4A082100201F
:102BE000E6F7AAFF33461022594801684046E7F746
:102BF00019FC0546584A10210020E6F79DFF0120E8
:102C00008DF8050001A8FEF743FA1022524930461C
:102C1000DDF77DFD8146B9F1000F02D04FF0020BC8
:102C200002E00DB14FF0010B1B20002301220090A8
:102C300018461946F0F7DAFA14E0454801684046AC
:102C4000E7F742FA33464248049A01684046E7F7FC
:102C5000E9FB054615B14FF0010B03E002E04FF030
:102C6000010B00BF00BF04F00200002854D0022175
:102C70003A48006805F060FB142005F095FAB2466A
:102C800004F0010008B10AF1100A4FF00108B8F190
:102C9000000F3CD0B8F1010F03D0B8F1020F37D1CB
:102CA00034E002212D48006805F046FB142005F0B1
:102CB0007BFA2020F0F742FF264B102228480168BB
:102CC0004046E7F709FB5346102225480168404675
:102CD000E7F7A8FB05460DB14FF0010B1B4B102287
:102CE0001F4801684046E7F7F7FA04211B480068CF
:102CF00005F022FB142005F057FA1C2000230122C6
:102D0000009018461946F0F771FA04E003E002E07B
:102D10004FF0010B00BF00BFBBF1000F08D1112025
:102D2000F3F756F9642005F03FFAF2F791FA0AE05A
:102D30000320F3F7ABF8642005F036FAF2F788FACF
:102D40006FF001000BE76FF0020008E7701E002033
:102D50001C030020801E0020901E00200800002080
:102D60002003002070B5C0B006460D4614467B20F7
:102D70008DF8040001208DF805000D20ADF8060047
:102D800017480088ADF8080000208DF80A008DF87B
:102D90000B008DF80C00134830F81400ADF80D004E
:102DA0008DF80F601DB101208DF8100002E00320A6
:102DB0008DF8100025B10C48005D8DF8110003E07E
:102DC0000A48005D8DF8110022460E2101A8F0F797
:102DD0003DF810B1012040B070BD0020FBE70000BD
:102DE000E6010020BE010020DD010020DC01002002
:102DF0002DE9F04105460F462B480068441CB4F508
:102E0000F04F00D300244FF4803000EBC416C6F31B
:102E10000B0098B92548006884420BD1234800680C
:102E200020302249086008460068B0F5F04F01D311
:102E30000020086031460320E7F746F91C48006887
:102E4000401C1B49086008460068401C08B9002067
:102E50000860174800682860134800684FF4803104
:102E600001EBC010B0F5781F04D911480068401C70
:102E70000F4908600C4800684FF4803202EBC01123
:102E80002B463A460320E7F7CDFA07480068401C76
:102E90000549086008460068B0F5F04F01D30020EE
:102EA0000860BDE8F0810000FC090020000A002055
:102EB000F009002070B500243348008840F2E73163
:102EC000884205DA30480088401C2F49088002E01B
:102ED00000202D4908800120EFF7FCFB4FF65570CC
:102EE0002A49096801EBC43148802748008800F26C
:102EF000E9302649096801EBC4310880F5F7B0FED6
:102F00002249096801EBC431C8602048006800EB21
:102F1000C43046681D49096801EBC43101F1100055
:102F2000314600F099FB05461848006800EBC430B4
:102F3000856017480078A0B11349098801F2E9318A
:102F400088B2012213490988F2F784F80E490988EA
:102F500001F2E93188B201220F490988F2F794F8A9
:102F600007E001200A49087001210A480088F1F7AA
:102F7000A7FF0020EFF7A2FB0348008800F2E9302A
:102F800006490860002070BD08040020F4030020FA
:102F90000A0400200C0400200E040020FA03002084
:102FA00070B5034615467BB3022B02D96FF00100C2
:102FB00070BD40F25350814202D36FF00200F7E738
:102FC0005B1E1348006800EBC330303001EB410654
:102FD00000EBC604002204E055F822002060241D06
:102FE000521C062AF8DB0B4850F83300884202D204
:102FF000084840F83310481E40F25356B04201D101
:103000000120D5E70020D3E7FFE74FF0FF30CFE7FF
:10301000F4030020E41E0020F0B50446022674B339
:10302000022C01D9301FF0BD40F6F970814202D365
:103030006FF00200F7E7581EC3B2641E1348006821
:1030400000EBC43000F1300501FB06F005EB800514
:1030500052F82300286002EB8300C06868600C48C7
:1030600050F83400401C0A4F47F83400384650F8F6
:10307000340040F6F977B84202D30120D3E701E0EB
:103080000020D0E74FF0FF30CDE70000F403002030
:10309000E41E002070B5C0B005460E4614467920E7
:1030A0008DF8040001208DF805000D20ADF8060014
:1030B00011480088ADF8080000208DF80A008DF84E
:1030C0000B008DF80C000D4830F81400ADF80D0021
:1030D0008DF80F600A4850F8240004908DF81350C2
:1030E0002246102101A8EFF7B1FE10B1012040B037
:1030F00070BD0020FBE70000E6010020BE010020BB
:10310000C80100202DE9F041C0B080460E461746A8
:103110001C467D208DF8040001208DF805000D204F
:10312000ADF806001B480088ADF8080000208DF8B7
:103130000A008DF80B008DF80C00174830F81400C9
:10314000ADF80D008DF80F808DF81070002512E09D
:10315000715D05F10D0001AA11541048005D715D0B
:1031600008440E4908550E48005D715D08440C493D
:103170000855681C85B2BD42EADB07F10D01224605
:1031800001A8EFF763FE18B1012040B0BDE8F0815F
:103190000020FAE7E6010020BE010020DC0100204B
:1031A000DD01002070B506461C480088441CB4F5BB
:1031B000805F00D30024E0B219490860E0B21949E9
:1031C0000860E0B2B0B94FF4781101EB0410E6F7F3
:1031D00079FE15480088A0420CD11348008800F5FC
:1031E00080701149088008460088B0F5805F01DBD7
:1031F00000200880094909884FF4781202EB011079
:1032000032461021E6F7BAFB054615B16FF0010012
:1032100070BD02490C800020FAE70000C0090020C0
:10322000D0090020D4090020C20900202DE9FF4F59
:103230008FB00D4616461C46DDF870B00A274FF0D9
:10324000FF3002900F98032870D1BBF1080F6DD2A8
:10325000DFE80BF00457AAF2AB6CF197D249206873
:103260000860CDBB0020D1490870D1480088216892
:10327000E6F75EF8CF4908600020CF490880CF49C3
:103280000880CC48006898B10120CD49C1F82300DE
:1032900001F123000168009100798DF8040043F2E8
:1032A000CF20019AE0F752FB002013B0BDE8F08F69
:1032B0006FF00100C249C1F8230001F12300016849
:1032C000009100798DF8040043F2CF20019AE0F7D5
:1032D0003DFB6FF00100E8E7FFE74FF0FF30B84932
:1032E000C1F8230001F123000168009100798DF8F5
:1032F000040043F2CF20019AE0F728FB4FF0FF30A3
:10330000D3E7A5B94FF0FF30AD49C1F8230001F173
:1033100023000168009100798DF8040043F2CF206A
:10332000019AE0F713FB4FF0FF30BEE738E1206869
:10333000B0F5006F02D94FF400602060681E9D490F
:1033400009684FF4006202FB0018324640462168CB
:10335000E6F714FA074697B16FF002009849C1F8F2
:10336000230001F123000168009100798DF8040029
:1033700043F2CF20019AE0F7E9FA384695E70020BA
:1033800093E78D48008870B18A4800688B490988A6
:103390004FF4807202FB01088A4A87480188404640
:1033A000E6F7ECF9074600BF00BF4FF0000A002027
:1033B0008349C1F8230028227E48016805A8DDF76B
:1033C000D2F906980390079804907F4903980968FA
:1033D000884232D8774803990068103000F03CF9F1
:1033E000029002990498884207D06FF00300744954
:1033F000C1F823006FF0090A26E00998B0F5FA5FDA
:1034000004D141F641710D98884206D06FF0040056
:103410006B49C1F823006FF00A0A6C490B980968E0
:10342000DFF75AFD80B16FF005006549C1F8230050
:103430006FF00B0A08E055E02AE06FF006006049E3
:10344000C1F823006FF00C0ABBF1020F0BD15C48EE
:1034500023300168009100798DF8040043F2CF20F9
:10346000019AE0F773FABAF1000F09D0192001238D
:103470005246009000200146EFF7B8FE504614E790
:1034800053490C98086001204849087000200CE757
:103490002DB94FF0FF304A49C1F8230005E7012D4F
:1034A00002D1FF20B070F0702068B0F5807F02D9A3
:1034B0004FF480702060681E3E4909684FF48072A6
:1034C00002FB0018324640462168E6F757F90746E6
:1034D00037B16FF002003A49C1F823003846E4E6FC
:1034E0000020E2E62068B0F5807F02D94FF48070BA
:1034F000206031480088C0F580702168884236D845
:103500002D480088C0F580701FFA80F92D492A4A9D
:10351000128888184A463146DDF725F925480068A3
:10352000264909884FF4807202FB0108234800886D
:10353000401C22490880234A4FF480714046E6F738
:103540001DF907462088A0EB09001B49088006EBFF
:103550000901194802881B48DDF705F9154800687C
:10356000164909884FF4807202FB01080EE01549E4
:10357000114B1B88C81831462268DDF7F4F8208803
:103580000D49098808440C490880002737B16FF0BD
:1035900002000B49C1F82300384686E6002084E685
:1035A0006FF0080081E600003004002028040020AD
:1035B0003C080020240400203404002036040020AD
:1035C000C8DC0020F41E00201404002000C0000805
:1035D0002C04002070B506461D480088401C84B2AB
:1035E000B4F5805F00DB002404F58070C11700EBA8
:1035F00011610912A0EB0121B1B94FF4741101EB73
:103600000410E6F75FFC13480088A0420CD1114873
:10361000008800F580700F49088008460088B0F5E2
:10362000805F01DB00200880094909884FF474128B
:1036300002EB011032461021E6F7A0F9054615B15C
:103640006FF0010070BD024804800020FAE700001E
:10365000E0090020E209002078B504460D464FF04D
:10366000FF300090002605E02078694601F034F92B
:10367000641C761CAE42F7D3009878BD03B4019861
:103680004100009850EAC12018BF04204A0D18BF1D
:1036900040F0010040F2FF72B2EB515F08BF40F012
:1036A0000200012808BF052002B07047014621F042
:1036B0000040C0F1FF40C00F70470000002817DB3A
:1036C00000F01F02012191400A4A430942F82310E9
:1036D00000BF00BF00BFBFF34F8F00BF00BF00BFE0
:1036E00000BF00BF00BFBFF36F8F00BF00BF00BFB0
:1036F0007047000080E100E002480068C0F302204B
:10370000704700000CED00E010B5002804DB0A074C
:10371000130E054A135406E00A07140E034A00F07C
:103720000F031B1FD45410BD00E400E018ED00E0AF
:1037300070B59B482DED020B2DED068B079D25F0F6
:103740000044A04218DC9748844202DC0AD1069863
:1037500040B19DED060BBDEC068B02B0BDE870409C
:1037600001F036B8002DCCBF9FED8F0B9FED900B75
:10377000BDEC068B02B070BD8F48A04215DD8F48AE
:10378000A042D8BF4FF0FF3458DD9DED060B51EC41
:10379000100BFFF773FF042808BF01F035F89DED0B
:1037A000060BBDEC068B02B070BD9DED060B51EC17
:1037B000100B01F01BFECDE9060181489FED828BC5
:1037C000A0423CDD8248A0421FDD00249FED82AB79
:1037D0009DED060B53EC1A2B51EC100B07F0A4F9DE
:1037E0009DED060B41EC190B53EC1A2B51EC100B11
:1037F00007F0B0FC53EC182B07F0B8FE53EC192B74
:1038000007F046FACDE9060149E09DED060B0124DB
:1038100053EC182B51EC100B07F086F99DED060BBD
:1038200041EC190B53EC182B51EC100B07F09EFEDA
:1038300053EC192B07F02CFACDE906012FE068486C
:10384000A0421FDD02249FED689B9DED060B53EC0B
:10385000192B51EC100B07F07DFC53EC182B07F0E3
:1038600063F99DED060B41EC180B53EC192B51EC51
:10387000100B07F07BFE53EC182B07F009FACDE98B
:1038800006010CE09DED060B032453EC102B9FED7D
:10389000580B51EC100B07F0FBF9CDE906019DED3B
:1038A000060B53EC102B51EC100B07F053FC41ECC2
:1038B000180B53EC182B07F04DFC41EC190B4E483C
:1038C0000621B0EE490AF0EE690A784400F0C4FC23
:1038D00053EC182B51EC100B07F03CFC41EC180B8F
:1038E0004648B0EE490AF0EE690A0521784400F036
:1038F000B3FC53EC192B51EC100B07F02BFC41ECF3
:10390000100B51EC180B53EC102B002C0EDA07F0B7
:103910000BF99DED061B53EC112B07F01BFC9DEDE5
:10392000061B53EC112B07F049FD35E007F0FCF8BE
:103930009DED061B53EC112B07F00CFC41EC100B1A
:103940002F48784400EBC40090ED001B51EC100BA5
:1039500053EC112B07F00AFE9DED061B53EC112BC7
:1039600007F004FE41EC100B2648784400EBC4003D
:1039700090ED001B51EC100B53EC112B07F01EFDCA
:1039800041EC100B002DA2BFBDEC068B02B070BD48
:1039900051EC100B07F08AF841EC100B01E7000026
:1039A000000010440000F07F182D4454FB21F93F23
:1039B000182D4454FB21F9BF0000DC3F0000203EDD
:1039C0000000F33F00000000000000000000F03F96
:1039D0000000E63F00000000000000000000004082
:1039E0000080034000000000000000000000F83FDD
:1039F000000000000000F0BF72A7000028A7000030
:103A0000B2A600006AA6000010B52F499FED2C1B3E
:103A10002DED020B84B0059820F000408842D8BFFD
:103A20009DED040B2DDD2949884209D1049840B948
:103A30004FF00100DDF744F800F0D6FE06B010BDEF
:103A400005DB9DED040B00F0C3FE06B010BD68461B
:103A50009DED040B00F02CF910F0030004BF9DED68
:103A6000021B9DED000B0CD001280ED09DED021B1A
:103A70009DED000B022817D0012000F069FC06B074
:103A800010BD00F031FB06B010BD9DED021B9DED99
:103A9000000B012000F05CFC51EC100B07F006F865
:103AA00006B041EC100B10BD00F01EFB51EC100BEA
:103AB00006F0FCFF06B041EC100B10BD000000004A
:103AC0000000000000000000FB21E93F0000F07F43
:103AD0002DED020B019820F0004001909DED000BB0
:103AE00002B070470000000010B52F499FED2C1B5D
:103AF0002DED020B84B0059820F000408842DCBF19
:103B000000209DED040B32DD2849884209D104983C
:103B100040B94FF00100DCF7D3FF00F065FE06B0BE
:103B200010BD05DB9DED040B00F052FE06B010BD8C
:103B300068469DED040B00F0BBF810F0030011D0B7
:103B4000012818D09DED021B9DED000B02281AD014
:103B500000F0CAFA51EC100B06F0A8FF06B041ECD9
:103B6000100B10BD9DED021B9DED000B012000F020
:103B7000EFFB06B010BD9DED021B9DED000B00F0AC
:103B8000B3FA06B010BD012000F0E2FB51EC100BBF
:103B900006F08CFF06B041EC100B10BD00000000D9
:103BA0000000000000000000FB21E93F0000F07F62
:103BB00000B52DED048BB0EE409AF0EE609A83B024
:103BC00051EC190B07F006FC41EC180B18EE100A2B
:103BD00018EE901A8DED008B002818BF01200843C5
:103BE00020F00040C0F17F6000F1E040C00F14D031
:103BF00019EE101A19EE900A8DED009B002918BFDE
:103C00000121084320F00040C0F17F6000F1E04056
:103C1000C00F04BF0120DCF753FFB0EE480A03B029
:103C2000F0EE680ABDEC048B00BD0000000000004F
:103C300010B51D499FED1A1B2DED020B84B00598A0
:103C400020F000408842DCBF01209DED040B21DD07
:103C50001649884209D1049840B94FF00100DCF7B9
:103C60002FFF00F0C1FD06B010BD05DB9DED040B7C
:103C700000F0AEFD06B010BD68469DED040B00F0EF
:103C800017F800F001000121A1EB40009DED021B9F
:103C90009DED000B00F0F4FB06B010BD000000002D
:103CA0000000000000000000FB21E93F0000F07F61
:103CB0002DE9F14F04462DED020B2DED088B8AB056
:103CC0009FEDE70B80ED020B139EE74826F00045C1
:103CD00085420ADC9DED120B002084ED000B0AB03A
:103CE000BDEC088B03B0BDE8F08FE0489FEDE0AB82
:103CF0009FEDE1BBA84247DDE14F9FEDE39B9FEDC8
:103D0000E48B9DED120B53EC1A2B51EC100B002E93
:103D10001CDD07F02BFC41EC100BBD4208D053EC2E
:103D20001B2B51EC100B07F021FCC4E900010BE048
:103D300053EC192B51EC100B07F018FC53EC182B1B
:103D400007F014FCC4E900010120C8E706F0ECFE0E
:103D500041EC100BBD4208D053EC1B2B51EC100B67
:103D600006F0E2FEC4E900010BE053EC192B51EC24
:103D7000100B06F0D9FE53EC182B06F0D5FEC4E963
:103D800000014FF0FF30AAE7C348A84279DB9DED60
:103D9000120B51EC100B01F029FB41EC180B9FEDBD
:103DA000C00B53EC102B07F0D5F99FEDBF1B53EC64
:103DB000112B06F0B9FE07F0C3F8074607F01DF90E
:103DC00041EC190B53EC1A2B07F0C4F953EC182BE8
:103DD00007F0F4FA41EC180B53EC1B2B51EC190BC8
:103DE00007F0B8F9DFF8C8A241EC100B4FEA1558FC
:103DF0000125FA4453EC102B51EC180B07F0B6FBDD
:103E0000032DC4E900013DD0C1F30A5005EB451173
:103E1000A8EB00001139814234DA0AEB051BB0EE41
:103E200048AA9BED000BF0EE68AA53EC102B51EC66
:103E3000190B07F08FF941EC1B0B51EC1A0B53ECEB
:103E40001B2B07F093FB41EC180B51EC1A0B53ECB6
:103E5000182B07F08BFB53EC1B2B07F087FB9BED1C
:103E6000020B41EC1A0B53EC102B51EC190B07F021
:103E700071F953EC1A2B07F079FB41EC100B6D1C18
:103E8000B8E70EE0002EA8BF3846BFF628AF94ED85
:103E9000000B51EC100B06F009FEC4E9000178425A
:103EA0001DE7C6F3130040F4801EC6F30A50A0F2CB
:103EB000F530471100F01F05C5F12000DDF848B0CE
:103EC00008900020069007900520EC467949002DC7
:103ED00007EB0002794408BF51F8221009D051F8CD
:103EE000223001EB8201AB404A68089922FA01F1C5
:103EF0001943A1FB0E26A1FB0B131A449A4234BFAF
:103F00000123002303EB06080CEB8003D3E901A691
:103F10000E448E4234BF0121002192448A4411B1E3
:103F2000924502D903E0924501D2012100E000212F
:103F3000C3E901A641444CF82010011EA0F1010084
:103F4000C4DC029800F10050850F0298DDE9036798
:103F50008000DDF8148007F050F841EC1A0B304671
:103F600007F062F89FED541B53EC112B07F0F2F8A9
:103F700041EC1B0B384607F057F89FED511B53ECF3
:103F8000112B07F0E7F841EC180B404607F04CF80E
:103F90009FED4D1B53EC112B07F0DCF841EC190B96
:103FA00051EC180B53EC192B06F0BEFD53EC1B2BF8
:103FB00006F0BAFD53EC1A2B06F0B6FDCDE9080168
:103FC000002008909DED080B53EC1A2B51EC100BC0
:103FD00007F0CCFA53EC1B2B07F0C8FA53EC182B64
:103FE00007F0C4FA53EC192B07F0E8F99FED381BE2
:103FF00053EC112B07F0AEF89FED370B41EC180B8B
:1040000053EC102B9DED080B51EC100B07F0A2F8B0
:1040100053EC182B06F088FD9FED310B41EC180B8B
:1040200053EC102B9DED080B51EC100B07F092F8A0
:1040300053EC182B06F078FD41EC100B139810F0A0
:10404000004F06D06D4251EC100B06F02FFD41ECF5
:10405000100B284684ED000B41E600000000000034
:104060000000000000000000FB21E93F7CD9024075
:1040700000004054FB21F93F3163621A61B4D03D26
:10408000FB21F93F000000000000601A61B4D03D40
:104090007370032E8A19A33BFB21394100000000F5
:1040A00083C8C96D305FE43F000000000000E03FBE
:1040B000BAA2000008A20000000000000000103EAC
:1040C000000000000000103C000000000000103A5A
:1040D000182D4454FB21F93D3326A611460B113C03
:1040E00000000054FB21F93D10B52DED040B2DED22
:1040F000088B82B0B0EE419AF0EE619A0B9820F0F6
:1041000000449FED4BABB4F1795F11DA9DED0A0BE2
:1041100051EC100B06F014FF002801BFB0EE4A0A64
:10412000F0EE6A0A02B0BDEC088B04BF04B010BD0B
:104130009DED0A0B53EC102B51EC100B07F00AF815
:1041400041EC180B3C480621B0EE480AF0EE680A34
:10415000784400F081F853EC182B51EC100B06F06A
:10416000F9FF9DED0A0B41EC1B0B53EC192B51ECA5
:10417000100B06F0EFFF41EC190B53EC1B2B51EC2D
:10418000180B06F0E7FF53EC192B07F0EFF99FED42
:104190002C0B41EC190B53EC102B51EC180B06F0C7
:1041A000D9FF41EC100B2848844210DA53EC192B4C
:1041B00051EC100B07F0DAF953EC1A2B07F0FEF86C
:1041C00041EC100B02B0BDEC088B04B010BD1F48D1
:1041D000A042BCBF9FED1E1B8DED001B06DBA4F5AE
:1041E00000100190002000909DED001B51EC100B81
:1041F00053EC112B07F0BAF99DED000B41EC180BB5
:1042000053EC102B51EC1A0B07F0B0F941EC1A0BE0
:1042100053EC192B51EC180B07F0A8F953EC1A2B9F
:1042200007F0CCF841EC100BCCE7000000000000D8
:10423000000000000000F03F2C9F00000000000084
:10424000000000000000E03F3333D33F0000E93FAF
:10425000000000000000D23F70B504462DED028B37
:104260004D1E00EBC500B0EE408AF0EE608A90ED86
:10427000000B35F0060017D053EC182B51EC100B47
:1042800006F068FF41EC100B6D1E04EBC50090EDCD
:10429000001B51EC100B53EC112B06F045FC41ECCC
:1042A000100B35F00600E7D1022D36D0042D1CD0BE
:1042B000062D1CBFBDEC028B70BD53EC182B51ECCE
:1042C000100B06F047FF94ED0A1B53EC112B06F080
:1042D0002BFC53EC182B06F03DFF94ED081B53EC20
:1042E000112B06F021FC41EC100B53EC182B51EC78
:1042F000100B06F02FFF94ED061B53EC112B06F06C
:1043000013FC53EC182B06F025FF94ED040B53EC33
:10431000102B06F009FC41EC100B53EC182B51EC60
:10432000100B06F017FF94ED021B53EC112B06F057
:10433000FBFB53EC182B06F00DFF94ED001B53EC28
:10434000112B06F0F1FBBDEC028B41EC100B70BDA4
:1043500031B504462DED040B2DED0A8BB0EE41BABC
:10436000F0EE61BA0B989DED0A0B20F00040B0F121
:10437000795F0DDA51EC100BFFF780F9042808BFC4
:1043800000F042FA9DED0A0BBDEC0A8B05B030BD82
:1043900053EC102B51EC100B06F0DCFE41EC180B2B
:1043A0009DED0A0B53EC182B51EC100B06F0D2FECE
:1043B00041EC190B2C48B0EE480AF0EE680A0521D2
:1043C0007844FFF749FF9FED2ACBB0EE40AAF0EE0C
:1043D00060AA9CB353EC1C2B51EC190B06F0BAFEEF
:1043E00041EC1C0B53EC1A2B51EC190B06F0B2FEEE
:1043F0009FED210B41EC190B53EC102B51EC1B0BD7
:1044000006F0A8FE53EC192B07F0B0F853EC182B6C
:1044100006F0A0FE53EC1B2B07F0A8F853EC1C2B66
:1044200007F0A4F89DED0A1B53EC112B06F0C6FF14
:10443000BDEC0A8B05B041EC100B30BDFFE753EC2F
:104440001A2B51EC180B06F085FE53EC1C2B06F0D2
:104450006BFB53EC192B06F07DFE9DED0A1B53EC14
:10446000112B06F061FBE3E7B49D000000000000A3
:10447000495555555555C5BF000000000000E03FA7
:10448000F1B506462DED040BBD482DED0C8B8AB021
:10449000B0EE418AF0EE618A179D25F000449FED51
:1044A000BABB9FEDBBCB844208DA9DED160B51ECF5
:1044B000100B06F045FD002800F0E980B64FA7423A
:1044C00031DC002D0DDA9DED160B51EC100B06F0D2
:1044D000EDFACDE9160151EC180B06F0E7FA41ECC4
:1044E000180B9FEDAF0B53EC102B9DED160B51EC01
:1044F000100B06F063FF53EC182B9FEDAB0BCDE9CF
:10450000040151EC100B07F031F841EC100B53ECA7
:10451000102B9DED040B51EC100B06F005FB9FEDED
:10452000A48BCDE916019DED160B53EC102B51EC2D
:10453000100B06F00FFECDE904019DED040B53ECCA
:10454000102B51EC100B06F005FE41EC190B9A48AC
:104550000621B0EE490AF0EE690A7844FFF77CFEC6
:104560009648B0EE40DAF0EE60DAB0EE490AF0EECE
:10457000690A06217844FFF76FFE9DED041B51EC9C
:10458000100B53EC112B06F0E5FD9DED040B41ECF7
:104590001A0B53EC102B9DED160B51EC100B06F083
:1045A000D9FD41EC190B53EC1A2B51EC1D0B06F005
:1045B000BBFA53EC192B06F0CDFD53EC182B06F08B
:1045C000B3FA9DED041B53EC112B06F0C3FD53EC25
:1045D000182B06F0A9FA41EC180B9FED790B51EC62
:1045E000190B53EC102B06F0B5FD53EC182B06F00D
:1045F0009BFA41EC190B9DED160B53EC192B51EC6A
:10460000100B06F091FA41EC180BA74269DC30461A
:1046100006F0F3FC41EC1A0B51EC180B53EC1A2B7F
:1046200006F082FA41EC1B0B53EC182B51EC180BE3
:1046300006F090FD53EC1B2B06F02AFB53EC192BD4
:1046400006F094FF9DED161B53EC112B06F0B6FE01
:104650009FED5D1B53EC112B06F07CFD53EC1A2BE8
:1046600006F0ACFE41EC180B022000EAA570C0F188
:10467000010006F0C2FC53EC182B06F06BFD00BFE6
:1046800041EC100B0AB0BDEC0C8B05B0F0BD711CF9
:104690001698214308430CD09DED160B012E1CBF2C
:1046A00053EC102B51EC1C0B10D000BF06F0F0FAAD
:1046B000E6E79DED160B51EC100B00F097FE41EC78
:1046C000100B51EC1B0B53EC102BEFE751EC100BC4
:1046D000FEF7D4FF042808BF00F096F89DED160BF6
:1046E000D0E7012E04BFB0EE480AF0EE680AC9D048
:1046F0008DED048B002404949DED040B53EC102BE2
:104700009DED160B51EC100B06F058FE53EC192BD7
:1047100006F054FE41EC190B53EC182B51EC1C0B1A
:1047200006F0B6FA41EC180B8DED008B00949DED70
:10473000040B53EC102B9DED000B51EC100B06F00D
:1047400009FD53EC1B2B06F0EFF99DED000B41EC3E
:104750001A0B53EC192B51EC100B06F0FBFC53EC2D
:104760001A2B06F0E1F953EC182B06F0F3FC9DED43
:10477000001B53EC112B06F0D7F981E70000000075
:104780000000303E00000000000000000000F03F8C
:10479000000000000000F0BF2894E53F000000008A
:1047A000182D4454FB21E93F075C143326A6813CB5
:1047B0000000000000000000429C0000589C000027
:1047C000635555555555D53F000000000000004089
:1047D00010B553EC102B51EC100B06F0A5F941EC81
:1047E000100B10BD000000009FED050B10B553EC41
:1047F000102B51EC100B06F04BFA41EC100B10BDD6
:1048000000000000000000009FED050B10B553EC08
:10481000102B51EC100B06F09DFC41EC100B10BD61
:104820000000000000000010074810B5007848B1F3
:1048300004F03CFF30B1054900EB400001EB4010B3
:10484000603810BD024810BD690C0020A03701205F
:10485000589E012010B5002A06DA22F00042D21D2F
:1048600022F00703102203E0D21C22F003030C22E3
:1048700013B19C188C4201D9012010BD024401449F
:104880008360C0E90021C91AD018884202D810609C
:104890000246F9E70020106010BD000005490978C4
:1048A000002905D000684FF6FF71DFF80CC000DF6B
:1048B00070470000690C0020418E03080449097804
:1048C000002903D00068DFF80CC000DF704700004B
:1048D000690C0020698D03080A784240034B53F8A5
:1048E00022200B6882EA13220A60704790C90308ED
:1048F0002DE9F04117468846044602F06FFC6FF040
:104900000106002C4ADD2A480179A14246DB04EB6E
:104910004401006801EBC4016FF02B0202EB81013E
:1049200045182878072839D1E878012836D1286A2F
:1049300008B1741F36E0284600F076FF04000ED15F
:10494000A878C00701D0241F2CE00321284600F0DE
:1049500042FBC1071BD0284600F066FF0446A97839
:10496000A07801F0390120F039000843A070287FB9
:104970002077687F6077E88AE082204605F004F8B7
:10498000221D3946404600F015F8A47F0AE0810751
:1049900002D56FF0050405E0800601D5344601E03C
:1049A0004FF0FF3402F02AFC2046BDE8F081000001
:1049B0008CDC0308002811D000290FD01388002BAD
:1049C0000CD10B68102B09DB10230B600121018037
:1049D000518809BA090C41805168416070470A88C2
:1049E000012A07D1002202804A8812BA120C4280A2
:1049F0004968416070470000F0B5244B07461C46EB
:104A0000186924690122806996460146267F03E0E1
:104A1000047854B10E30521C9642F9DA1A6900201B
:104A20000123527F0C46154611E080F800E04770E4
:104A30001046F0BD94F801C0BCF1010F05D194F807
:104A400003C0AC4501D8654618465B1C0E349E4237
:104A5000F0DA80B901230C4609E06578022D04D113
:104A6000E578954201D82A4618465B1C0E349E42D2
:104A7000F3DA0028DDD0C0EBC0026FF00D0303EBCA
:104A80004202114481F800E04F70F0BD40DC0308A1
:104A900001787F2913D00E22B2EB111F0FD00068CE
:104AA00000BA60B1411C0AD008490A680968526816
:104AB000896813BA09BA80EA03020A4201D00020C9
:104AC00070470843401CFBD00120704758DC0308A6
:104AD00010B50E4C2078C00703D0608810B1401E7E
:104AE000608010BD607850B1401E607009200022C7
:104AF0006080211DBDE81040104600F08FB8E168CD
:104B0000012088470020207010BD0000A09D0120DA
:104B1000F0B51E4B0022012519691C690926896917
:104B2000247F2FE00F78012F2AD9C78896FA86FCB8
:104B3000B7EB1C4F0DD18768D1F808C067451FD16E
:104B40008789B1F80CC067451AD1D0F80E004860CB
:104B500009E0D0F80E70D1F804C0674510D1826822
:104B60008A60808988814878022800D14D70186950
:104B7000407FC8701869807F887003200870F0BD7E
:104B80000E31521C9442CDDCF0BD000040DC030825
:104B900070B505460E462A2002F0C8F90446A868FA
:104BA00060601C4AA889208191680868C4F80A00DE
:104BB0008888E08140F6060000BA000C20820120BF
:104BC00000BA000C60824FF4006000BA000CA082B2
:104BD0000620A0750420E07530BA000C2083A86878
:104BE0006062A8892085D5F80E00C4F82A00916873
:104BF0000868C4F81A008888E0830748006840689D
:104C00002062204601F080FD2046BDE8704002F0A1
:104C1000E1B9000040DC030858DC03082DE9F0414D
:104C2000054616460F462A2002F080F9044626481B
:104C30000121002D01D02A4600E0244A1368636058
:104C40009288228182681368C4F80A309288E281CF
:104C500040F6060212BA4FEA124222820ABA4FEA1C
:104C6000124262824FF4006212BA4FEA1242A282EA
:104C70004FF00602A2754FF00402E27502D000BFA9
:104C80004FF0080109BA4FEA114121838068016899
:104C9000C4F81A108088E08300D10D4D2868606246
:104CA000A888208506B90A4E3068206207B9084FE7
:104CB0003868C4F82A00204601F026FD2046BDE8E9
:104CC000F04102F087B9000040DC03087FDF0308F1
:104CD000C0DF03082DE9F04104464FF47A40B4FBED
:104CE000F0F6B4FBF0F100FB1147002507E04FF4AC
:104CF0007A4005F0ABFE08B1BDE8F0816D1CB5420D
:104D0000F5DB384605F0A2FE00BFF5E72DE9F041DE
:104D100090460E46044602F061FA6FF00107002C3F
:104D200017DD224D2879A04213DB4146304600F0C2
:104D3000CEFC6FF00202F8B104EB440101EBC401B8
:104D40006FF02B03286803EB8101441820780128B9
:104D500001D03C4625E0708800BA030C0021286889
:104D60000EE00778022F09D3C7899F4206D1C77882
:104D700094F803C0674501D1144612E02C30491C59
:104D80002F798F42EDDC314604F10C00FFF727FE4E
:104D900002202070E078022802D1204600F010F9AD
:104DA000002402F02BFA2046BDE8F0818CDC0308D9
:104DB0002DE9F047884699461746C0B20121089D63
:104DC00000F0E8F8041E47D00026B8F1060F42D2E2
:104DD000DFE808F00313080844463946201D00F0B8
:104DE000E9FF38E06660A660A078800701D503205F
:104DF00000E00120207002212AE005202070A07828
:104E0000800724D52675224D617D6FF02B0601EBBE
:104E1000410202EBC101286805E000BF01EB41023D
:104E2000286802EBC10106EB81010844017D0029DD
:104E3000F4D1A17F0175204603F096FB617D2868BF
:104E400001EB410202EBC10106EB81014418012193
:104E5000204600F05BF80120BDE8F0870421F7E769
:104E600005F18040001D02F061F807000DD0BD8003
:104E7000FE802A46494607F10800DBF774FC3946F4
:104E8000204603F065FB0821E2E74FF0FF30E3E73F
:104E90008CDC03082DE9F04788461F469146C0B2D6
:104EA000022100F077F8061E2CD0B078400605D518
:104EB0004146301D00F06FFF002823D0B8F80000F5
:104EC000142500B90825E81900F18040001D02F002
:104ED0002DF8040018D0A780E58004F108004146B1
:104EE000054600F067FFE0883A4628444946DBF76C
:104EF0003AFC2146304603F02BFB0821304600F0F7
:104F000005F80120BDE8F0870020FBE770B50446F6
:104F1000807E0D46284204D0A57604F1200001F0E1
:104F2000BAF9E07E284204D0E57604F1240001F0CD
:104F3000B2F9A07F294601F0ADF970BD10B5044665
:104F4000407848B1E17802291DD002F06DF960780F
:104F500002F022FD00206070204603F005FB206A6D
:104F600018B120212046FFF7D1FF606A18B1202137
:104F70002046FFF7CBFF2C212046DBF795FC2020B5
:104F8000A076E07610BD02F02BFF607803F006F803
:104F9000E0E7000030B5094C03460122206807E035
:104FA00045789D4202D1C5788D4205D02C30521CE7
:104FB00025799542F4DA002030BD00008CDC03082E
:104FC00081784A0706D441F004018170C189407894
:104FD00002F052BF704710B5044641F02000410670
:104FE00006D5E07604F1240001F0AAF9E07E10BDB8
:104FF000A07604F1200001F0A3F9A07E10BD00000E
:105000002DE9F041044602F0E9F8002C03DD354EAD
:105010003079A04202DA6FF001045DE004EB440154
:1050200001EBC4016FF02B02306802EB81014418E0
:105030002078C0B3062812D0E178022912D00728C0
:1050400016D0607802F03EF9607802F0F7F9022895
:1050500035DDA078C00727D06FF003043CE06FF087
:10506000060439E02046FFF769FF34E0FFF766FFEA
:10507000204600F0D9FB0028F8D10127804635688A
:105080000DE0687DA17F884207D185F815802878DA
:10509000032802D12846FFF751FF2C357F1C3079B9
:1050A000B842EEDADEE716E0062020700221204644
:1050B000FFF791FF800702D44FF0FF340CE0A07897
:1050C0008007CFD5607D0028CCD003202070E189F7
:1050D000607802F0C9F9002402F090F82046BDE89B
:1050E000F08100008CDC030880EA0160074A082197
:1050F00000284FEA400000DA504000284FEA400004
:1051000000DA5040891EF3D170470000B71DC1047A
:1051100091FAA1F35840082208E000F000431BB1C7
:105120004000044B584000E04000521E002AF4D1D9
:1051300070470000B71DC1042DE9F04104460D463B
:105140004FF0FF362F4606E014F8011B3046FFF7FC
:10515000DFFF06467F1E002FF6D1F043BDE8F08149
:1051600001460F48007880EA010202F0010088B190
:105170000C480088401C80B20A4B18800A4B1B88E0
:1051800098420AD10648007880F00100044B18705C
:10519000012070470020034B18800020F9E7000031
:1051A0004E0B00204C0B00204A0B002008480068E2
:1051B000C0010BD507480068C00707D005488038F4
:1051C0000068002802DA04490120087070470000D6
:1051D000FCED00E0800E00E0D80C00204FF06042B3
:1051E000D36F002BFCD0036BD367D36F002BFCD0A5
:1051F000C07840EA0120A2F87C0070474FF060417F
:10520000CA6F002AFCD081F87C00704738B52D4D5C
:105210006868806980472C4C217A814251D0207285
:1052200001280ED028680021826B0320904728684F
:105230000021826B0220904728680321826B0420A2
:105240003CE06868C0698047009960F30101009103
:105250000099820862F382010091C108009861F30D
:10526000DF0000900098C0F38001009861F39F0078
:10527000607200980099C0F3800060F39F0160782D
:1052800008B141F08001114841F25552408A104264
:1052900001D041F0200142F6AA22104201D041F093
:1052A00040012868826B0120904728680121826BA9
:1052B0000320904728680121826B0220904701203B
:1052C000E07138BD40DC03080C9D0120F49D0120F5
:1052D0000148006902F038BF0C9D012001220270D4
:1052E000002242705E2282704A7802F07F02C27011
:1052F0008A780271C97841717047002806D04FF44E
:10530000107240F2DC51904201D210467047884240
:10531000FCD9084670470000C00704D002480121AC
:10532000C06802F019BF70470C9D01200949072889
:1053300049780DD2DFE800F00409060606060600EB
:105340000620704721B10420704709B10220704740
:10535000002070470C9D01202DE9F0411E4D1F4C8F
:1053600020E000BFA6F10E0040F2DD5188422BD2B2
:1053700020796179401AC0B2202825D246F0004039
:1053800001F0D4FD07001FD028683146426A381D5D
:105390009047207900F01F0004EB800047612079DE
:1053A000401C20712868806A80470600DAD1207985
:1053B000617988420ED02078800701D50220A07242
:1053C000BDE8F04101F020BF28680021426A08468C
:1053D0009047E7E7BDE8F08140DC03080C9D012021
:1053E0000148006902F0B4BE0C9D012082B0CDE9F5
:1053F000000121F0004001909DED000B02B051EC46
:10540000100B704710B5184801684068174AC2E988
:1054100000100120164908701649174800F00AFCD0
:105420001649086018B901201549086002E00020FB
:105430001349086000201349086012E00C48007806
:1054400000B90FE00F48006842F21071884200D99D
:1054500008E0012002F0A8FE0A480068401C094943
:105460000860EBE700BF10BD1002002058020020CA
:105470004902002031A70308080200207002002022
:10548000500200204C020020002020E04FF000429B
:10549000134B03EB40131A604FF48C42104B03EB99
:1054A00040135A6000EB40020E4B03EB42220C4BC0
:1054B00003EB40139A60411C042900D10021084AE3
:1054C00002EB4112064B03EB4013DA60401C042848
:1054D000DCD3034A044BDA600022044B9A71704714
:1054E00018400120D8400120009002400C400120CB
:1054F000002019E0114A124B03EB40131A6000EB35
:105500004002104B03EB42220D4B03EB40139A6019
:10551000411C022900D10021094A02EB4112084B2B
:1055200003EB4013DA60401C0228E3D3044A064B25
:105530001A610022054B5A717047000000001030BC
:1055400098400120D8580120009002400C400120D2
:105550002DE9F04116460D46074601F03FFE6FF07B
:105560000104002F3CDD2A480179B94238DB9EB1A5
:1055700007EB4701006801EBC7016FF02B0202EB5C
:1055800081010844017859B3012D0BD0022D06D0BA
:10559000032D04D0042D02D06FF0020420E0C17866
:1055A00001291DD13268012D06D0022D0DD0032D09
:1055B0001BD0042D13D121E0817821F001018170ED
:1055C0006AB141F00101817009E0817821F00801A0
:1055D000817012B141F0080118E004F0D5F90024FF
:1055E00001F00CFE2046BDE8F0818178002A21F010
:1055F00010018170F1D041F0100107E08178002A9C
:1056000021F020018170E8D041F020018170E4E7B1
:105610008CDC030801780907890E01F0D7BA000075
:1056200028B1012803D0022801D000207047024988
:1056300051F820000088704758DC030870B5044614
:1056400000787F280AD0194E194D707CC00716D0FB
:105650002046296800F092FB78B908E015492068D7
:105660000968884201D1032070BD042070BD114932
:105670002068091F0968884201D1002070BDB07CF4
:10568000C00706D02046696800F078FB08B1012009
:1056900070BDF07CC00706D02046A96800F06EFB04
:1056A00008B1022070BD0448C07970BDF8DB030862
:1056B00058DC0308BCDF0308DC0C0020018801294A
:1056C00003D1406808B100207047012070470028CE
:1056D00007D00288012A05D1102903DB408808B1D0
:1056E00001207047002070470EB5802200B109B13B
:1056F00010460AE001780129FAD101A900F05AF810
:10570000042801D0002000E01020DDE9011203B0E0
:1057100000BD70B50D46040003D012B920780128F1
:1057200001D0802070BD204603F010FA28B1294630
:10573000204600F06AF8002070BD812070BD10B5D1
:1057400003F082F910B10178022901D0802010BD48
:105750004188A1F57F42FF3A03D000F05DF80020B8
:1057600010BD812010BD70B50C4603F005FE4FF052
:10577000004108B1220C01D0084670BD058BC178EC
:10578000A0B200F003F8284670BD00000A460146AA
:10579000074810B500EB820050F8040C002805D033
:1057A00003F0D8FBBDE8104003F0C4BB10BD0000FF
:1057B0002C37012010B504468089002824D0608948
:1057C00004EB800000690860606840B160780228DE
:1057D00005D10021204603F0BDFB03F0ABFB04F133
:1057E0000C0000BFD0E85F1F491E8AB2C0E8512FED
:1057F0000029F7D16089401C80B26081E18988422C
:1058000001D100206081042010BD10B503F0A2FB7F
:10581000BDE8104003F08EBB10B5002103F09AFBE9
:10582000BDE8104003F086BB014600200A7D002A37
:105830000CD0074802EB420303EBC20200686FF092
:105840002B0303EB82021044027D0A7570470000AF
:105850008CDC03082DE9F0470F46054601F0BEFC3D
:105860006FF00104002D5FDDDFF8CC8098F80400B4
:10587000A84259DB002F03DD30480079B84202DA34
:105880006FF0020450E005EB450101EBC5016FF03C
:105890002B02D8F8000002EB810145182878022875
:1058A00042D1E87801283FD1687802F075F80720E6
:1058B0002870A8784FF0000940F00200A87085F821
:1058C00001900126D8F8004028E0217821BB012171
:1058D000E17084F81C9084F81D90B8F80600E0820E
:1058E00003202070A67705F10C0104F10C0000F0F4
:1058F00061FAA07840F00200A070A87F607510489F
:1059000001F078FD002800DA0020C0B26070E18963
:1059100001F0AAFD7F1E0CD02C34761C98F80410E0
:10592000B142D2DA4FF0FF3401F068FC2046BDE806
:10593000F0870024F8E700008CDC030878DC03081B
:10594000B14D030870B5194C194DF3F7EFF819482C
:1059500000684FF47A71B0FBF1F0174908604FF41A
:105960004070ECF75FFD221529462046DAF7FBFE72
:1059700021466803ECF760FDE5F7B6FCDEF730F88A
:1059800002F014FD0D49086003210C48006802F084
:1059900025FDE7F709F96FF001010848006802F0FA
:1059A0001DFDE9F7FDFD002070BD000000FE012097
:1059B0000000010868DA0308000000200800002049
:1059C0000148C06802F0CCBB449E01200148C06879
:1059D00002F0E8BB449E0120124F134D134E4FF0CE
:1059E000FF394FF000084946012002F0B7FB00BF25
:1059F00004F0D2FB0121786802F0ACFB01F0EEFB71
:105A00002C1D02E000B1804708342068411CF9D108
:105A100001F0F4FB86F80C80B07B0028E3D002F0A4
:105A2000B5FBE5E79C0C00209CDC0308F49D0120FD
:105A3000704770470D4C19200025A072A17A0120F3
:105A400002F08CFBA07A192801D2401CA072FFF74B
:105A50003FFCFFF781FCA07928B1A5712078C00731
:105A600001D0FFF7D3FBFFF7BBFCE7E70C9D01205C
:105A70002DE9F0411D4616460F46044601F0AEFBE7
:105A800024F0FF00B0F5807F06D0B0F5007F0AD08B
:105A9000B0F5407F13D10FE0E0B22B4632463946D5
:105AA00000F070FC16E014F0FF0F08D12A463146D2
:105AB000384601F039FB0DE014F0FF0F05D0032448
:105AC00001F09CFB2046BDE8F0812A46314638466D
:105AD00001F03EFB0446F3E72DE9F0411D46164672
:105AE0000F46044601F07AFB24F0FF00B0F5807FFA
:105AF00006D0B0F5007F0AD0B0F5407F13D10FE09B
:105B0000E0B22B463246394600F06AFE16E014F049
:105B1000FF0F08D12A463146384601F009FB0DE057
:105B200014F0FF0F05D0032401F068FB2046BDE808
:105B3000F0812A463146384601F00EFB0446F3E771
:105B400070B5002002F010FB174D286001F046FBF5
:105B5000DAF7A4FB01F074FA20211448DAF7A4FE66
:105B60001348144CC1681148C1610121016002E071
:105B700000B1804708342068411CF9D102F0FEFAD8
:105B8000686010B9032001F027FB02F001FB04005C
:105B900002D1032001F020FB6421204602F000FB2B
:105BA00001F02CFB002070BD9C0C0020F49D012016
:105BB000F8DB03089CDC030870B50D4606001CD01A
:105BC000DDB10020044613E0A1F13002092A05D915
:105BD000313A052A02D92032052A03D8401C02286E
:105BE0000BDC04E0022808DB2D2906D10020641C10
:105BF000315D0029E8D1112C01D0002070BD6B1C53
:105C00002A4609A13046DAF7B5FCEB1CAA1C06A10E
:105C1000B01DDAF7AFFC6B1D2A1D03A106F10C00C5
:105C2000DAF7A8FC012070BD256868782D25686822
:105C3000780000002DE9F0410D46064601F0CEFA4D
:105C40000EB1308890BB314C4FF0000704F10A01CF
:105C5000A078C2072E482AD0227812B1022A29D170
:105C60001EE01DB3256166B13146A01D00F0A2F80B
:105C7000A01D00F0B0F80028A07807D020F00200A6
:105C800006E0006800F046F8E780F1E740F0020027
:105C9000A07060787B2102F0EFF8022020702EE0E7
:105CA00025B9607802F09CF8277028E004E01DB167
:105CB00022781AB1042423E0032421E025615EB197
:105CC0003146A01D00F076F87B202081A01D00F059
:105CD00082F830B1062413E0006800F01BF8E7807A
:105CE000F2E76078002102F0C7F80320E0700A2094
:105CF000A0800125257003F0A1FE00B1A58000243D
:105D000001F07CFA2046BDE8F0810000B09D012042
:105D100094DC03087CB521B300231C4625460DE026
:105D2000A2F13006092E03D8641C032C19DC04E010
:105D3000BCB12E2A15D100245B1C6D1C425D002ACB
:105D4000EED10F2D0DDC032B0BD154B1CB1C8A1CD3
:105D5000CDE900234B1C0A4603A1DAF70BFC012016
:105D60007CBD00207CBD0000256868752E25686814
:105D7000752E256868752E25686875004A68006864
:105D8000896812BA00BA09BA5040084201D101200C
:105D9000704700207047B0F90020B1F900309A42F6
:105DA00006D12AB940684968884201D1012070476C
:105DB000002070470A8802804A8842800A88002AA8
:105DC00001D1496841607047018809B100207047DE
:105DD000001D00F017BF30B1018821B9406800BA3A
:105DE00008B1002070470120704700002DE9F04104
:105DF0000D460646FEF74CFE002849D0254C0020F3
:105E000021698A69097F07E013781BB153683768F5
:105E1000BB4231D0401C0E328142F5DC1E4F304671
:105E20003968FFF7ABFFB8B93868C06800BA002816
:105E30002ED0216900208A69097F0BE013783BB1DD
:105E400093682F68BB4203D19389AF88BB4217D0B8
:105E5000401C0E328142F1DC0120FEF7CDFD00280E
:105E600016D02169C0EBC0006FF00D02896902EB0A
:105E700040000A183068506028689060A8889081B7
:105E80002069407FD0702069807F9070032010705F
:105E9000BDE8F08140DC030858DC03082DE9F0413F
:105EA000224C80460D462069226900218069127FBC
:105EB00008E0037823B14668D8F800309E4232D01B
:105EC0000E30491C8A42F4DC4046FEF7E1FD002812
:105ED00029D0174F40463968FFF750FF002822D0DD
:105EE0000120FEF789FD06001DD03A6841460020DA
:105EF000121DFEF793FE2069C6EBC6016FF00D027E
:105F0000806902EB41010844D8F80010416029681B
:105F10008160A98881812169C97FC1702169897FD8
:105F2000817003210170BDE8F081000040DC0308AE
:105F300058DC03082DE9F041284E0F46044631682D
:105F4000FFF71CFF30B9346854F80C0F00BA002872
:105F500018D00027224D00214FF0020828692A6935
:105F60008069127F12E0037873B14368D4F800C0EF
:105F7000634509D1017803292DD34178012901D145
:105F800080F80180BDE8F0810E30491C8A42EADCCD
:105F90003846FEF731FD07001DD03268214600204B
:105FA000121DFEF73BFE2869C7EBC7016FF00D021B
:105FB000806902EB410108442168416009490A688F
:105FC0008260898881812969897F81702969C97F77
:105FD000C17080F800800020D4E7000058DC03087E
:105FE00040DC03087FDF030830B50B4B00210A4675
:105FF00018690124806904E000F8012B491C00F8AD
:106000000D4B1D692D7F8D42F6DC04480260426015
:106010008260C26030BD000040DC0308A09D01200A
:106020000849002088600848006990F8200000288E
:1060300006D0064802680020111D121DFEF7EEBDB5
:1060400070470000A09D012040DC030858DC0308D5
:106050002DE9F04101882A294FD3428A012109BA4A
:10606000B2EB114F49D1818A4FF4006212BAB1EB01
:10607000124F42D1817D06293FD1C17D04293CD1F7
:10608000018B424E09BA0F0C00F11A018B1D404AD8
:10609000002500F112040A2F2FD2DFE807F02E05A9
:1060A000472E2E2E2E2E35683568D0F82A606D6862
:1060B000AE4204D11846FFF799FE022131E0046A8E
:1060C000A6421AD111691569002389692D7F18E04C
:1060D0000E78032E13D38E68D0F81A70BE420ED1FC
:1060E0008E89C78BBE420AD14C601069407FC87050
:1060F0001069807F887003200870BDE8F0810E3140
:106100005B1C9D42E4DCF8E79268456A1668B5427C
:10611000F3D1008D92889042EFD11846FFF766FECA
:1061200009212046BDE8F041FEF732BDD0F82A1023
:106130000ABA22B130684068814221D0DDE71549B2
:106140008A682AB1036A1468A34201D11570D4E7A2
:106150000B78DA07D1D0006A4A689042CDD123F09B
:1061600001000870C968BDE8F04100200847916847
:10617000426A0B689A42C0D1008D89888842BCD19E
:106180002046BDE8F041FEF7C3BC000058DC030820
:1061900040DC0308A09D01202DE9F041394C3A4D27
:1061A000207838B9287BC00701D0FEF791FC287B06
:1061B000800764D50120A8732078344D401C2070DE
:1061C0000021334A55E010696FF00D078669C3EB73
:1061D000C30007EB400030440678EEB3C67826B122
:1061E000761E16F0FF06C67041D146785EB32F6862
:1061F000D0F804C0FF68BC4501D1417023E0012EF6
:1062000003D006B3022E1ED031E00678032E2DD027
:1062100086785EB3761E16F0FF06867026D00221C1
:1062200001701169C97FC170416809BA19B90021AB
:1062300008302A6802E0011D2A680020BDE8F0410C
:10624000121DFEF7EBBC0678032E09D086786EB1DE
:10625000761E16F0FF0600E009E0867006D001E029
:10626000042101701169C97FC170E4E701705B1CF2
:10627000237010692378007F9842A4D22170BDE872
:10628000F0810000780C0020F49D012058DC030808
:1062900040DC0308704710B504460068002805D0AC
:1062A0004FF4004101F058FF0020206010BD0000B5
:1062B00003482C22017900685143DAF7F5BA00004F
:1062C0008CDC030870B51C48007BC00732D01B4E25
:1062D000002534682BE02078072826D2DFE800F07C
:1062E000251A1A04251A0E00607801F0A7F8022872
:1062F0001BDAE189607801F0B7F816E0607801F008
:106300009DF8022811DC02212046FEF7FFFD012046
:1063100020700AE0208B40B1401E0004000C208356
:1063200003D110212046FEF7F1FD2C346D1C30798D
:10633000A842D0DC70BD0000F49D01208CDC030875
:1063400070B5044601F020FF4FF0FF354FF40046D2
:10635000C4F8000000F052FF2946304601F0FEFE6E
:1063600000F03CFF20680028F4D170BD70B51546E0
:106370000C4604E02178FEF7B7FE641C6D1E002D6C
:10638000F8D170BD70B51E4614460D4648BB44B3E7
:106390003EB30846FEF7CAFF18B3B04221D8144AEC
:1063A000072D1ED2DFE805F0041B0B0E1215180096
:1063B00010488068016821608088A08016E010681D
:1063C000406801E01068806820600FE01068C068D5
:1063D000FAE710680069F7E710684069F4E7E0073A
:1063E00001D0032070BD106800882080002070BD9F
:1063F00058DC030840DC03082DE9F041942166488D
:10640000DAF752FA654DD5E90210FFF7D5FB18B15E
:10641000A8680078C00702D0032000F0DDFE2868DD
:10642000406880470446800401D55D4800E00020B4
:10643000296889688847286801690220884729688F
:10644000A8688969884728686A68016C5268C06BC7
:106450009047514E10B1001D17D019E0307840F030
:10646000010030706868C168022088476968C4F319
:1064700081200969884768684169082088470022A7
:1064800011461046FFF7D4FA02E0032000F0A4FE04
:10649000286980B3012070702869808AFEF72DFF7B
:1064A000404F39680880286939680068091DFFF77E
:1064B00031FCD8B12869396840680831FFF72AFCF7
:1064C000A0B12869396880680C31FFF723FC68B1F6
:1064D00028693968C0681031FFF71CFC30B12869A1
:1064E000396800691431FFF715FC10B9032000F07A
:1064F00073FEFFF779FD2869062290F82800001D39
:10650000F0700120A968FFF731FF2749486000209B
:10651000E20700D00120620701D540F48270220713
:1065200001D540F48260E20601D540F48250A20613
:1065300001D540F00200220601D540F40270E205C8
:1065400001D540F40260A20501D540F40250A20733
:1065500001D420F4A850620601D420F428507278A7
:106560000AB920F0FF00B27802B9C0B24882A00494
:1065700003D4307840F00200307007490020103119
:1065800001F0CEFDF060002804D1BDE8F041032009
:1065900000F022BEBDE8F0810C9D012040DC030824
:1065A0001953030858DC0308F49D01202DE9F0413C
:1065B000494C4A4D4FF00106207B4FF00007400741
:1065C00001D5AE710AE0E87940B1287A012831D0CE
:1065D000002211460020FFF72BFAEF71687808B10E
:1065E000FFF7DAFD29796879814273D0A673E773E2
:1065F000618A218200F01F0105EB8101401C4C697A
:106600006871208A00BA000CB0F5006F1ED0A0F5AA
:106610000060063813D000F22910B0F5004F04D006
:106620002288211D0020FFF704FA2046BDE8F04132
:1066300000F0D0BC00F020F96A7A0121CAE768783E
:106640000028F2D02046FFF703FDEEE76878002827
:10665000EBD0204600F050FA0028E6D020496068D0
:106660000A68904203D1228989888A420BD01D4949
:1066700000BAB1EB102F06D004F10A0104F11E009C
:10668000FFF70CFC05E004F10A0104F11E00FFF71E
:10669000ADFB204600F010FB04001BD0E07E01287B
:1066A0000AD002280CD006280ED01128BDD1002116
:1066B000204601F017FCB8E7204600F037F9B4E7B0
:1066C000204600F0F1F9B0E70021204600F006FF77
:1066D000ABE7FFE7BDE8F081F49D01200C9D0120B0
:1066E0007FDF03085E0001000649426889680B6885
:1066F0009A4205D100898988884201D101207047DA
:106700000020704740DC030870B50546FEF7E0FD49
:106710000B4E0024002230682988036A281D984700
:1067200010B1801C07D103E0FEF75AFE012070BDB6
:10673000641C102CEEDBFEF753FE002070BD000041
:1067400040DC030870B504462148007A002801D0D7
:1067500009B1002070BD1F49D4F822001E4D096800
:10676000884203D128686060A8881FE0D4F81E0022
:1067700000BA0028EED094F822100E2204F1220074
:106780000646B2EB111F04D10146201DFEF7A6FDFF
:106790000DE000F07BFA0028E4D101213046FFF73C
:1067A000C9FB0028D6D081686160808920814FF4C0
:1067B000006000BA000C2082084880680168C4F8B4
:1067C0000A108088E0812046BDE87040FFF79CBF3A
:1067D0000C9D0120B8DF03087FDF030840DC0308BD
:1067E00070B51D4614460E4688BB84B37DB308467B
:1067F000FEF79CFDA84231D11D4D072E2ED2DFE8B9
:1068000006F0042B161A1E2227002078C00725D177
:10681000184D2168A8680160A1888180FEF758FDA5
:106820002968A86889698847FEF7DAFD1DE02868AD
:106830002168416019E028682168816015E02868B6
:106840002168C16011E02868216801610DE005E060
:1068500028682168416108E0E00701D0032070BD8D
:106860002088FEF74AFD29680880002070BD0000DE
:1068700058DC030840DC03082DE9F041294C207A5C
:1068800000284CD0E078042100EB400001EB4000F0
:10689000804600F04BFB05466078002680B3284612
:1068A00000F0FEF8024601212C464FF0000C12E0E9
:1068B000206806BA6EB10B46201D08E007683FBA93
:1068C00077407F0201D1C0F800C0001D5B1C9342DD
:1068D000F4D3491C241D9142EAD305EB820405EB55
:1068E000080700260AE000BF54F8040D00BA28B1DA
:1068F000BF1F21463846FEF7F1FC761CAC42F3D1AF
:10690000FEF7E6FC084831460068C2693846904701
:10691000FEF766FD2846BDE8F04100F05BBBBDE830
:10692000F08100000C9D012040DC0308F8B50188CF
:10693000044604295DD3364F387C400604D404F164
:10694000260000F043F9E0BB94F826000026C8B307
:1069500008284ED194F8270098BB2088223000F0F8
:10696000E5FA80F8266080F82760068522880546CB
:1069700004F12A012A30121FD9F7F5FE387C0006EF
:1069800008D5F97B234850F82100008850B12188B0
:10699000884207D2218805F1260000F017F900BAD5
:1069A000000C288520882880802000900023012268
:1069B00004F11E01284600F087F9284600F00AFB82
:1069C00024E016E0FFE7144D2878C00712D094F8B1
:1069D000270070B92846D4F81E108068814208D17B
:1069E000618DA88809BAB0EB114F02D120881A280E
:1069F00001D00020F8BD1222084904F12E00D9F779
:106A000086FE0028F5D1E96988472E700120F8BD7F
:106A1000F49D012058DC0308C49D012085DF030894
:106A200038B53C2000F082FA0446082084F826009D
:106A3000002184F82710218517491222888800BA7E
:106A4000000C6085C888154900BA000CA08504F1C7
:106A50002E00D9F788FE10491A2208310D468020F1
:106A600000F0D2F938B91A2104F1260000F0AEF88E
:106A700000BA000C20851A2020808020009000237E
:106A800001222946204600F01FF90546204600F065
:106A9000A1FA284638BD0000C49D012085DF030807
:106AA0000020704700207047704770B50025049C97
:106AB00023444619368876BA33444E19AD1C3688BD
:106AC000042D76BA3344F4DB0020611E04E015186F
:106AD000801C2D886DBA2B448842F8DBA04202D07E
:106AE000105C03EB002398B200EB134000EB104066
:106AF000C04380B270BD000070B50446808A218812
:106B000000BA050C05F10E00814242D3A07C04219D
:106B1000B1EB101F3DD1A07F00F0F000E02838D28B
:106B2000274EF07B20B904F11E0000F0AFF880BBC7
:106B3000F07B032825D02349D4F8222051F82010D7
:106B400049688A421DD0204909688A4219D000BB91
:106B500004F122000E220178B2EB111F02D1FFF7DF
:106B6000A1FF01E000F092F828B1E07E022808D0F1
:106B700011280ED105E02046FFF7B6FD48B1E07EB2
:106B8000F6E7307CC00706D104F11200FEF742FDA3
:106B900008B1002070BD208B00BA000C800404D026
:106BA000F07BFEF73DFD0028F4D0A07C0007800EAE
:106BB00000F10E016180281A2080012070BD0000C4
:106BC000F49D012058DC0308B8DF030830B500232A
:106BD0001A464C1E04E08518921C2D886DBA2B4471
:106BE000A242F8DB8A4202D0805C03EB002398B219
:106BF00000EB134000EB1040C04380B230BD704743
:106C00007047000010B50D4C0168226809BA8A422D
:106C100003D02160FEF712FDA071A179084829B1C7
:106C2000012905D0022905D0064810BD006802E000
:106C3000406800E08068001D10BD0000DC0C0020F2
:106C400058DC0308BCDF03080E4900200860888078
:106C500088710D48827C52070AD4C27C52070CD43A
:106C6000427CD20701D000200AE0827CD20701D00A
:106C7000012005E0C07CC00701D0022000E0042014
:106C8000C8717047DC0C0020F8DB03080949006874
:106C90000A68096800BA5268896812BA09BA42409B
:106CA0000A4202D10843401C01D000207047012055
:106CB0007047000058DC0308018B09BA090C8904ED
:106CC00001D0FFF79CBF70472DE9F0410F460699B0
:106CD0000446012A05D0022A03D0062A01D0112A2F
:106CE00072D1002F70D0DFF818810120002588F8BC
:106CF0000E00022A02D16088262826D04520A074E2
:106D000020881430208080B200BA000C3D4EA08252
:106D1000E374B08803BA1B0C401CE382B080062ADF
:106D200022D000202083A176E276A5833846FFF7A3
:106D300069FF0068C4F81E003868C4F82200B07902
:106D4000FEF76EFC0746658050E04620A074942054
:106D500084F82600042084F8270084F8285084F85A
:106D6000295020881830CDE74FF4804000BA000C3D
:106D7000D8E739462046FFF743FF051E2CD0B179EE
:106D800008EB4100807C800706D405F11200FEF775
:106D900041FC00BA000CA88328880E302880B17905
:106DA000284605291AD2DFE801F003070B1014006A
:106DB0000021FFF7C7FC0BE0212100F0B7F907E045
:106DC000002100F0C7F903E00EE0002100F08AF88E
:106DD00020B1A5420AD10120BDE8F081A54203D02F
:106DE00000210846FFF70CFF0020F5E721886088A6
:106DF00014398842BDDB00210846FFF701FFEAE7AE
:106E0000F49D0120DC0C002070B5124C064615469E
:106E10000868226800BA824204D020600846FEF763
:106E20000DFCA071A07918B1012801D0022808D169
:106E3000094951F82010098819B1A94201D200204E
:106E400070BD064901EB4000408A3040F8D0012077
:106E500070BD0000DC0C002058DC0308F49D01200C
:106E6000044900200860044843F6FF714183018310
:106E7000FFF7EABE7C0C0020F49D0120174910B5F5
:106E80000C68002C28D01648012282730322C2739A
:106E9000028B028260680860207AC0B92046FFF742
:106EA0002BFEA0B1E07E012804D006280BD01128CB
:106EB0000DD103E02046FFF739FD08E00021204610
:106EC00001F010F803E00021204600F007FB204607
:106ED000BDE8104000F07EB810BD00007C0C002022
:106EE000F49D012070B5054600880E4640F08040B4
:106EF00000F01CF8041E15D00020606026722A885D
:106F000005F1120104F112000E3AD9F72CFC0649E2
:106F1000086808B90C6004E0416809B10846FBE75D
:106F20004460012070BD00007C0C002070B5064656
:106F300020F040400F3020F00305FEF741FD1C49D2
:106F4000B00F07D008684A682844904202D9FEF77B
:106F50003DFD11E01748046820686368021BD21ADF
:106F6000AA420BD2044600680028F5D1FEF72EFD98
:106F7000B00F01D100F030F9002070BD180013D01F
:106F8000181922680260206000F108044560086852
:106F9000284408600869401C0861FEF717FD268038
:106FA00000206080204670BD65600834EFE7000077
:106FB000449E0120F8DB0308054901EB80000A68C4
:106FC0004068824201D201207047002070470000D3
:106FD000449E012070B504002DD0FEF7F1FC164B45
:106FE0000020083C196810E00846096849B10A7891
:106FF00092070AD0FEF7EAFC0220BDE8704000F0DC
:10700000EBB8FEF7E3FC0120F7E7A142ECD10B4A15
:107010004D681468641B14601469641E14611A6856
:107020008A4202D10020486001E009680160BDE8A1
:107030007040FEF7CBBC70BDF8DB0308449E012016
:1070400070B5154D0020154CD5E900211144091FDC
:1070500011600860506020602061012001F084F818
:10706000E0606868B0F5803F06D200EB4000800821
:1070700060606868400805E0A0F58040606068686E
:10708000A0F50040A060A87C10B9E87C002802D0E0
:1070900060684008A06070BDF8DB0308449E0120D2
:1070A00070B5002814D00180A0F108050F31686880
:1070B00021F00304A0420BD9061BFEF781FC054812
:1070C0006C600168891B0160BDE87040FEF77EBC02
:1070D00070BD0000449E01200248002101704180E3
:1070E00070470000C49D012010B50D4C2078C007EA
:1070F0000FD0608828B10B49097BC90709D0401E11
:1071000006E0607830B1401E607001F0FFF90920A0
:10711000608010BDE169012088470020207010BD0B
:10712000C49D0120F49D012002207047002070477B
:10713000022070470449054A4868504343F2390227
:107140001044486070470000F49D01206D4EC64118
:1071500002207047002070470220704710B5094C8C
:10716000094900202070097901B10121A170E07066
:10717000A0802061054800F059FE002800DA0020B8
:10718000607010BDB09D012094DC0308AD99030828
:1071900010B50F4C2078012811D1A0880D4920B1DD
:1071A000097BC9070BD0401E08E001208873E078F6
:1071B00030B1401EE07002F041FC1420A08010BDF0
:1071C0000021226908469047BDE8104002F04CBCFF
:1071D000B09D0120F49D0120704700000148006827
:1071E00000F0BEBF9C0C00200348012141730168E0
:1071F000491C016000F008B8F49D012001480068B6
:1072000000F0D0BF9C0C00200548017BC9064FF060
:10721000010101D5817370470248406800F09CBFAE
:10722000F49D01209C0C002010B5002803DD1449BA
:107230000A79824201DA032010BD00EB400202EB22
:10724000001009686FF04B0202EB80000C1894F9F3
:1072500000000B2812D2DFE800F0110A060C060C21
:107260000C0606060C000121204603F0D3F900208D
:1072700010BD0421204603F01BF9F4E7042010BDE3
:1072800078DC0308002816DD0D490A79824212DBFA
:1072900000EB400202EB001009686FF04B0202EBBA
:1072A0008000084401780A2905D18078C10602D4FB
:1072B00010F0210F01D0002070470120704700001E
:1072C00078DC030870B5002803DD264D297981425A
:1072D00001DA032070BD00EB400202EB00106FF0FA
:1072E0004B02296802EB80000C1894F900000B286F
:1072F00036D2DFE800F0352D0E060E2D2D2D2D2D6A
:107300001000206A401C206224E0204603F082F92D
:107310001EE00121F9E7A078C10719D1D4E90812CC
:10732000914217D040F00100A070400702D5501CD8
:1073300060620DE01121204603F0BAF8208FB4F905
:10734000361000EBE10060836879A077E08A208343
:10735000002070BD1121204603F0AAF80521D4E7D2
:10736000042070BD78DC030810B500281BDD0E4B2F
:107370001C79844217DB00EB400404EB00101B680F
:107380006FF04B0404EB8000184490F90030002BA0
:1073900009DD437801F0070123F007030B43437035
:1073A0008271110AC17110BD78DC030810B50100AB
:1073B00088B201D540F080404A30FFF7B7FD002881
:1073C00002D04A2141804E3010BD0000084900EB38
:1073D000400202EB001009686FF0370202EB8000F8
:1073E000085A4FF4B461884200D90846704700003B
:1073F00078DC030810B5020003D00F4C012021688F
:1074000006E06FF0020010BD0B7853B1401C4C3108
:1074100023798342F8DA0520FFF7DEFE6FF00100E2
:1074200010BD01230B7000234B708B71CB718A64EC
:10743000A289CA82487710BD78DC0308002803DDE2
:1074400008490A79824202DA4FF0FF30704700EBB8
:107450004002096802EB00106FF04B0202EB800063
:107460000856704778DC030810B5002818DD1A4B61
:107470001A79824214DB99B100EB400404EB00104E
:107480006FF04B041A6804EB8000104490F9002060
:10749000012A07D0022A05D0092A03D0042010BDF2
:1074A000032010BD427842F00802427002220270AE
:1074B0000022827081804FF406718182198AC1870F
:1074C0008286026242620264827742648260C260A3
:1074D0000261104610BD000078DC03082DE9F34F6F
:1074E000418800F1040B01EB0B068146327B6FF003
:1074F000030000EA920081B0142850D3B9F80020AC
:1075000082424CD30144101AA9F802101FFA80F8E5
:1075100049463046029A02F065FE040076D0029891
:1075200000283CD1F848007CC0060BD4B9F8000014
:1075300009F12201009006233246081FFFF7B5FA31
:1075400000282CD170684FF0000A05BAB06807BA5D
:1075500094F90000801E09286FD2DFE800F0E4EF04
:10756000EEEDECEBEAE90500707B41070AD5206CF3
:10757000A84270D0291A12D4E18F0844281A0ED5D7
:107580001021F1E181074FEAC0600AD5002806DA30
:10759000206C6D1CA84202D1606AB842F0D0BDE8F0
:1075A000FE8F0028FBDA236A0021F81A17D4606ADC
:1075B000381A002813DCF089226B00BA000CD21BA9
:1075C00008D4E26AB2EB050C04D4AA4207D1A28E19
:1075D000824204D2A18EA086C4E90B57411A606A88
:1075E00083422BD0A06A381A002810DCB8F1000FB3
:1075F0000FD1707BC0070CD159B9E07FFF2801D2B1
:10760000401CE077204602F0C5FE02E026E184F847
:107610001FA03946204602F05BFEA078C0070DD0BF
:10762000606AB84204D10521204602F0F3FF20E150
:107630007F1CB84202D105216BE1A8E1A07820F0BF
:107640000201A170206CA84206D06D1CA84297D1FF
:10765000E08A208394E71FE141F01000A070B8F1A8
:10766000000F22D0E18F01B381060BD520F020005E
:10767000A070CDF800A00023A56C607F04F10C027F
:107680000421A847CDF80080B9F80210A56C01EBE1
:107690000B03607F04F10C020521A847401C3FF456
:1076A0007EAF216C01EB08002064707BC00715D011
:1076B000D4E90801884211D1CDF800A00023A56CBF
:1076C000607F04F10C020221A847206C1121401CAC
:1076D0002064204602F0ECFE08211AE1A078B8F1FF
:1076E000000F20F01000A0701AD06078810708D534
:1076F000E18F414503D9A1EB0801E18701E0A4F83E
:107700003EA0C00706D0207F20B9E08F10B1032033
:10771000207705E084F81CA01021204602F0C8FE66
:10772000E08A20833BE7707B410708D50221F0E027
:1077300020E105E1F3E0C7E098E063E02FE0C10657
:1077400027D4800725D5CDF800A00023A76C607F43
:1077500004F10C021946B847D8B13146204602F070
:1077600087FDFFF7E7FC20626062A062F08900BA43
:10777000000CA086681E6D1C2564E0624FF6FF7049
:10778000A087624884F81FA0A4F836A0C08820878C
:107790005EE049463046029A02F0F3FEC6E7707B8F
:1077A000410779D4810712D5C006BBD5606AB842BB
:1077B000B8D1204602F01AFFF08900BA000CA0866A
:1077C000681E6D1C2564E062606A206235E0C106B7
:1077D00015D5606AB842A5D1206CA842A2D1204636
:1077E00002F004FF606A2062CDF800A00023A56CBF
:1077F000607F04F10C020121A8470A2189E080077B
:1078000090D42BE0707B410746D4810726D5C00673
:1078100018D5606AB84285D13146204602F028FD6D
:10782000204602F0E3FE606A2062F08900BA000C94
:10783000A086681E6D1C2564E0621021204602F0BF
:1078400037FED1E73146204602F012FD6D1C25645B
:107850001221204602F02CFE03215AE0029A03B0C6
:1078600049463046BDE8F04F02F08BBE707B4007C2
:1078700012D4707BC1074FEAC06018D000280CDA20
:10788000606AB84202D0216AB94291D105EB080181
:10789000491C2164206220E06FE005EB0800401CD9
:1078A00020641021204602F003FE072131E0002869
:1078B000BFF638AF606A791C88423FF433AFB842F4
:1078C00089D10621206224E0707B410755D4C1078D
:1078D00009D005EB0800401C20641021204602F06E
:1078E000E7FD092115E001077FF51CAFC006FBD5B8
:1078F000606AB8428FD105EB08002064142120464D
:1079000002F0D6FD25E00000F49D012078DC03089C
:10791000012103B02046BDE8F04F02F07BBE707B32
:1079200041072AD4C10604D5606AB842ADD12062AD
:10793000D7E7C007C1D005EB0800401C20641FE654
:10794000707B410719D4C10607D5606AB8429CD143
:10795000206260780007DBD5E8E6C007ADD005EB14
:107960000800401C1121206403B02046BDE8F04F00
:1079700002F09EBD707B4107DBD5CDF800A000234F
:10798000A56C607F04F10C020321A847E1E7BDE884
:10799000FE4F0620FFF720BC10B5002803DD0D497F
:1079A0000A79824201DA032010BD00EB400202EBAB
:1079B000001009686FF04B0202EB8000084490F958
:1079C0000010012901DD042010BD4C21D8F76CFF07
:1079D000002010BD78DC030810B5002815DD124921
:1079E0000A79824211DB00EB400303EB00106FF0D9
:1079F0004B030A6803EB8000104402780A2A01D086
:107A0000042010BD4278920701D4032010BDC28F1C
:107A10000B8A9A4206D0C3878178C90602D4102106
:107A200002F046FD002010BD78DC03082DE9F0418E
:107A30001646A1F14E0511B169884A2902D00320EA
:107A4000BDE8F08100283FDD2F4F397981423BDBD3
:107A500000EB400202EB00106FF04B02396802EBC2
:107A600080000C1820780A2802D1A078C10701D024
:107A700004242AE0C10601D4800601D5012424E0B3
:107A8000A08AB04220D3FEB106F14A012846FFF792
:107A900007FBA07840F02000A07041071AD420F026
:107AA000020040F08000A07032462946204602F0D5
:107AB0003AFD208FB4F9361000EBE100608378794D
:107AC000A077E08A208308E003242846FFF782FAA3
:107AD0002046B5E7606A30446062002068600B4968
:107AE000AE81E8810968A960A178490700D5A8603E
:107AF000606C10B9656404E0084641680029FBD158
:107B0000456000209CE7000078DC0308F49D01201C
:107B100003484C22017900685143D8F7C5BE0000E4
:107B200078DC03082DE9F843DFF8A882AA4D98F81D
:107B30000C00C00713D00021434628680CE0428B9C
:107B40000AB1521E42831A7B920703D5028B0AB1F7
:107B5000521E02834C30491C2A798A42EFDC0027EE
:107B6000DFF878923E4616E199F800104846491C25
:107B7000C9B289F800102A79914201D90121017016
:107B800099F80020296802EB420000EB02106FF028
:107B90004B0202EB80000C1894F900000B287DD2F8
:107BA000DFE800F0F8F8F8C6B9E0F0E0E0D406004D
:107BB000A078C00708D0D4E90801884204D1112177
:107BC000204602F075FC44E0207F40B198F80C108C
:107BD000C90704D0401E10F0FF00207707D0208B8B
:107BE00038B1A07841074BD50021606C38E01021F6
:107BF000C3E0607840071CD5A078800706D4A07841
:107C000040F04200A0706879A0770AE0608B0028FD
:107C100044D1A07F40B1401EA077A07840F0400042
:107C2000A070E8886083E2E7A07840F01000A070C0
:107C3000B9E01121204602F03BFCA078002340F07F
:107C40001000A0700096A56C607F04F10C02022168
:107C5000A8470521B9E0C28922B182894068114450
:107C60000028F8D1608FA28E904200D31046A28ADD
:107C70001144814229D82046BDE8F84302F0CEBB2A
:107C8000800622D5D4E908010A1A608FA18E8842A5
:107C900000D30846A18A1144814200E055E014D87F
:107CA0000120FFF789F980B1A078002340F010008F
:107CB000A0700096D4F848C0607F04F10C02042143
:107CC000E047A07820F03000A070D4E90801884295
:107CD00060D0608BC8BBA07FC8B1401EA077608F0A
:107CE000A18A88420AD9A28E824200D21046400858
:107CF000B0EB410F00D84800A0876187E677A078F5
:107D000020F00800A070204602F07AFBB3E720467E
:107D100002F069FB88E7608BB8B9206A6062A07FD7
:107D2000F0B3401EA07728896083A687022124E053
:107D3000608B50B9206A6062A07F88B3401EA07734
:107D4000E8886083A687122117E023E0608B08BBD8
:107D50006078000701D5022100E00121204602F0F1
:107D600059FC17E0608BA8B9206A6062A07FB8B1A7
:107D7000401EA077E888608311212046BDE8F843C3
:107D800002F096BB608B28B9A07F48B1401EA07757
:107D9000E88860837F1C2879B8423FF6E5AE00E0B2
:107DA00001E0BDE8F8830421204602F081FB009643
:107DB0000023A56C607F04F10C020321A8476078C2
:107DC000000701D5022100E001212046BDE8F8436B
:107DD00002F020BCF49D012078DC03088E0C00200A
:107DE000002803DD08490A79824201DA032070473E
:107DF000096800EB40006FF00B0202EB80000844C2
:107E0000012101700020704770DC030810B50100EB
:107E100088B201D540F080403E30FFF787F8002857
:107E200002D03E214180423010BD000010B5030059
:107E300003D0104A0120116806E06FF0020010BD67
:107E40000C7854B1401C0C3114798442F8DA0420C7
:107E5000FFF7C2F96FF0010010BD01220A70032480
:107E60004C7000244C800C718A714C71CA718B600B
:107E700010BD000070DC030870B50C46002815DD4D
:107E800016490A79824211DB096800EB40006FF065
:107E90000B0202EB80000D182878012801D0042085
:107EA00070BD2CB1204602F0BBFD88B1032070BD2F
:107EB0000B4C4FF440462088401C80B22080B042DA
:107EC00000D22680208802F0ABFD0028F3D1248860
:107ED0006C8002202870002070BD000070DC030858
:107EE000840C00202DE9F843884604464188001D93
:107EF0000E180822B18808BAB2EB104F45D8244AB0
:107F0000012015683EE02B78022B39D177886B88E9
:107F10003FBAB3EB174F33D110F0FF0735D0687875
:107F2000800714D5F08890B1B8F1000F2DD1194811
:107F3000007C40070BD408BA000C04F12201009029
:107F400011233246081FFEF7B0FD00281DD13088EE
:107F500000BA010C1048B8F1000F418015D1002182
:107F60000180D4F81E1041602388AC68014601B03E
:107F700006F108023846A446BDE8F043083B6047D6
:107F8000401C0C3513798342BDDABDE8F88300004C
:107F900070DC0308F49D0120860C0020002803DD1E
:107FA0000C490A79824201DA03207047096800EB24
:107FB00040006FF00B0202EB8000084401780129B9
:107FC00001D90420704700210160416081600846AA
:107FD0007047000070DC03082DE9F84398460D4611
:107FE000A2F1420412B161883E2902D00320BDE80B
:107FF000F883002803DD44490A79824203DA2046E7
:10800000FEF7E8FFF2E7096800EB40006FF00B02B3
:1080100002EB80000E182846FDF7DDFE70BB688875
:1080200060B33078022801D0042528E0B8F1000FB1
:1080300024D0298840F60E0009B140F2AC508045AA
:1080400000D98046708804F13A0700BA000C6087B6
:10805000688800BA000CA08708F1080001BA090C72
:10806000E1870021F98020802846FDF7ADFE80469B
:108070007078C00723D0288868B120E00325707885
:10808000410703D520F00400707002E02046FEF79F
:10809000A1FF2846ABE72288291D0820FEF7B4FE81
:1080A00068B92088009011233A46291D4046FEF702
:1080B000FCFC08B94FF6FF7000BA000CF880288865
:1080C000002788B9297980200E22B2EB111F00D138
:1080D000B0792188A182009033791122291D04F101
:1080E0001400FEF7F1FD00B902277078410705D5AD
:1080F00020F0040070703E20608002E02046FEF711
:1081000069FF384673E7000070DC03080348017913
:10811000006801EB41018900D8F7C6BB70DC030899
:1081200010B50C4608B1002010BD0121054800F033
:10813000C9F8206003480021BDE81040001D00F090
:1081400013B90000E4DB03084FF0FF3100F0DCB8A6
:1081500000F0CEB800F0E4B800F0EEB800F0F8B8E7
:108160004FF0FF3100F0A2B808B1034801E0024827
:10817000001F00F079B80000C8DB030800210148A7
:1081800000F0F2B8D4DB030800F010B900F03EB9FB
:1081900000220121014800F04BB90000CCDB0308AC
:1081A00000F05CB900F076B8EFF3058109B18220E8
:1081B0007047DFF808C000DF704700009D9C03088F
:1081C000EFF3058008B182207047EFF31480C007F9
:1081D00003D0DFF80CC000DF704701F069BD00007C
:1081E000B19C030888B0EFF3058010B1822008B07D
:1081F0007047EFF3148010F00301134806D00129F3
:108200001BD0022911D0032919D113E008A981F349
:1082100009880078C0070BD05FF0020080F3148853
:10822000BFF34F8FBFF36F8F09E00078C00706D10F
:108230000320F3E70078C00701D0FF20D7E7DFF87D
:108240000CC000DFD3E700005CDA0308219D0308BF
:10825000EFF305820AB1FDF747BADFF808C000DF87
:10826000704700008D9D0308EFF3058109B10020E0
:108270007047EFF31481C90702D10449497819B155
:10828000DFF80CC000DF704701F09DBD680C0020D6
:10829000C79D0308EFF3058109B182207047DFF81D
:1082A00008C000DF70470000E39D0308EFF305827C
:1082B0000AB182207047DFF808C000DF7047000075
:1082C000059E0308EFF305820AB100207047EFF323
:1082D0001482D20702D1044A52781AB1DFF80CC0D6
:1082E00000DF704701F0ABBD680C00203F9E030823
:1082F000EFF3058109B1FDF722BADFF808C000DF0E
:1083000070470000639E0308EFF3058212B14FF03F
:10831000FF307047DFF804C000DF70478B9E030812
:10832000EFF3058212B14FF000407047DFF804C050
:1083300000DF7047BD9E0308EFF305820AB1FDF729
:1083400012BADFF808C000DF70470000E19E0308A2
:10835000EFF305830BB182207047DFF808C000DF20
:1083600070470000059F0308EFF305820AB1002063
:108370007047EFF31482D20702D1044A52781AB13F
:10838000DFF80CC000DF704701F0E6BD680C00208C
:10839000599F0308DFF80CC000DFDFF80CC000DFD6
:1083A000FEE70000C59F030821A00308EFF3058046
:1083B00008B100207047DFF808C000DF70470000F8
:1083C000C59F0308EFF3058109B184207047DFF8EA
:1083D00008C000DF70470000E19F0308EFF305824B
:1083E0000AB182207047DFF808C000DF7047000044
:1083F000F39F0308EFF3058109B182207047DFF88E
:1084000008C000DF7047000021A00308EFF30580DB
:1084100008B182207047DFF808C000DF7047000015
:1084200059A00308DFF804C000DF704763A0030809
:10843000EFF305830BB100207047EFF31483DB07E4
:1084400002D1044B5B781BB1DFF80CC000DF704732
:1084500001F014BE680C00207DA00308EFF3058234
:108460000AB182207047DFF808C000DF70470000C3
:10847000B5A00308EFF3058109B182207047DFF84A
:1084800008C000DF7047000019A10308094C4FF035
:10849000FF3529462068FFF7DBFE02460846102A12
:1084A000F7D1FFF7BFFF0028F3D0024608469047F8
:1084B000EFE70000640B0020012806D0022805D059
:1084C000032804D0042804D102E003E002E001E024
:1084D00000E000BF00BF00BFFEE700BFFEE70000F6
:1084E000074801684FF0E0204161002181610721C8
:1084F00001610448016841F07F4101604017704705
:1085000058DA030820ED00E0704700000248C188F7
:10851000491CC180FEF784BAC49D012010B9B7EE92
:10852000000A7047002808DA414208B2411E064A94
:1085300002EB810191ED000AF3E7044901EB8001B0
:1085400091ED000AEDE70000F0B8030804B9030854
:1085500000220A60826A12B981627047024610687E
:108560000028FBD11160704710B50146806A0022D7
:108570008A6203E00468FEF72DFD20460028F9D149
:1085800010BD1CB500240094019400F001F81CBD3E
:108590002DE9F05F994690468A460446DDF82CB0F6
:1085A000FEF71CFE6FF00105002C4DDD57480179E8
:1085B000A14249DBBAF1000F02D0B8F1000F02DC92
:1085C0006FF002049CE004EB4401006801EBC4017D
:1085D0006FF02B0202EB81014418D6102078072897
:1085E00032D2DFE800F031070D048C108C00A06A55
:1085F00048B984E0A06A38B3E078012803D023E0CA
:10860000E078022820D1206A10B16FF0060477E0EC
:10861000A06A00BB5FEAC97002D1A078C00702D08F
:108620006FF003046CE0E08A20831A212046FCF7F7
:10863000D2FC00212183810761D4C10602D56FF0ED
:1086400007045DE0810601D52C4659E0000702D4FD
:108650004FF0FF3454E0E078A56A02281ED00026CF
:10866000A888E988471AA8EB0600B84200D2074656
:1086700005F1080001440AEB06003A46D8F773F802
:10868000E8883E44C119A888814222D25FEA8970F5
:1086900035D4E8883844E880A56230E0AE884046AA
:1086A000464500D90646E88805F10807C119324653
:1086B0005046D8F758F83A4659460A98FCF77AF9DE
:1086C0005FEA89701BD42868A0622846FEF782FC06
:1086D00015E02F685FEA897002D42846FEF77AFC1D
:1086E0003D0001D04645BBD15FEA897007D4A56241
:1086F0002DB9A078800602D56078FFF76DF9344671
:10870000FEF77CFD2046BDE8F09F00008CDC0308EE
:1087100050E8001F31B10B6840E80032002AF7D161
:1087200008467047BFF32F8FFAE710B568B161B103
:108730000B3121F00302016844680B1A1B1B9342A2
:1087400005D2084609680029F5D1002010BD210096
:1087500007D021180368C1E90032016001F1080067
:1087600010BD4260083010BD70B50D46002812D013
:108770004FF6FF71084C884204D222680146104629
:1087800000F016FC20684570044800F037F9BDE899
:10879000704000F01BBD70BD700C0020149E0120C5
:1087A0000F4810B50D4942680E480B6800689342A7
:1087B00004D00A60CB88421E1A448A808A8880B21C
:1087C00082420AD100200860054800F017F90146EE
:1087D000BDE81040024800F00FBC10BDD00C0020D6
:1087E000149E0120CC0C002070B5194DE8680028BB
:1087F0002CD0A88A401EA882002621E0A06838B1AB
:1088000061684160606810B1A16881606660A660BF
:108810000F482146183800F0EFFBA08AA882607844
:10882000042804D10B49E08A09880844A082012069
:108830006070E068E860E06808B10561E6602661A4
:10884000A88A002802D1EC68002CD7D170BD0000A6
:108850002C9E0120CC0C002070B504000FD00D4DD3
:10886000A17801262868827891420CD900F0E0FBBB
:10887000286846702046BDE8704000F0A7BC064856
:1088800000F0BCF8F7E766702146BDE8704002488A
:1088900000F0B2BB700C0020149E01200321FFF7F2
:1088A00063BF0000054A02EB810151F8041C002956
:1088B00002D00A8B82430A83704700002C370120C4
:1088C00010B50446008B084320836278618B062A2A
:1088D00018D0052A19D1084217D001EA0002628394
:1088E00088432083204600F0DDFB01206070628B0E
:1088F0000821204600F0CEFB2146BDE81040034889
:1089000000F07ABB31EA0002EAD010BD149E0120CB
:108910000246154810B500EB810050F8044C002CBD
:1089200021D0208B104320836278618B062A17D0D8
:10893000052A18D1084216D001EA00026283884352
:108940002083204600F0AEFB01206070628B08217E
:10895000204600F09FFB2046BDE81040FFF77CBF9B
:1089600031EA0002EBD010BD2C37012070B5034670
:108970000C480D460468208B42B133EA000101D057
:10898000062109E098432083022070BD10EA03010C
:1089900001D06183F6E7052163832846FFF7E4FEF3
:1089A000012070BD700C0020814202D342688A42CF
:1089B00001D80120704702680A60BFF35F8F50E85A
:1089C000003F0A689A42F6D140E80012002AF2D12C
:1089D0000020704768B161B10022083902E0024608
:1089E000006830B18842FAD12AB1006810600020D6
:1089F00070470120704700214160F8E70146406858
:108A000042684A600B780022022B05D0012B03D06C
:108A1000032B01D04260704743680BB199604260FC
:108A2000826070470649074B48681B6882789B78CC
:108A30009A4202D142684A607047002070470000A5
:108A4000149E0120700C0020810700D00020704788
:108A500070B5044600201546207001226270A17096
:108A600084F824106060A060E06020612062A08231
:108A7000E0822083608384F82500E08C18B90548E3
:108A8000FFF746FEE06229462046BDE8704000F050
:108A90001DB80000A0F6002008B1082901D201206D
:108AA00070470144091F002201600A6042601046BD
:108AB0007047000003480021016003490988C18014
:108AC00070470000D00C00204CDA030870B5C28C4F
:108AD0001C4D930802D12A88C2F38D03C26A02EBAF
:108AE0008302540700D5121F4FF0807442E902142C
:108AF00000242646B2F1400242F82460641C0E2C89
:108B0000FAD3C4691462826201632968C90014D56A
:108B1000112B12D94FF0FF31103B11EB53014FF0E5
:108B2000CC3305D042F8043C42F8083D491EF9D147
:108B3000C16A121F8A4200D91360C06A02490160EB
:108B400070BD000048DA0308A52E5AE2C189808969
:108B5000081A70470122027000224270827042603F
:108B600002814281103982818908C18170470000E9
:108B70002DE9F041044640680E464FF0000804F12C
:108B80000C05E8B36078012701283ED0022813D0F5
:108B900003285CD10846FFF7BBFD050057D02046EF
:108BA000FFF72CFF0446294600F06EFA6770204656
:108BB00000F078FA214621E02046FFF71FFF064625
:108BC000002100F061FA2189F06904EB810108615C
:108BD000D5E85F0F401C81B2C5E8501F0028F7D1CF
:108BE0002089401C80B22081E189884201D1A4F80B
:108BF00008807770304600F055FA3146174800E09B
:108C00000CE0BDE8F04100F0F7B92046FFF7F6FEB2
:108C100004463246102100F03DFAC7E7A089E189F9
:108C2000884216D2208904EB80000661D5E85F0FE8
:108C3000401C81B2C5E8501F0028F7D12089401C94
:108C400080B22081E189884201D1A4F80880BDE882
:108C5000F081BDE8F0410320FFF72EBC149E0120F7
:108C600070B50446808915460026C0B3608904EBC0
:108C70008000006908606089401C80B26081E189E1
:108C8000884200D16681606810B1607802280BD0FC
:108C900014F10C04D4E85F0F401E81B2C4E8501FE9
:108CA0000028F7D1002070BD2046FFF7A7FE05463B
:108CB000002100F0E9F92189E86904EB81010861EC
:108CC0002089401C80B22081E189884200D1268120
:108CD000284600F0E7F92846FFF7BEFDE2E7FFE788
:108CE0003DB10B48626801682AB1204600F084F962
:108CF00008E0012070BD616001684E60006884601A
:108D00000120607008212846FFF72EFDF1E70000E2
:108D1000700C0020002814D0411C13D00C4A4FF6D0
:108D2000FE7190420CD800EB4002C2EBC012094821
:108D3000036803EBC202521EB2FBF3F0884204D96F
:108D4000084670474FF6FF70704780B270470000CA
:108D500000093D0068DA0308032101700021418009
:108D600041608160C16070472DE9F0410446408850
:108D700020B1314DA1682A68914202D0FF20BDE8A0
:108D8000F081401E0004000C608053D12968086AFD
:108D9000A04209D1E068086208E0C268A24202D19C
:108DA000E268C26002E010460028F6D191F8240083
:108DB0000A6A06E053681BB19B78834200D91846C3
:108DC000D268002AF6D18870DFF8708061680126C9
:108DD00011B32046FFF712FE0746002100F054F9B8
:108DE000384600F05FF96680A760386AE0603C6250
:108DF0002968D8F804008A788078824201D33846FE
:108E000016E00E4800F0F8F839460C4800F0F4F887
:108E1000286846707E700AE0D8F804108A782968BD
:108E2000824207D9054800F0E7F82868467000201C
:108E3000FFF712FD0020A2E7700C0020149E012015
:108E400070B51C4D0E4604464188286861B1A26881
:108E5000824210D1A1F57F40FF3803D0491C6180C8
:108E6000002070BDFF2070BDA060016AE160046257
:108E700001206080F4E776B191788078814203D256
:108E80009070A06800F0DEF8606830B12046296874
:108E900000F0B2F808E0012070BD28686060296821
:108EA000002048602868846009213046FFF75CFC98
:108EB000F1E70000700C002070B51B48012102682A
:108EC0005170006800F0B4F8184D6C7818E000BFDD
:108ED00005EBC40148680278EAB1012A20D000F00D
:108EE00013F9E878641C844200D100240F48801CE8
:108EF000D0E84F1F491EC9B2C0E8421F002AF7D16F
:108F0000A8780028E4D16C700948FFF777FDBDE828
:108F1000704000F05BB9098989B2FFF7D1FCE0E746
:108F20008968FFF725FEDCE7700C0020A8360120D9
:108F3000149E01200548017811B10121417070474C
:108F400003494FF08050086070470000C40C0020B7
:108F500004ED00E0F0B4154DAB1CEE784FEA0507C8
:108F6000D3E84F2FB24202D1BFF32F8F11E0521C32
:108F7000D4B2C3E8424F002AF2D100BFD7E84F2F46
:108F8000541CB44200D10024E4B2C7E8434F002B84
:108F9000F4D1EB78934205D905EBC202C2E9010195
:108FA000F0BC7047F0BC0220FFF786BAA83601205B
:108FB000104A10B5D368ABB113469B8A03E08CB15D
:108FC0002246A48A2344D4688B42F8D3C460D0607C
:108FD0000261C46804B12061591A8182908A401AE2
:108FE000908210BD0024C460D060C91A02619182D1
:108FF000848210BD2C9E012030B502780023022A05
:1090000003D0012A01D0032A00D101238C7800E08B
:109010001046426812B19578A542F9D24A60416083
:109020001BB102B19160886030BD0020FBE70000F9
:1090300003494A684260002282604860704700002D
:10904000149E012010B5836804462BB9607801286E
:109050000ED1084B03E09B6818780028FBD020460F
:1090600000F034F82146BDE810401846FFF7C4BFB1
:1090700010BD0000149E012090F82510806A09B1EF
:10908000603070472030704710B50C46FFF7F4FF92
:10909000046010BD70B515460C46FFF7EDFFC0E942
:1090A000004570BD10B5016900290ED0C268CA60C4
:1090B000C36800223BB18B8A848A23448B82C368B5
:1090C0001961C26000E08A82026110BD816839B115
:1090D00042684A604168002901D080688860704712
:1090E000054906E04A68824202D1406848607047FC
:1090F00011460029F6D17047149E01200222027009
:10910000002242604180704710B5416881B1FFF78D
:1091100075FC0446FFF7C6FF01206070014620463B
:10912000FFF7B2FF2146BDE810400348FFF764BFD8
:109130004188491C418010BD149E012010B5416832
:1091400061B1FFF75BFC04460121FFF79DFF20465C
:10915000FFF7A8FF2046FFF77FFB02E04188491C8C
:109160004180002010BD000010B50C46418819B1A7
:10917000491E4180002010BD34B10A4A436811687D
:1091800023B1FFF739FF07E0012010BD41601368EC
:10919000002159601168886007212046FFF7E4FA32
:1091A000F2E70000700C002006480068D0E90A10C1
:1091B000814203D300680449884202D00120FFF7AE
:1091C0007BB97047700C0020A52E5AE20749022295
:1091D00048604270064A1278002A05D006C98A42C1
:1091E00002D0C078FCF70AB870470000700C00206D
:1091F000D80C002070B5FBF7D9FF00200446204AA8
:10920000204902E042F82040401C0B889842F9D3E4
:109210001D48342201881D48FBF71CFB1C480088B0
:1092200080B240F000421B4801681B48FBF712FB6C
:109230001A48082201881A480068FBF70BFB194DF1
:10924000FF20194AE870EC8400212846FFF700FC53
:10925000164804210170446015480170C46004611F
:109260008482144815490560022068701248047011
:1092700044700978C170BDE87040FFF71BBC000066
:109280002C37012044DA030870DA030850F200207A
:1092900048DA030874DA0308A0F6002098DA030815
:1092A0006C0B0020D89C0120DB840308149E012055
:1092B0002C9E0120700C0020A83601207CDA0308C7
:1092C0001B4810B5016841F47F01016000684FF050
:1092D0007F4101EA00201649C0431439B0FA80F0FA
:1092E0000968C0F10800C1F30221814200D3481C83
:1092F0000F49091F0B686FF08072824063F31702F9
:109300000A60FFF7EDF80B49002808600EDB00F15A
:10931000E021FF2281F8002400F01F02012191408A
:109320004009800000F1E020C0F8001110BD0000ED
:1093300020ED00E0C80C00200C4810B502680121A7
:1093400051700068FFF774FEFFF72AFA08480168B9
:10935000491C0160FFF748FA00F0F0FE0548FFF7EE
:109360004DFBBDE81040FFF731BF0000700C00203E
:10937000CC0C0020149E0120002805D0810702D1CA
:109380000178002900D000207047000030B50B4C58
:109390000023626805E095688D4204D81346126880
:1093A000491B002AF7D10260816012B19568691AE1
:1093B00091600BB1186030BD606030BD680C00205A
:1093C0000D4B0022596803E0814204D00A46096827
:1093D0000029F9D104E019B1016822B1116003E05C
:1093E0004FF0FF3070475960016819B18A68806892
:1093F0001044886000207047680C00202DE9F0417F
:109400001E46174680460D4611F0FF0F00D14D1C39
:109410001848FFF77DF9041E16D0280AE762E08499
:10942000E9B242462046E661FFF712FB01251248E9
:10943000124905E000EB850252F8042C32B16D1C94
:109440000A889542F6D90020BDE8F081002DFAD0B7
:1094500000EB850040F8044C0948E570007818B12D
:1094600001212046FBF7BAFE2046FFF7F5F9284612
:10947000EAE7000050F200202C37012044DA03080C
:10948000D80C00202DE9F05F584DDFF85891DFF837
:10949000588129684FF0010A002618B1CA78AB46F6
:1094A000824243D14E70D6F700FF29688862FFF7E9
:1094B0007BFE2868046A1FE06068C0B12046FFF7A1
:1094C0009DFA07460021FFF7DFFD3846FFF7EAFD6A
:1094D00087F801A039464648FFF78EFDE168A4F8F9
:1094E00002A0A760386AE0603C620C4604E0E068D5
:1094F0006680A660E6600446002CDDD12868C2784C
:1095000008EB820141F8046CC16A3A48FFF74CFA53
:109510002868C66299F8001011B10021FBF75EFEC1
:1095200035482968FFF740FA2E6056E0334909882C
:1095300088420CD808EB800858F8045C3DB12846F6
:10954000FFF7C4FD2846FFF7ADFD2C6A22E0FF209F
:10955000BDE8F09F6068C0B12046FFF74FFA0746AC
:109560000021FFF791FD3846FFF79CFD87F801A029
:1095700039461F48FFF740FDE168A4F802A0A76044
:10958000386AE0603C620C4604E0E0686680A660F1
:10959000E6600446002CDDD148F8046C1548E96A01
:1095A000FFF702FAEE6299F8000018B10021284690
:1095B000FBF714FE29461048FFF7F6F90C48DBF8D4
:1095C000001040688B7882789A4209D981F801A00E
:1095D0000748DBF80010FFF70FFD0020FFF73CF90C
:1095E0000020B5E7D80C00202C370120700C00209B
:1095F000149E0120A0F6002050F2002044DA030857
:1096000070B5FFF70FFA04000CD0074D0748296822
:10961000FFF7F2FC2968012048702046BDE8704041
:10962000FFF7D4BD70BD0000700C0020149E012017
:1096300070B51A4D80B11A4A128890421FD8194A43
:1096400002EB800050F8044CCCB1A17084F82410D7
:109650002868A04205D014E028688170286880F846
:109660002410114840688078884215D90E4829682E
:10967000FFF7C2FC29680120487000200AE0FF20A3
:1096800070BD2046FFF7DEFC6078012804D1064853
:10969000FFF7B4F9FFF7E0F8002070BD700C002070
:1096A00044DA03082C370120149E01200248006888
:1096B000002800D0C0787047700C002033B58BB004
:1096C0000C460BA8D7F718F905462C222946684600
:1096D000D7F78EF800986071019820710298E070B9
:1096E0000398A0700498401C60700598643820703E
:1096F0000DB030BD1CB500240094019400F002F8B8
:109700001CBD00002DE9FF4F83B01646DDE9108730
:109710008A460446FDF762FD6FF00109002C68DD02
:109720005E480179A14264DB6FF00205BAF1000FD7
:1097300022D0002E20DD026804EB440000EBC401BF
:109740006FF02B0000EB810014182078002850D017
:10975000616A09B12C1F9BE0E1784FF0FF3B0129C2
:109760000CD0B8F1000045D03946FBF7B0FF18B176
:109770004046FBF7A3FFD8B32C4689E06FF00507FE
:10978000052814D1002530E06078FDF77BFDA0B9F5
:109790000698C00702D1A078C00702D0002DEBD1F7
:1097A00060E046212046FBF716FC810701D53C46C8
:1097B0006EE0810664D440074FD56078FDF706FE61
:1097C0008046711B414500D288464046FDF7EEFDBC
:1097D0000AEB050142460090D6F7C5FF6078424685
:1097E0000099FEF723F970BB4544B542CCD34EE057
:1097F00000E045E02046FBF7E3FB00200746009031
:1098000043E000BF40F60E05B8F1000006D0014667
:109810002348FBF7E4F82248008800E0A08808B15C
:1098200040F2AC55B54200D935462846FEF7EEFA6F
:109830000AEB07012A460190D6F795FFB8F1000F11
:1098400002D0174901E008E0211D60782B46019AFB
:10985000FEF7C2FBB0B1009808B15C4618E0A078F2
:10986000C00702D06FF0030412E0022020835021D1
:109870002046FBF7B0FB002121830D46800601D571
:109880004C4605E001202F440090B742BAD334463D
:10989000FDF7B4FC07B02046BDE8F08F8CDC030870
:1098A000920C002031B56846D7F726F80446606967
:1098B000642803DD6069A0F1640500E000250A4921
:1098C000CD70207C401C4870207B88700020E9F718
:1098D00087FF207A054908702079487020788870C1
:1098E0000020E9F7E1FF38BDB4000020B0000020FF
:1098F00013B5BDF8060000F07F001349C870BDF82D
:109900000400C0F303204870BDF8040000F01F00FD
:1099100088700020E9F764FFBDF80200C0F304205E
:109920000A490870BDF8020000F03F004870BDF819
:1099300000004FF47A7190FBF1F004498870002028
:10994000E9F7B2FF1CBD0000B4000020B000002009
:1099500010B5044620780A49C87060784870A0782D
:1099600088700020E9F73CFFE0780649087020790C
:109970004870607988700020E9F796FF10BD0000FC
:10998000B4000020B000002082780021130700D529
:109990000121D30601D541F00401920601D541F021
:1099A0000201828B4078FDF7DFBC000070B5214CCE
:1099B00015460A466178814226D1108820BB50881E
:1099C0007B2821D1302B1FD32078012802D00228F8
:1099D0001AD10BE0A11D1046FCF7DDF9002814D0C8
:1099E000287800F0070004280ED10FE0A078800747
:1099F00005D5A11D1046FCF7CEF9002805D0287822
:109A000000F00700052801D0002070BDA86A0A49AF
:109A100000BA884202D94942084400E00020E96ABD
:109A2000226909BA90472078022801D000F01CF87A
:109A3000012070BDB09D0120807EAA8310B530202A
:109A4000FEF7E4F904463021D6F70CFF05491B2048
:109A50002070487822463023BDE81040891DFEF76B
:109A6000BBBA0000B09D012010B5044C6078FEF731
:109A7000B7F900202070A080E07010BDB09D0120DB
:109A80002DE9F04114460E460546FDF7A7FB012DD2
:109A900001D0032D0AD1012E05D0022E06D144B1EA
:109AA000022C03D105E024B1012C02D06FF0020595
:109AB0000CE0184F01253C6803E0207858B12C34A5
:109AC0006D1C3879A842F8DA4FF0FF35FDF796FBA8
:109AD0002846BDE8F0810020022E02D0012E04D0DD
:109AE00009E00D48FEF7A2F902E00C48FDF782FC00
:109AF000002800DA002010F0FF006070E4D0E6706B
:109B0000002020776077F888E08201202070A57718
:109B1000DCE700008CDC0308954E0308B14D030818
:109B2000F0B50646B0EE403A0022AFE0B7EE005A7C
:109B300073EE055A05EE102AB8EEC55A65EE852A71
:109B4000BDEEE25A15EE107A39B205EE101AB8EEF3
:109B5000C55A32EEC50A771A39B2002902DA01F580
:109B6000C06739B24F1E3BB2002B02DA03F5C06763
:109B70003BB25F1E3CB2002C02DA04F5C0673CB277
:109B8000671E3DB2002D02DA05F5C0673DB2002028
:109B900078E000EB4007DFF8FCC00CEBC72757F874
:109BA000217005EE107AF8EEC50A00EB40070CEBC9
:109BB000C72757F8237005EE107AB8EEC51A00EBE8
:109BC00040070CEBC72757F8247005EE107AF8EE23
:109BD000C51A00EB40070CEBC72757F8257005EEB8
:109BE000107AB8EEC52AB0EE005A22EE055AF2EE0F
:109BF000025A05EEE15AF3EE025A05EE815AF2EEF0
:109C0000065A05EEE05AF1EE085AC5EE253AF1EE95
:109C1000005AB0EE425A05EEE15AF1EE045A05EE52
:109C2000815AF0EE005A15EEA05AF0EE005A85EE79
:109C3000254AF0EE085AB0EE425A05EEE15AF0EE2F
:109C4000085A05EE815A35EE605AF1EE085AC5EE13
:109C5000254AB0EE605A03EE805A64EE005A05EED3
:109C6000805A64EE805A65EE805A05EE805A0A4F9B
:109C700007EB8027C2F1FF0C07EB8C0787ED005A3A
:109C8000471C38B2062884DB571C3AB2FF2A7FF7FC
:109C90004DAFF0BD2023002020B3002010B50028D8
:109CA00004D0FFF737F8FEF7F9FD402010BD0000A3
:109CB00010B5134C207860B91248400705D11248FE
:109CC00001681048FEF7E8FE08B1852010BDFFF7D7
:109CD00091FA0E49FF2009688870207858B9002150
:109CE0000B4800F041F80B49086000210A4800F0D9
:109CF00033F90A490860012020700020607010BD0F
:109D0000680C002040F8002078DA0308700C00206E
:109D100090DA0308640B002080DA0308600B00204F
:109D200070B50F4D687808B1002070BD0D4C2068EB
:109D300090F824100020FFF77BFC2068C178FF29F1
:109D400003D1816A203181F30988616811B96060AB
:109D500000202060FFF7B4FA01206870E4E70000FB
:109D6000680C0020700C002010B5040005D021689C
:109D700019B1606808B102780AB1002010BD8900ED
:109D8000103189B2FEF7E6FE606810BD3EB50400F2
:109D90000D464FF0800012D0217801290FD12846BE
:109DA000FEF7B8FF0246204601A9FEF759FF012839
:109DB00001D0102003E00DB1402000E00020DDE9DB
:109DC000011203B030BD10B5002804D004680CB1F6
:109DD000207808B1002010BD2046FEF7BDFF2046C8
:109DE00010BD10B5FEF730FE10B10178032901D087
:109DF000802010BDFEF7B8FFFF2801D0002010BD65
:109E0000812010BD70B50D46FEF71EFE040002D085
:109E10002078032801D0802070BD2846FEF77AFF05
:109E200001462046FFF70CF8012803D0FF2804D094
:109E3000002070BD0DB1C12070BD812070BD10B576
:109E4000002807D0046824B1207810B9B1F5803F0C
:109E500001DB002010BD89B22046FFF74FF92046F4
:109E600010BD10B5FEF7F0FD10B10178022901D048
:109E7000802010BD4188A1F57F42FF3A03D0FFF753
:109E80005DF9002010BD812010BD70B50D46FEF7B4
:109E9000DBFD04004FF0FF300DD0217802290AD1FC
:109EA0002846FEF737FF01462046FFF75DF90128F7
:109EB00002D06088401C70BD002070BD70B50C469B
:109EC000FFF75AFA4FF0004108B1220C01D00846C2
:109ED00070BD058BC178A0B2FEF7E4FC284670BDCA
:109EE00070B50C46FFF748FA4FF0004108B1220C5C
:109EF00001D0084670BD058BC178A0B2FEF708FD01
:109F0000284670BD70B504460D46000C01D0862071
:109F10001EE008462CB1FEF7FDFE0146A0B201226C
:109F200005E0FEF7F7FE014600224FF6FF70FEF750
:109F30001DFD022802D04DB1402008E008200CB1E0
:109F4000214605E003490968498B01E00020002112
:109F5000324670BD700C002070B50E46040029D04A
:109F6000206838B3606810F1030F23DB032821DC7D
:109F7000E16829B11048FEF7D8FB05001AD000E0CF
:109F800000256068E168001D40EA012133462A4649
:109F90002068FFF733FA40B1084901EB8000084917
:109FA00050F8040C826A516370BD1DB12946024805
:109FB000FEF710FD002070BD40F800202C37012076
:109FC0009583030810B5FFF771FB002804D00349FF
:109FD00001EB800050F8040C10BD00002C3701206C
:109FE00010B5FFF7C9F910B18078001F10BD8420AB
:109FF00010BD10B50C46FFF7BFF920B1E11C0729D1
:10A0000003D3862010BD802010BD241DE1B2C0788E
:10A01000FFF70EFBFF2801D0002010BD812010BDEE
:10A0200010B5FFF7A9F918B1C18C19B1C46A02E0E3
:10A03000802010BD0024C078FFF724FAFF2806D046
:10A040001CB121460348FEF7C5FC002010BD81204D
:10A0500010BD000040F8002010B5FFF7D1FA002035
:10A0600010BD10B5FEF7F0FC20B141690A68016926
:10A07000104610BD0020014610BD000010B50300C1
:10A080000CD0186850B15868002808D009B10129CF
:10A0900004D1074C24680CB104790CB1002010BD28
:10A0A00000240460012404714171C0E9042310BD3F
:10A0B000600B002070B50E46FEF7C6FC040016D0FB
:10A0C000BEB1144A00214FF47A7310681268401E22
:10A0D00041F1FF35E6FB030529460023D6F7D2F907
:10A0E0000546207901280CD0022808D103E0802001
:10A0F00070BD862070BD2046FFF762F920B1812037
:10A1000070BD02202071E56029462046FFF73EF928
:10A11000002070BD68DA030810B5FEF795FC18B191
:10A120000179022908D101E0802010BD01210171CF
:10A13000FFF746F90028F8D0812010BD2DE9F04145
:10A14000134E7468002C1CD0A068124F401E4FF0B4
:10A150000108A06012E025462468746000222946A8
:10A160003868FBF7D6FA10B10420FEF7A5F9687934
:10A17000012808D085F80480002C02D0A0680028AF
:10A18000E9D0BDE8F0812846E968FFF7FFF8F3E77A
:10A19000680C0020640B002011480021427BDAB1DA
:10A1A000417301218173112101738168491C01F000
:10A1B0000F028160082A07D00A2A0CD1891D81600C
:10A1C00013210173FCF7B6BF1522027311F47C7FD3
:10A1D00001D11D21017370471022027381737047F2
:10A1E000F49D0120F0B50346C2BB204A0025147936
:10A1F000106816E090F90060022E10DD5E888788F6
:10A2000036BAB7EB164F0AD11F88C6893FBAB6EBEC
:10A21000174F04D1D1F81E600769BE421DD04C30E3
:10A22000641E002CE6DC587B10F0150F1BD1800754
:10A2300019D51479106814E00278022A0FD15E88CB
:10A24000828836BAB2EB164F09D11A8812BA120CAC
:10A25000C2818581D1F81E100161F0BD03E04C3050
:10A26000641E002CE8DC0020F7E7000078DC03081F
:10A27000F0B50A7B6FF0030303EA9205143D25D085
:10A2800000224FF4B4634FF4067414311CE08E5C6A
:10A29000002E1BD0012E02D0022E10D101E0521C44
:10A2A00012E08E187778042F09D1768876BA9E420C
:10A2B00001D91E4602E0A64200D2264686828E18AA
:10A2C0007678002E02D03244AA42E0D3F0BD0000DE
:10A2D00070B50446026A406C0D46014604E083896D
:10A2E0001A44954203D040680028F8D100E030B904
:10A2F000531C9D4234D1A378DB0731D0154625622B
:10A30000A26A521B00D5A5628A6882B1204B1B68E5
:10A310009A1AB4F93630B2EBE3021344E38600D55F
:10A320005242B4F93830A2EBA3021A442287002229
:10A33000626440B143686364426004E008464E686A
:10A34000FCF748FE31460029F8D1A078010708D56E
:10A35000A16A691A04D420F00800A070A08F608759
:10A3600070BD608FA18F4FF480356B1E8842A18A2B
:10A3700005D80144A94200D31946618770BD4943FD
:10A3800091FBF0F10A18AA4200D31A46628770BD09
:10A39000F49D0120C17F032924D317D1828E418FE0
:10A3A0008A4200D21146828A4908B1EB420F00D896
:10A3B0005100818702EB420211444187416A816268
:10A3C000817841F00801817000F01AB8817809079E
:10A3D00008D5418F828A1144B1F5803F01D34FF6F1
:10A3E000FF714187704710B50146406C00224A64F6
:10A3F00003E04468FCF7EEFD20460028F9D110BDCB
:10A40000817841F004018170406C002102E081609C
:10A41000C18140680028FAD1704700002DE9F04161
:10A420000446006A656C04E0E98929B1A9896D6870
:10A430000844002DF8D117E0B5B11C49A27F497935
:10A44000891A072900D90721228FB4F9363002EB87
:10A45000E3028A406283E18A2183A17841F080018E
:10A46000A1706F6877B112E0A178C90704D060626B
:10A470001121204600F01CF8A07820F00400A07004
:10A48000BDE8F081CA0702D121F00401A170AE89B4
:10A49000A86046F000422946204600F044F86F606C
:10A4A000AE81EE810020A860EAE7000078DC0308B6
:10A4B00070B504460E464E20FCF738FD00210180A1
:10A4C000A2888280E289C280626A05468260A078A2
:10A4D000420605D520F04000A070A868401EA86084
:10A4E000B00702D0606A401C6062206CE8607007B0
:10A4F00002D5F00600D4E960E08F2882AE74A0890E
:10A5000070B1E0790123E874217704F11002284644
:10A51000A16800F0B3F82846BDE87040FCF75ABDCA
:10A520000023A079EFE730B40C4691B221808388F4
:10A53000A380C389E380002A04DB426AA260426AE6
:10A5400011444162016CE160C18F21821021A1742C
:10A5500081780A0604D521F0800181701821A17448
:10A56000818959B1C1790123E1740021017700F19A
:10A5700010028168204630BC00F080B80023817949
:10A58000F2E72DE9F0410546407B17460E464007AD
:10A590002AD44A20FCF7CAFC0023044603806888BA
:10A5A00000BA010CA180288800BA010CE180A868DB
:10A5B00001BAA160686801BAE160687B10F0120F0F
:10A5C00002D00420E36000E01420A074238237B995
:10A5D00006F11E02E374111D204600F04FF82046DC
:10A5E000BDE8F041FCF7F6BCBDE8F081838F818ABD
:10A5F0004FF6FF722BB1B1F5896F06D202EA8101E5
:10A6000005E002EA4102828701E001EB4101418756
:10A610007047000030B4184A002301700B2922D281
:10A62000DFE801F0212121150A1B1B1B1B060E0070
:10A6300002214183837714E051894183917C0FE0AB
:10A64000C18A0183817821F0020181700377D1886A
:10A6500041835179817730BC7047D1884183012192
:10A6600081770383F7E783704FF406718182118A43
:10A67000C18730BCFFF7B7BE78DC0308F8B50446E5
:10A6800000F13A058088164600BA000C2880E08860
:10A6900000BA000C6880A06800BA6860E06800BA80
:10A6A000A86050202873A07C6873208A00BA000C30
:10A6B000E88100202882688220886080A07C800752
:10A6C0000FD54FF4017104F14E0009BA090C018055
:10A6D0001649C98909BA090C4180602028730420F1
:10A6E00020802088143082B222800BB10020F8BD77
:10A6F00031462020FCF788FB60B93046FCF782FA2F
:10A700002188009106232A463146FCF7CEF900BA8B
:10A71000000C2882E37C2088A08280200090062202
:10A72000314604F11400FCF7CFFAF8BD78DC0308D9
:10A730002DE9FF4E81468A460020A4490870A448AE
:10A74000006800287ED1A34801684068A24AD2E987
:10A750000032C91A60EB02009F4AC2E9001010469D
:10A76000006801909D490091DDE90010884203D9FD
:10A770004FF47A709A4908609A48D0E90030964AB6
:10A7800006CA591A904105D29348D0E90010954A5B
:10A79000C2E900109048D0E90030934A06CA591A1D
:10A7A000904105D28C48D0E900108F4AC2E90010D0
:10A7B0008E480468B9F1000F13D124F0080404F0A6
:10A7C00001040068844204D0884804602046EBF706
:10A7D00030F80120864908604FF47A70804908609B
:10A7E000F1E00220824908608248006800280BDB03
:10A7F000804800684FF4616148437F49086008461B
:10A800000068484403900CE07A48006840424FF4E6
:10A81000616148437849086008460068A9EB000078
:10A820000390CDF808A0754ADDE902101268C2E96C
:10A83000001071480068401C6F4908604846FFF7E7
:10A8400031F800E068E044F008046D48D0E90010F9
:10A8500000235940584001434CD0694BDDE90210B8
:10A860000CCB8D1A60EB030608206942B04149D237
:10A870006448006864490968A0EB010B4FEA5B007B
:10A88000451946F100065A46002328463146D5F7B9
:10A89000F9FD5E4908605A4ADDE9020103C25948E0
:10A8A00000685949086059480068B0F5022F08D976
:10A8B00056480068B0F5042F03D254480068544944
:10A8C0000860474800684FF4FA31B1EB400F04DBF1
:10A8D00043480068400042490860381E01DB0146D9
:10A8E00000E041424B4A91420CDD4FF47A703C4902
:10A8F000086007E0424ADDE9020103C241480068FE
:10A90000414908603948006884425CD03748046097
:10A910002046EAF78EFF56E0B9F1000F01D1012081
:10A9200000E00020BAF1000F01D1012100E0002178
:10A930000840A0B124F0080404F001042B4800688A
:10A94000844204D0294804602046EAF772FF0120BF
:10A95000274908604FF47A702149086033E072B6E5
:10A9600000212D48EEF701FD62B62248006800285C
:10A970000BDB204800684FF4616148431E490860C2
:10A9800008460068484403900CE01A4800684042BA
:10A990004FF4616148431849086008460068A9EB14
:10A9A0000000039004F0020018B11C4850440290CB
:10A9B00001E0CDF808A0114ADDE90201126803C2E6
:10A9C0004846FEF76FFFBDE8FF8E000049020020F9
:10A9D000840200201002002058020020BECCCC0CC3
:10A9E0001C020020600200206802002020020020DB
:10A9F00050020020940000207C020020240200204D
:10AA000038020020180200204002002078020020B6
:10AA10003002002037894100001400408081557CBD
:10AA2000094B10B50022196809E04C88844204D112
:10AA30000C78012C01D9012010BD0C31521C1C795D
:10AA40009442F2DC002010BD70DC030870B50446AF
:10AA500000250FE00120FDF7A7FB0848006840B182
:10AA60000020064908604FF47A70FDF79DFB012035
:10AA700070BD6D1CA542EDD30020F9E72C0200202B
:10AA800010B500290AD00878002807D00548784476
:10AA9000D6F7BCFA002801D0002010BD0248784447
:10AAA00010BD00008A3800008238000081F00041AB
:10AAB000704780F00040704721F00041704720F05F
:10AAC0000040704721F00042A2F16052B2F5801FB1
:10AAD00001F0004328BFD2F17F6C0BD95FEA001C64
:10AAE00043EAC20242EB507018BF704728BF20F003
:10AAF00001007047B2F5801FBCBF184670474FEA8F
:10AB0000410C1CF5001F02D2084600F08FBE70B544
:10AB100000F0CAFB00000089FFF7F6BF4FF00040CD
:10AB2000A0F580007047000010B591EA030F48BF00
:10AB300083F0004300F12285841A71EB030C05D2E7
:10AB4000121943EB0C03001B61EB0C01DFF824E14D
:10AB50004FEA1154A4EB135C1EEA430F18BF9EEAA0
:10AB6000445F73D023EA0E03DCF1200E21EA045186
:10AB700043F4801332D322FA0CFE10EB0E0023FABA
:10AB80000CFE41EB0E01CCF1200E03FA0EFE10EB91
:10AB90000E0051F10001B1F5801FCCF1200E32D230
:10ABA00001EB045112FA0EF2BDE8104058BF704795
:10ABB000401C38BF5FEA420218BF7047002814BF2C
:10ABC00020F0010041F100014FEA410313F5001F9D
:10ABD00038BF7047A1F1C04100F0B4BB012A43EB7C
:10ABE0000302ACF1200CDCF11F0E32BF4FF0000E5F
:10ABF00023FA0CF310EB030041EB0451B4EB115FAB
:10AC0000D0D0A1EB045101F5801149085FEA300072
:10AC100001EB04510ED350F1000038BF12FA0EFEC2
:10AC200008D1BDE81040C9E7401C38BF5FEA4202C6
:10AC3000CAD1C3E7BDE810404FEA410313F5001F36
:10AC400038BF7047A1F1C04100F07CBB9EEA445F71
:10AC500008D011EA5E0FBDE8104004BF01F00041CA
:10AC600000207047BDE8104070B500F01DFB00BF2C
:10AC700064FBBE3E0000E0FF491058BFC1F14041F7
:10AC80005B1058BFC3F140438B42EFF30080704725
:10AC90002DE9C04130B4DFF8A0C23CEA111418BF5E
:10ACA0003CEA131400F0EC8081EA03051CEA11145D
:10ACB00044EAD57418BF1CEA131500F0C780A4EB52
:10ACC00005044FF0004545EAC12145EAC32341EAA6
:10ACD000505143EA525304F17F74994204F5003411
:10ACE0004FEAC0204FEAC22208BF904200F09C8089
:10ACF0004FEA13650FF24016765D4FEA134506FBE7
:10AD000005F7C7F1807706FB07F74FEAD737A7FBB0
:10AD100003687642C8F58038A7FB06CE38BFA8F195
:10AD2000010807FB08E64FF0000EA6FB028CE6FBCD
:10AD300003CEDCF1000CCEF1004E38BFAEF1010EB7
:10AD4000A6FB0C584FF000074FF00005E6FB0E87FE
:10AD5000A1FB08C6A0FB07CE16EB0E0645F10005C9
:10AD6000E1FB076515F1E04E7EBFA4F580345FEA94
:10AD700046066D4116F1800745F100054FEA172799
:10AD80004FEA066647EA0567A6F1DE46B6F1805F40
:10AD90004FEA15251FD9384624F0010C05EBC47184
:10ADA000BCF1FE6F01EB0C1102D8F0BCBDE80081D4
:10ADB00024425CBF01F5801E9EEAC47F02D4F0BC31
:10ADC000BDE80081244238D4F0BCA1F1C041BDE807
:10ADD000004100F0B7BA4FEAD22242EA43524FEAAA
:10ADE000D323A7FB02864FEAD02040EA415007FB5D
:10ADF00003661EEA0E0F4FEAD12105FB026658BF1B
:10AE0000A6EB0056B6EB00564FEA520E4EEAC37E52
:10AE100018EB0E0E56EB530EBDD518EB02085E4133
:10AE20007F1C55F10005B6E74FF480154FF0000781
:10AE30004FF000064FF00008ADE7F0BC4FF0000007
:10AE400001F1C04101F00041BDE8008111EA0C1F91
:10AE50000CEA131500D00CE013EA0C1F00F025805B
:10AE60004FF00000F0BC81EA030101F00041BDE8B1
:10AE70000081F0BCBDE8004181EA030100F062BA44
:10AE8000F0BCBDE8004170B500F00EFA097EFC3E52
:10AE900000F007B881EA03014FF0000001F0004123
:10AEA000704781EA030100F04DBAF0BCBDE80041F3
:10AEB0004FF0000021497047FFFDFBF9F7F5F4F270
:10AEC000F0EEEDEBE9E8E6E4E3E1E0DEDDDBDAD845
:10AED000D7D5D4D3D1D0CFCDCCCBCAC8C7C6C5C4A3
:10AEE000C2C1C0BFBEBDBCBBBAB9B8B7B6B5B4B3BA
:10AEF000B2B1B0AFAEADACABAAA9A8A8A7A6A5A4A5
:10AF0000A3A3A2A1A09F9F9E9D9C9C9B9A99999868
:10AF10009797969595949393929191908F8F8E8E0B
:10AF20008D8C8C8B8B8A8989888887878685858498
:10AF300084838382828181800000FF070000F87F84
:10AF40004FEA41034FEA5353A3F58063D3F11E0345
:10AF5000C8BFD3F1210C0CDD4FF0004242EAC12200
:10AF600042EA505232FA03FC8CEAE17CACEBE1702D
:10AF70007047102BC4BF0020704703F5787CBCF1EC
:10AF8000FF3F04D06FF0004282EA2100704770B5A5
:10AF900000F08AF94992248000207047F2E700000F
:10AFA0004FEA1153A3F58063D3F11E03A8BFD3F179
:10AFB000200C08DB4FF0004242EAC12252EA505214
:10AFC00032FA03F0704709420BD4102BC4BF0020A3
:10AFD000704703F5787CBCF1FF3F05D04FF0FF30A0
:10AFE00070474FF00000704770B500F05DF900BF8A
:10AFF0004992248000207047F0E710F0004248BFDB
:10B000004042B0FA80F310FA03F10AD0C3F11D03F5
:10B0100003F580634FEA415002EB035202EBD1216A
:10B0200070474FF000007047B0FA80F310FA03F158
:10B030000AD0C3F11D0303F580634FEA41504FEA84
:10B04000035202EBD12170474FF00000704700001F
:10B05000B1FA81F30B3B20D3994010D1B0FA80F3C1
:10B0600010FA03F108BF7047C3F11D0303F58063B5
:10B070004FEAD1224FEA415002EB03517047C3F12E
:10B08000200C20FA0CFC9840C3F1320303F58063D6
:10B0900041EA0C0101EB0351704710B5C3F1000404
:10B0A000C3F1320CC4F1200E0CF5806201FA0EFCE3
:10B0B00021FA04F100FA0EF3E040BDE8104040EA46
:10B0C0000C0001EB025138BF7047401C41F10001F8
:10B0D0005B0008BF20F001007047000051EA030C3C
:10B0E00017D41CF5801F58BFBCF5801F00F10680E7
:10B0F000994218BF704708BF9042704707D711F5B3
:10B10000801F58BF13F5801F19D499427047894298
:10B1100070471CF5801F08D5BCF5801FF7D58B4202
:10B1200018BF704708BF824270474FF4001C1CEBE9
:10B13000410F38BF1CEB430F01D28B42704770B5F3
:10B1400000F0B2F8922449004FF000514FF08053C4
:10B15000FFF792BDDFF848C170B51CEA111E1EBF93
:10B160001CEA13159EEA0C0F95EA0C0F00F06F8095
:10B1700081EA030423EA4C134EEAD47E21EA4C11FF
:10B1800041F4801143F48013AE44A1FB024CA0FBB8
:10B190000365AEF17F7E361955EB0C05A1FB034C20
:10B1A0004CF10003A0FB021C16EB0C06654153F1A9
:10B1B0000003094218BF46F0010613F4007F0BD1CB
:10B1C0004FEA03314FEA0530340341EA155140EAB2
:10B1D00016506FF003020AE04FEAC3214FEAC52080
:10B1E000F40241EA555140EA56506FF0020202EB78
:10B1F0002E4201EB025585EACE710AD05FEA440C7B
:10B2000018BF24F0004450F1000041F1000120EA91
:10B21000D47040F2FE7C624500D270BDA84214BFDB
:10B220004FF080444FF04044002E08BF0024BEF190
:10B23000806FA8BFA1F1C041BDE8704080F282805C
:10B240004FF0000001F1C04101F0004170479EEA5B
:10B250000C0F0CEA131518BF95EA0C0F06D04FF02F
:10B26000000081EA030E0EF0004170BD00F01CF8F2
:10B270008900013E00F007B800F009B84FEA430C1E
:10B280005FEA5C5C08D081EA030100F05BB84FEA3A
:10B29000410C5FEA5C5CF6D14FF000000149704759
:10B2A0000000FF070000F87F0EF1020E2EF0030EE3
:10B2B0005EF8046B364205D4012A43EB030515F50D
:10B2C000001F12D8012841EB010C1CF5001F0CD8FF
:10B2D0000ED14FEAD17C15F5001F0CEB4C0C0CF194
:10B2E000020C08BF4CEBD37C04E04FF0080C01E0EB
:10B2F0004FEAD37C0CEB4C0526FA05F606F0070660
:10B30000B6F1040C06D20EEB860CBDE870404CF092
:10B31000010C6047DFE80CF0090B02024FF000411E
:10B320004FF00000A1F5002170BD1946104601281C
:10B3300051EB010418BFD4F5001484BF002001F0C4
:10B34000004170BD0808A0F500114FEA31017047B7
:10B3500053EA010C17D41CF5801F58BFBCF5801FA1
:10B3600000F106808B4218BF704708BF82427047C9
:10B3700007D713F5801F58BF11F5801F19D48B42D2
:10B3800070479B4270471CF5801F08D5BCF5801F95
:10B39000F7D5994218BF704708BF904270474FF4E5
:10B3A000001C1CEB430F38BF1CEB410F01D299422C
:10B3B00070470FB40CBC03BCFFF7C1BE91EA030F8A
:10B3C00010B581F000413FF5B7AB83F0004300F0CA
:10B3D000D5B800002DE9F04101F5801CBCF5001F37
:10B3E000C0F2A9804FEA115C21EA0C510CF1FD0C6E
:10B3F00041F480115FEA5C0C0CF5C07C01D3400085
:10B40000494130A4890241EA905187028E0E0A0C0C
:10B41000A45D04FB04F602FB06F6C6F14046A4FB5D
:10B420000662F60D46EA422606FB06F4A4FB01235B
:10B430005242C3F1404338BF5B1EA6FB02420024C8
:10B44000E6FB0324D20B42EA4446A6FB0623A1FBFB
:10B4500002E2A3FB07E4E3FB61426442C2F1404E17
:10B4600038BFAEF1010EA6FB04234FF00002E6FB4D
:10B470000E32A2FB03463400E2FB6264A1FB06E647
:10B48000A4FB07E8E4FB61687642C8F1405838BF86
:10B49000A8F10108A2FB06E4A3FB08E5E2FB68545F
:10B4A000A1FB05E6A7FB04E8E1FB648618F1200593
:10B4B00056F10006A809A8F11B08B10908F03F08D9
:10B4C000B8F10A0F40EA86601CD901EB0C51BDE8C7
:10B4D000F08100BFFCF5EEE8E2DDD8D3CFCBC7C3E7
:10B4E000C0BDB9B6B4B1AEACA9A7A5A3A19F9D9BA1
:10B4F0009A9896959392908F8D8C8B898887868564
:10B5000084838281A0FB006800FB01F208EB420803
:10B51000B8EB872807D5341858EB0104D5D5401C63
:10B5200051F10001D1E7341A78EB0104CDD4401E6B
:10B5300071F10001C9E75FEA4C0C5FEA9C5C0DD138
:10B5400005D34FF0000001F00041BDE8F081BDE8F7
:10B55000F04170B5FFF7A8FE6DDBFFBEBDE8F0411E
:10B560004FF00000004970470000F87F10B591EAE5
:10B57000030F48BF83F000433FF5DEAA841A71EB46
:10B58000030C07D212198CF0004C43EB0C03001B88
:10B5900061EB0C01DFF8A4E14FEA1154A4EB135C5A
:10B5A0001EEA430F18BF9EEA445F00F0B08023EA12
:10B5B0006E03524221EA0451C3EB6E0338BF5B1E97
:10B5C000DCF1200E25D322FA0CFE10EB0E0043FA1C
:10B5D0000CFE41EB0E01CCF1200E03FA0EFE10EB37
:10B5E0000E0051F10001CCF1200E29D412FA0EF216
:10B5F00001EB0451BDE8104058BF7047401C1CBF10
:10B60000B2F1004F704700280CBF491C20F0010028
:10B61000704712EB020E43EB030218BF4FF0010E0E
:10B620004EEA4202ACF1200CDCF11E0E54D943FA72
:10B630000CFE10EB0E0051F1FF31CCF11E0ED5D5F2
:10B640000EF1010E12FA0EFE404141EB010101EB39
:10B65000445C5FEA5C5C10D910EBDE7001EB0451D6
:10B6600038BFBEF1004FBDE8104018BF704700283A
:10B670000CBF491C20F00100704730D24FEAD42C97
:10B6800011F5001124F400641BD0B1FA81F20B3AD9
:10B69000A41AA41ED2F12003914030FA03F31943F7
:10B6A000904001EBCC71002C01EB0451BDE810403F
:10B6B000A8BF704701F1C0414FF0000001F0004108
:10B6C0007047B0FA80F310FA03F100D110BDE41A0C
:10B6D000173C4805C90AE4E701EB045110BD4910C5
:10B6E00001EB0451BDE810404FEA300002E04FF09A
:10B6F000000170474A0008BF0042F8D0B2F5001FB1
:10B7000028BF704701F000414FF0000070479EEAEB
:10B71000445F07D011EA5E0FBDE8104004BF00216E
:10B7200000207047BDE8104070B5FFF7BDFD00BFB9
:10B7300040DFF63E83F00041104670470000E0FF16
:10B7400043004FEAD30C4FEA3C0C43401FBF400775
:10B750000CF1605113F0FE4F70471CF0006F03D1E5
:10B7600000200CF0004170470CF0004343EA507099
:10B7700010B540EACC0000F00EF800BF00000092C7
:10B780004FEA0001FFF7DEBD4FF000414FF000002F
:10B79000A1F5002170470EF1020E2EF0030E5EF8A7
:10B7A000044B244204D44FEA4102B2F17F4F11D836
:10B7B0004FEA4003B3F17F4F0CD80ED14FEAD07C53
:10B7C000B2F17F4F0CEB4C0C0CF1020C08BF4CEBB0
:10B7D000D17C04E04FF0080C01E04FEAD17C0CEB87
:10B7E0004C0324FA03F404F00704B4F1040C06D269
:10B7F0000EEB840CBDE810404CF0010C6047DFE814
:10B800000CF0070802024FF00040A0F5800010BDC8
:10B810000846420018BFD2F1807288BF00F0004095
:10B8200010BD4FF04070E1EE100A7047FF2141EA71
:10B83000D050C005704700004FEAC1230A1543EA03
:10B8400050534FEAC02C18BF43F000431BD4A2F260
:10B850004E02D2F57C72C0F22080502AA8BF50223E
:10B8600023FA02F12CFA02F060B4D2F1200284BF74
:10B8700003FA02F52843C2F100029CBF23FA02F545
:10B88000284360BC704701F1804212F5801F04DA42
:10B890004FF000004FF00001704770B5FFF704FD56
:10B8A00049922480002001E06FEAE1700146704770
:10B8B0004D2402080000000001000000000100000B
:10B8C00069FD010801000000010000000002000005
:10B8D000BD3C02080000000002000000000400005F
:10B8E000ADFC0208FFFFFFFF0200000000040000A3
:10B8F000CDCCCC3D0AD7233C6F12833A17B7D13851
:10B90000ACC5273700000000000020410000C842FD
:10B9100000007A4400401C46595302080000000011
:10B92000010000000004000000001F003C005B005C
:10B9300079009800B600D500F400120131014F01E2
:10B9400000001F003B005A0078009700B500D400AB
:10B95000F300110130014E01601700208417002010
:10B9600094170020A4170020FC170020A5A60108AA
:10B97000FFFFFFFF0100000000040000C9F90208FA
:10B98000010000000100000020030000541E002000
:10B99000EB3C904D53444F53352E30000280010054
:10B9A0000110000040F8010001000100000000004B
:10B9B000000000000000297419022753544D33334E
:10B9C000205553422020464154313220202033C993
:10B9D0008ED1BCF07B8ED9B800208EC0FCBD007C1F
:10B9E000384E247D248BC199E83C01721C83EB3ACC
:10B9F00066A11C7C26663B07268A57FC750680CA12
:10BA00000288560280C31073EB33C98A461098F738
:10BA1000661603461C13561E03460E13D18B761171
:10BA2000608946FC8956FEB82000F7E68B5E0B0362
:10BA3000C348F7F30146FC114EFE61BF0000E8E683
:10BA400000723926382D741760B10BBEA17DF3A6A4
:10BA50006174324E740983C7203BFB72E6EBDCA0B5
:10BA6000FB7DB47D8BF0AC9840740C487413B40E1D
:10BA7000BB0700CD10EBEFA0FD7DEBE6A0FC7DEB5E
:10BA8000E1CD16CD19268B551A52B001BB0000E846
:10BA90003B0072E85B8A5624BE0B7C8BFCC746F0E9
:10BAA0003D7DC746F4297D8CD9894EF2894EF6C674
:10BAB00006967DCBEA030000200FB6C8668B46F8D9
:10BAC0006603461C668BD066C1EA10EB5E0FB6C8F3
:10BAD0004A4A8A460D32E4F7E20346FC1356FEEB6F
:10BAE0004A525006536A016A10918B461896923357
:10BAF000D2F7F691F7F64287CAF7761A8AF28AE801
:10BB0000C0CC020ACCB80102807E020E7504B44299
:10BB10008BF48A5624CD136161720B407501420388
:10BB20005E0B497506F8C341BB000060666A00EB16
:10BB3000B04E544C44522020202020200D0A526543
:10BB40006D6F7665206469736B73206F72206F74FC
:10BB5000686572206D656469612EFF0D0A44697322
:10BB60006B206572726F72FF0D0A507265737320DD
:10BB7000616E79206B657920746F207265737461D2
:10BB800072740D0A00000000000000ACCBD855AA6A
:10BB9000F8FFFFFF4F00FFFFFF0000000000000064
:10BBA0000000000000000000000000000000000095
:10BBB0000000000000000000000000000000000085
:10BBC00021F0FF23400225600227800229A0022BDA
:10BBD000C0022DE0022F0003312003334003356003
:10BBE0000337800339A0033BC0033DE0033F00045B
:10BBF00041200443400445600447800449A0044BAD
:10BC0000C0044DE0044F0005512005534005556028
:10BC10000557800559A0055BF0FFFFFFFFFFFFFF01
:10BC20000000000000000000000000000000000014
:10BC30000000000000000000000000000000000004
:10BC400000000000000000000000000000000000F4
:10BC500000000000000000000000000000000000E4
:10BC600000000000000000000000000000000000D4
:10BC700000000000000000000000000000000000C4
:10BC800000000000000000000000000000000000B4
:10BC900000000000000000000000000000000000A4
:10BCA0000000000000000000000000000000000094
:10BCB0000000000000000000000000000000000084
:10BCC0000000000000000000000000000000000074
:10BCD0000000000000000000000000000000000064
:10BCE0000000000000000000000000000000000054
:10BCF0000000000000000000000000000000000044
:10BD00000000000000000000000000000000000033
:10BD10000000000000000000000000000000000023
:10BD20000000000000000000000000000000000013
:10BD30000000000000000000000000000000000003
:10BD400000000000000000000000000000000000F3
:10BD500000000000000000000000000000000000E3
:10BD600000000000000000000000000000000000D3
:10BD700000000000000000000000000000000000C3
:10BD800000000000000000000000000000000000B3
:10BD900041564D2020202020202020280000000097
:10BDA0000000000000000000000000000000000093
:10BDB00053595354454D2020444154210000000064
:10BDC0002100BB320000DC83BB3202000000010016
:10BDD000574F524B4A20202044415421000000007C
:10BDE0002100BB320000DC83BB32030000000200F4
:10BDF0004D4541534A202020444154210000000079
:10BE00002100BB320000DC83BB32220000003A007C
:10BE1000E54541535F322020545854210000000072
:10BE20002100BB320000DC83BB3242005000000026
:10BE3000524541444D4520205458542100000000F3
:10BE40002100BB320000DC83BB3202006000000036
:10BE500000000000000000000000000000000000E2
:10BE600000000000000000000000000000000000D2
:10BE700000000000000000000000000000000000C2
:10BE800000000000000000000000000000000000B2
:10BE900000000000000000000000000000000000A2
:10BEA0000000000000000000000000000000000092
:10BEB0000000000000000000000000000000000082
:10BEC0000000000000000000000000000000000072
:10BED0000000000000000000000000000000000062
:10BEE0000000000000000000000000000000000052
:10BEF0000000000000000000000000000000000042
:10BF00000000000000000000000000000000000031
:10BF10000000000000000000000000000000000021
:10BF20000000000000000000000000000000000011
:10BF30000000000000000000000000000000000001
:10BF400000000000000000000000000000000000F1
:10BF500000000000000000000000000000000000E1
:10BF600000000000000000000000000000000000D1
:10BF700000000000000000000000000000000000C1
:10BF800000000000000000000000000000000000B1
:10BF900054686973206973206120555342204D65B0
:10BFA0006D6F7279204465766963652044656D6FB5
:10BFB0006E7374726174696F6E20666F720D0A74AD
:10BFC00068652053542053544D3332463432394936
:10BFD0002D446973636F7665727920626F61726454
:10BFE00020776974682053544D3332463432392EE9
:10BFF0000000000000000000000000000000000041
:10C000000000000000000000000000000000000030
:10C010000000000000000000000000000000000020
:10C020000000000000000000000000000000000010
:10C030000000000000000000000000000000000000
:10C0400000000000000000000000000000000000F0
:10C0500000000000000000000000000000000000E0
:10C0600000000000000000000000000000000000D0
:10C0700000000000000000000000000000000000C0
:10C0800000000000000000000000000000000000B0
:10C0900000000000000000000000000000000000A0
:10C0A0000000000000000000000000000000000090
:10C0B0000000000000000000000000000000000080
:10C0C0000000000000000000000000000000000070
:10C0D0000000000000000000000000000000000060
:10C0E0000000000000000000000000000000000050
:10C0F0000000000000000000000000000000000040
:10C10000000000000000000000000000000000002F
:10C11000000000000000000000000000000000001F
:10C12000000000000000000000000000000000000F
:10C1300000000000000000000000000000000000FF
:10C1400000000000000000000000000000000000EF
:10C1500000000000000000000000000000000000DF
:10C1600000000000000000000000000000000000CF
:10C1700000000000000000000000000000000000BF
:10C1800000000000000000000000000000000000AF
:10C19000000000000000000000000000000000009F
:10C1A000000000000000000000000000000000008F
:10C1B000000000000000000000000000000000007F
:10C1C000000000000000000000000000000000006F
:10C1D000000000000000000000000000000000005F
:10C1E000000000000000000000000000000000004F
:10C1F000000000000000000000000000000000003F
:10C20000000000000000000000000000000000002E
:10C21000000000000000000000000000000000001E
:10C22000000000000000000000000000000000000E
:10C2300000000000000000000000000000000000FE
:10C2400000000000000000000000000000000000EE
:10C2500000000000000000000000000000000000DE
:10C2600000000000000000000000000000000000CE
:10C2700000000000000000000000000000000000BE
:10C2800000000000000000000000000000000000AE
:10C29000000000000000000000000000000000009E
:10C2A000000000000000000000000000000000008E
:10C2B000000000000000000000000000000000007E
:10C2C000000000000000000000000000000000006E
:10C2D000000000000000000000000000000000005E
:10C2E000000000000000000000000000000000004E
:10C2F000000000000000000000000000000000003E
:10C30000000000000000000000000000000000002D
:10C31000000000000000000000000000000000001D
:10C32000000000000000000000000000000000000D
:10C3300000000000000000000000000000000000FD
:10C3400000000000000000000000000000000000ED
:10C3500000000000000000000000000000000000DD
:10C3600000000000000000000000000000000000CD
:10C3700000000000000000000000000000000000BD
:10C3800000000000000000000000000000000000AD
:10C39000000000000000000000000000000000009D
:10C3A000000000000000000000000000000000008D
:10C3B000000000000000000000000000000000007D
:10C3C000000000000000000000000000000000006D
:10C3D000000000000000000000000000000000005D
:10C3E000000000000000000000000000000000004D
:10C3F000000000000000000000000000000000003D
:10C40000000000000000000000000000000000002C
:10C41000000000000000000000000000000000001C
:10C42000000000000000000000000000000000000C
:10C4300000000000000000000000000000000000FC
:10C4400000000000000000000000000000000000EC
:10C4500000000000000000000000000000000000DC
:10C4600000000000000000000000000000000000CC
:10C4700000000000000000000000000000000000BC
:10C4800000000000000000000000000000000000AC
:10C49000000000000000000000000000000000009C
:10C4A000000000000000000000000000000000008C
:10C4B000000000000000000000000000000000007C
:10C4C000000000000000000000000000000000006C
:10C4D000000000000000000000000000000000005C
:10C4E000000000000000000000000000000000004C
:10C4F000000000000000000000000000000000003C
:10C50000000000000000000000000000000000002B
:10C51000000000000000000000000000000000001B
:10C52000000000000000000000000000000000000B
:10C5300000000000000000000000000000000000FB
:10C5400000000000000000000000000000000000EB
:10C5500000000000000000000000000000000000DB
:10C5600000000000000000000000000000000000CB
:10C5700000000000000000000000000000000000BB
:10C5800000000000000000000000000000000000AB
:10C59000000000000000000000000000000000009B
:10C5A000000000000000000000000000000000008B
:10C5B000000000000000000000000000000000007B
:10C5C000000000000000000000000000000000006B
:10C5D000000000000000000000000000000000005B
:10C5E000000000000000000000000000000000004B
:10C5F000000000000000000000000000000000003B
:10C60000000000000000000000000000000000002A
:10C61000000000000000000000000000000000001A
:10C62000000000000000000000000000000000000A
:10C6300000000000000000000000000000000000FA
:10C6400000000000000000000000000000000000EA
:10C6500000000000000000000000000000000000DA
:10C6600000000000000000000000000000000000CA
:10C6700000000000000000000000000000000000BA
:10C6800000000000000000000000000000000000AA
:10C69000000000000000000000000000000000009A
:10C6A000000000000000000000000000000000008A
:10C6B000000000000000000000000000000000007A
:10C6C000000000000000000000000000000000006A
:10C6D000000000000000000000000000000000005A
:10C6E000000000000000000000000000000000004A
:10C6F000000000000000000000000000000000003A
:10C700000000000000000000000000000000000029
:10C710000000000000000000000000000000000019
:10C720000000000000000000000000000000000009
:10C7300000000000000000000000000000000000F9
:10C7400000000000000000000000000000000000E9
:10C7500000000000000000000000000000000000D9
:10C7600000000000000000000000000000000000C9
:10C7700000000000000000000000000000000000B9
:10C7800000000000000000000000000000000000A9
:10C790000000000000000000000000000000000099
:10C7A0000000000000000000000000000000000089
:10C7B0000000000000000000000000000000000079
:10C7C0000000000000000000000000000000000069
:10C7D0000000000000000000000000000000000059
:10C7E0000000000000000000000000000000000049
:10C7F0000000000000000000000000000000000039
:10C800000000000000000000000000000000000028
:10C810000000000000000000000000000000000018
:10C820000000000000000000000000000000000008
:10C8300000000000000000000000000000000000F8
:10C8400000000000000000000000000000000000E8
:10C8500000000000000000000000000000000000D8
:10C8600000000000000000000000000000000000C8
:10C8700000000000000000000000000000000000B8
:10C8800000000000000000000000000000000000A8
:10C890000000000000000000000000000000000098
:10C8A0000000000000000000000000000000000088
:10C8B0000000000000000000000000000000000078
:10C8C0000000000000000000000000000000000068
:10C8D0000000000000000000000000000000000058
:10C8E0000000000000000000000000000000000048
:10C8F0000000000000000000000000000000000038
:10C900000000000000000000000000000000000027
:10C910000000000000000000000000000000000017
:10C920000000000000000000000000000000000007
:10C9300000000000000000000000000000000000F7
:10C9400000000000000000000000000000000000E7
:10C9500000000000000000000000000000000000D7
:10C9600000000000000000000000000000000000C7
:10C9700000000000000000000000000000000000B7
:10C9800000000000000000000000000000000000A7
:10C9900000000000963007772C610EEEBA5109991D
:10C9A00019C46D078FF46A7035A563E9A395649E79
:10C9B0003288DB0EA4B8DC791EE9D5E088D9D2979D
:10C9C0002B4CB609BD7CB17E072DB8E7911DBF90F9
:10C9D0006410B71DF220B06A4871B9F3DE41BE841D
:10C9E0007DD4DA1AEBE4DD6D51B5D4F4C785D38379
:10C9F00056986C13C0A86B647AF962FDECC9658A1D
:10CA00004F5C0114D96C0663633D0FFAF50D088D78
:10CA1000C8206E3B5E10694CE44160D5727167A21C
:10CA2000D1E4033C47D4044BFD850DD26BB50AA578
:10CA3000FAA8B5356C98B242D6C9BBDB40F9BCAC9C
:10CA4000E36CD832755CDF45CF0DD6DC593DD1ABF8
:10CA5000AC30D9263A00DE518051D7C81661D0BF1C
:10CA6000B5F4B42123C4B3569995BACF0FA5BDB878
:10CA70009EB802280888055FB2D90CC624E90BB11C
:10CA8000877C6F2F114C6858AB1D61C13D2D66B678
:10CA90009041DC760671DB01BC20D2982A10D5EFDC
:10CAA0008985B1711FB5B606A5E4BF9F33D4B8E838
:10CAB000A2C9077834F9000F8EA8099618980EE1DC
:10CAC000BB0D6A7F2D3D6D08976C6491015C63E638
:10CAD000F4516B6B62616C1CD83065854E0062F25C
:10CAE000ED95066C7BA5011BC1F4088257C40FF5B8
:10CAF000C6D9B06550E9B712EAB8BE8B7C88B9FCDC
:10CB0000DF1DDD62492DDA15F37CD38C654CD4FB37
:10CB10005861B24DCE51B53A7400BCA3E230BBD4DB
:10CB200041A5DF4AD795D83D6DC4D1A4FBF4D6D337
:10CB30006AE96943FCD96E34468867ADD0B860DADB
:10CB4000732D0444E51D03335F4C0AAAC97C0DDD37
:10CB50003C710550AA41022710100BBE86200CC95B
:10CB600025B56857B3856F2009D466B99FE461CEB7
:10CB70000EF9DE5E98C9D9292298D0B0B4A8D7C7DB
:10CB8000173DB359810DB42E3B5CBDB7AD6CBAC037
:10CB90002083B8EDB6B3BF9A0CE2B6039AD2B17453
:10CBA0003947D5EAAF77D29D1526DB048316DC73AF
:10CBB000120B63E3843B64943E6A6D0DA85A6A7A53
:10CBC0000BCF0EE49DFF099327AE000AB19E077DAF
:10CBD00044930FF0D2A3088768F2011EFEC20669D3
:10CBE0005D5762F7CB67658071366C19E7066B6E2F
:10CBF000761BD4FEE02BD3895A7ADA10CC4ADD6753
:10CC00006FDFB9F9F9EFBE8E43BEB717D58EB060AE
:10CC1000E8A3D6D67E93D1A1C4C2D83852F2DF4F52
:10CC2000F167BBD16757BCA6DD06B53F4B36B248AE
:10CC3000DA2B0DD84C1B0AAFF64A0336607A044152
:10CC4000C3EF60DF55DF67A8EF8E6E3179BE6946AE
:10CC50008CB361CB1A8366BCA0D26F2536E26852D2
:10CC600095770CCC03470BBBB91602222F2605552E
:10CC7000BE3BBAC5280BBDB2925AB42B046AB35C52
:10CC8000A7FFD7C231CFD0B58B9ED92C1DAEDE5BAE
:10CC9000B0C2649B26F263EC9CA36A750A936D0292
:10CCA000A906099C3F360EEB8567077213570005EE
:10CCB000824ABF95147AB8E2AE2BB17B381BB60C12
:10CCC0009B8ED2920DBED5E5B7EFDC7C21DFDB0B6E
:10CCD000D4D2D38642E2D4F1F8B3DD686E83DA1F92
:10CCE000CD16BE815B26B9F6E177B06F7747B718EE
:10CCF000E65A0888706A0FFFCA3B06665C0B011192
:10CD0000FF9E658F69AE62F8D3FF6B6145CF6C16ED
:10CD100078E20AA0EED20DD75483044EC2B3033991
:10CD2000612667A7F71660D04D476949DB776E3EED
:10CD30004A6AD1AEDC5AD6D9660BDF40F03BD83711
:10CD400053AEBCA9C59EBBDE7FCFB247E9FFB5306D
:10CD50001CF2BDBD8AC2BACA3093B353A6A3B42491
:10CD60000536D0BA9306D7CD2957DE54BF67D923ED
:10CD70002E7A66B3B84A61C4021B685D942B6F2A91
:10CD800037BE0BB4A18E0CC31BDF055A8DEF022DED
:10CD90001111EEEE00000000410000000001000053
:10CDA000000000000000803F000000400000404004
:10CDB00044174154FB2109400000003FF304B53FF4
:10CDC000D7B3DD3F286B6E4E6F12833A0000B4423A
:10CDD0000000C842000034430000B443584701003B
:10CDE0008B2E3A00591F01080000000001000000CE
:10CDF00020030000BFF6F03700401C3B0A00000093
:10CE00000A0000000A0000000000803F0000803F90
:10CE10000000803F0000803F0000803F0000803F16
:10CE20000000803F0000803F0000803F0000803F06
:10CE30000000803F0000803F0000803F0000803FF6
:10CE40000000803F0000803F0000803F0000803FE6
:10CE50000000803F0000803F0000803F0000000095
:10CE600000000000000000000000000000000000C2
:10CE7000000000000000C0410000000000000000B1
:10CE800000000000000000000000000000000000A2
:10CE90000000000000000000000000000000000092
:10CEA0000000000000000000000000000000000082
:10CEB0000000000000000000000000000000000072
:10CEC00000005C430000003F0000003F00004040C5
:10CED0000000A0400000803F0000C03F00008040F4
:10CEE0000000C040CDCCCC3DCDCC4C3ECDCC4C3E5A
:10CEF00064000000100E00000000A04201010000CC
:10CF000000000000000000000000C8429A99993E0D
:10CF10009A99993E9A99993E0080BB440080BB44FF
:10CF20000080BB4400000000000000000000000082
:10CF300001000000CD000000050000000F0000000F
:10CF40000A000000140000000C00000008000000AF
:10CF50000D000000010000000400000020DD0020A2
:10CF6000020000000400000024DD00200300000097
:10CF70000400000028DD0020040000000400000080
:10CF80002CDD0020050000000400000030DD002042
:10CF9000060000000400000034DD0020070000004F
:10CFA0000400000038DD002008000000040000003C
:10CFB0003CDD0020090000000400000040DD0020EE
:10CFC0000A0000000400000044DD00200B00000007
:10CFD0000400000048DD0020010080104000001027
:10CFE000000001100000401001000020400000205F
:10CFF0000000012000004020200000100008001068
:10D000000000201000000018200000200008002070
:10D010000000202000000028100000100004001074
:10D020000000101000000014100000200004002078
:10D0300000001020000000243D000010400F0010F0
:10D0400000002D100000401F3D000020400F002078
:10D0500000002D200000402F0100001040000010B3
:10D06000000001100000401005000301FFFF060052
:10D070000401FFFF07000501FFFF0A010D01010880
:10D080000E01020302080F010303030803010A0251
:10D09000FFFF04010B02FFFF05010C02FFFF02046A
:10D0A0000C04FFFF05040D04FFFF06040E04FFFF40
:10D0B00007050607FFFF08050707FFFF09050B0522
:10D0C000FFFF0D06FFFFFFFF0C06FFFFFFFF0E0631
:10D0D000FFFFFFFFAC101D0FFFFFFE00AC101D0196
:10D0E0006409F6016509F701AC101FDC0096000029
:10D0F000000001001400000004000000C0DE002059
:10D100001500000004000000C4DE0020160000002E
:10D1100004000000C8DE0020170000000800000026
:10D12000CCDE00201800000004000000D4DE002047
:10D130001900000004000000D8DE00201A000000E2
:10D1400001000000DCDE00201B00000001000000E8
:10D15000DDDE00201C00000001000000DEDE0020FB
:10D160001D00000001000000DFDE002000000000C4
:10D1700000000000000000000000000000000000AF
:10D18000000000000000000000000000000000009F
:10D19000000000000000000000000000000000008F
:10D1A0000000000000000000000000001405000066
:10D1B00001000000E0DE0020150500000F00000067
:10D1C000E1DE0020160500000F000000F0DE002068
:10D1D000170500000F000000FFDE0020180500000A
:10D1E0000F0000000EDF00202805000001000000F5
:10D1F0001DDF0020290500000F0000001EDF0020B9
:10D200002A0500000F0000002DDF00202B05000084
:10D210000F0000003CDF00202C0500000F00000084
:10D220004BDF00200000C842AE47B13F00000000C5
:10D2300003040000040000005CDF00200404000080
:10D240000400000060DF002000000000000000007B
:10D2500000000000000000000000000000000500C9
:10D260000D0400000400000068DF00200E04000030
:10D27000040000006CDF0020130400000100000027
:10D2800070DF0020140400000200000072DF0020A4
:10D2900085060208FFFFFFFF0100000000040000F8
:10D2A000913B0108000000000100000000020000A6
:10D2B0001C64ED4A2602703F80492A53CC41703FDE
:10D2C00088CE19EEAF60A3BE801BCB7B6199A3BE55
:10D2D00091ED7C3F35FA6F40D122DBF97E4A224046
:10D2E000FAD51C20986307C09D8026C286A7FC3F04
:10D2F00037894160E57C6F400BB5A679C79921401D
:10D30000A7052FFA0A5207C01AFA27B858D1FA3FD0
:10D3100000C1814001C0804101C0804100C1814005
:10D3200001C0804100C1814000C1814001C08041F5
:10D3300001C0804100C1814000C1814001C08041E5
:10D3400000C1814001C0804101C0804100C18140D5
:10D3500001C0804100C1814000C1814001C08041C5
:10D3600000C1814001C0804101C0804100C18140B5
:10D3700000C1814001C0804101C0804100C18140A5
:10D3800001C0804100C1814000C1814001C0804195
:10D3900001C0804100C1814000C1814001C0804185
:10D3A00000C1814001C0804101C0804100C1814075
:10D3B00000C1814001C0804101C0804100C1814065
:10D3C00001C0804100C1814000C1814001C0804155
:10D3D00000C1814001C0804101C0804100C1814045
:10D3E00001C0804100C1814000C1814001C0804135
:10D3F00001C0804100C1814000C1814001C0804125
:10D4000000C1814001C0804101C0804100C1814014
:10D4100000C0C101C30302C2C60607C705C5C404D4
:10D42000CC0C0DCD0FCFCE0E0ACACB0BC90908C844
:10D43000D81819D91BDBDA1A1EDEDF1FDD1D1CDC34
:10D4400014D4D515D71716D6D21213D311D1D010A4
:10D45000F03031F133F3F23236F6F737F53534F494
:10D460003CFCFD3DFF3F3EFEFA3A3BFB39F9F83804
:10D4700028E8E929EB2B2AEAEE2E2FEF2DEDEC2CF4
:10D48000E42425E527E7E62622E2E323E12120E064
:10D49000A06061A163A3A26266A6A767A56564A454
:10D4A0006CACAD6DAF6F6EAEAA6A6BAB69A9A868C4
:10D4B00078B8B979BB7B7ABABE7E7FBF7DBDBC7CB4
:10D4C000B47475B577B7B67672B2B373B17170B024
:10D4D0005090915193535292965657975595945414
:10D4E0009C5C5D9D5F9F9E5E5A9A9B5B9959589884
:10D4F000884849894B8B8A4A4E8E8F4F8D4D4C8C74
:10D5000044848545874746868242438341818040E3
:10D5100000010100030301020302020209060602E0
:10D5200005050A0A080A0A0A00C1814001C08041B3
:10D5300001C0804100C1814001C0804100C18140E3
:10D5400000C1814001C0804101C0804100C18140D3
:10D5500000C1814001C0804100C1814001C08041C3
:10D5600001C0804100C1814001C0804100C18140B3
:10D5700000C1814001C0804100C1814001C08041A3
:10D5800001C0804100C1814000C1814001C0804193
:10D5900001C0804100C1814001C0804100C1814083
:10D5A00000C1814001C0804101C0804100C1814073
:10D5B00000C1814001C0804100C1814001C0804163
:10D5C00001C0804100C1814000C1814001C0804153
:10D5D00001C0804100C1814001C0804100C1814043
:10D5E00000C1814001C0804100C1814001C0804133
:10D5F00001C0804100C1814001C0804100C1814023
:10D6000000C1814001C0804101C0804100C1814012
:10D6100000C1814001C0804100C1814001C0804102
:10D6200001C0804100C1814000C0C101C30302C2EA
:10D63000C60607C705C5C404CC0C0DCD0FCFCE0E52
:10D640000ACACB0BC90908C8D81819D91BDBDA1AC2
:10D650001EDEDF1FDD1D1CDC14D4D515D71716D632
:10D66000D21213D311D1D010F03031F133F3F232A2
:10D6700036F6F737F53534F43CFCFD3DFF3F3EFE12
:10D68000FA3A3BFB39F9F83828E8E929EB2B2AEA82
:10D69000EE2E2FEF2DEDEC2CE42425E527E7E626F2
:10D6A00022E2E323E12120E0A06061A163A3A26262
:10D6B00066A6A767A56564A46CACAD6DAF6F6EAED2
:10D6C000AA6A6BAB69A9A86878B8B979BB7B7ABA42
:10D6D000BE7E7FBF7DBDBC7CB47475B577B7B676B2
:10D6E00072B2B373B17170B0509091519353529222
:10D6F00096565797559594549C5C5D9D5F9F9E5E92
:10D700005A9A9B5B99595898884849894B8B8A4A01
:10D710004E8E8F4F8D4D4C8C448485458747468671
:10D7200082424383418180400001010003030102E2
:10D73000030202020906060205050A0A080A0A0A85
:10D7400000040040020000001D000AB8640240000E
:10D75000100140000000080000400046000A0010D0
:10D7600001401000000025000A000000000400062F
:10D77000000000202D220208FFFFFFFF0100000033
:10D780000004000000C1814001C0804101C080410F
:10D7900000C1814001C0804100C1814000C1814081
:10D7A00001C0804101C0804100C1814000C1814071
:10D7B00001C0804100C1814001C0804101C0804161
:10D7C00000C1814001C0804100C1814000C1814051
:10D7D00001C0804100C1814001C0804101C0804141
:10D7E00000C1814000C1814001C0804101C0804131
:10D7F00000C1814001C0804100C1814000C1814021
:10D8000001C0804101C0804100C1814000C1814010
:10D8100001C0804100C1814001C0804101C0804100
:10D8200000C1814000C1814001C0804101C08041F0
:10D8300000C1814001C0804100C1814000C18140E0
:10D8400001C0804100C1814001C0804101C08041D0
:10D8500000C1814001C0804100C1814000C18140C0
:10D8600001C0804101C0804100C1814000C18140B0
:10D8700001C0804100C1814001C0804101C08041A0
:10D8800000C1814000C0C101C30302C2C60607C770
:10D8900005C5C404CC0C0DCD0FCFCE0E0ACACB0BE0
:10D8A000C90908C8D81819D91BDBDA1A1EDEDF1F10
:10D8B000DD1D1CDC14D4D515D71716D6D21213D300
:10D8C00011D1D010F03031F133F3F23236F6F737B0
:10D8D000F53534F43CFCFD3DFF3F3EFEFA3A3BFBA0
:10D8E00039F9F83828E8E929EB2B2AEAEE2E2FEF50
:10D8F0002DEDEC2CE42425E527E7E62622E2E323C0
:10D90000E12120E0A06061A163A3A26266A6A767EF
:10D91000A56564A46CACAD6DAF6F6EAEAA6A6BAB5F
:10D9200069A9A86878B8B979BB7B7ABABE7E7FBF8F
:10D930007DBDBC7CB47475B577B7B67672B2B3737F
:10D94000B17170B05090915193535292965657972F
:10D95000559594549C5C5D9D5F9F9E5E5A9A9B5B1F
:10D9600099595898884849894B8B8A4A4E8E8F4FCF
:10D970008D4D4C8C4484854587474686824243833F
:10D980004181804000010100030301020302020201
:10D990000906060205050A0A080A0A0AA918020861
:10D9A000FFFFFFFF0100000000040000000800402E
:10D9B000040000001E000AA0600240004400400075
:10D9C0000000080000200011000A000C02402000A6
:10D9D00005000C024040000607000C0240800000D9
:10D9E0004400400000020026000A0000A51F0208B3
:10D9F000FFFFFFFF01000000000400000000000026
:10DA00000000000000000000000000000000000016
:10DA10000000030000000A01030100000200FFFFF4
:10DA20000000FFFF00000000000000000000C01226
:10DA3000000001014D9B0208FFFFFFFF01000000F5
:10DA40000004000015000000C800141105000100CA
:10DA5000007A030AA80000003F90020001000000C5
:10DA60000200010052000400E80300000000000072
:10DA700050040000A0010000683E000010000000FB
:10DA80008D8403080200000001000000C8000000AF
:10DA90000400000080370120000000004559030801
:10DAA0000000000001000000580200000102020610
:10DAB00021BC010825EB010831FB0208212A0208DC
:10DAC000AD720208F9730208E1B601087DB60108DB
:10DAD00000080240020000000000024004000000B4
:10DAE000000402400010000000040240002000007A
:10DAF0000008024010000000000802402000000062
:10DB00000004024000080000000002408000000005
:10DB1000000002400200000001020602FFE70000D0
:10DB200031BC010809B5010855EB010845FB0208A5
:10DB3000F12A02080DB70108617302083161020879
:10DB4000B55E0208A5490208BDB8010809B9010877
:10DB5000E9BB0108BD3401086D330108352802080E
:10DB6000AD28020802020D0200000000A9CB020845
:10DB700081CB020821D4020859F4020851E50208B9
:10DB800055AF020889AF0208BDAF0208FDAF020819
:10DB900035B00208B5E802087DBD0208D9C3020805
:10DBA000B5BF020805C20208B1C30208DDC20208FF
:10DBB0008DCB0208000000000102030401020304EF
:10DBC000060708097865012088650120E9710308C6
:10DBD00098650120D95903080000000001000000E9
:10DBE00000040000A00B0020355A030801000000CB
:10DBF0000100000000020000B0650120E02E0000DE
:10DC00000000000060E20308008100001CE203083D
:10DC100000E2030810E2030858E2030840E20308A8
:10DC200000000000909401200A9604020100000008
:10DC300000000000000000000000000000000000E4
:10DC400020DB0308B0DA0308A80B00202CE203084D
:10DC50000CDC0308000000001C95012000000000FF
:10DC600000000000000000000000000000000000B4
:10DC7000349501200A000000AC950120060528001B
:10DC800014000A007800A005E01007007497012036
:10DC90000800C80048E2030800000000F963030818
:10DCA000AD650308616E03087D6E0308D970030833
:10DCB000E97003080D81030800000000117B0308D0
:10DCC000257B0308B1620308C562030821600308CD
:10DCD000000000005D71030891710308FFFFFFFF62
:10DCE000FFFFFFFF6CDB0308B00B0020B40B00202C
:10DCF000D4980120800002000408000015AB02083F
:10DD0000010000000100000000020000010000000E
:10DD1000E4DC030801000000D00B0020D20B00203F
:10DD2000D40B00209C990120E0990120D80B002001
:10DD3000249A01200000010110002000400004008E
:10DD400010002000400004000101400040000100DC
:10DD500001000000449A0120449C012000010202BD
:10DD6000000200004000000200000000C8E20308BA
:10DD700068E2030888E20308A8E2030854DD030808
:10DD8000FCDC030851CC0208010000000100000087
:10DD90000002000084DD030809D60208010000002B
:10DDA000010000000002000098DD0308EDD2020827
:10DDB000C09C0120ACDD0308E40B0020EC0B00202C
:10DDC000F40B0020FC0B0020040C00200C0C0020A5
:10DDD000140C0020B8DD0308BCDD0308C4DD030813
:10DDE000CCDD0308C0DD0308C8DD0308D0DD03086F
:10DDF0001C0C0020F0DD0308030000001BAB020830
:10DE000029AB02080DCC020857CC0208C1CB02088E
:10DE100015CC0208B9CB02080FCC020887D502083E
:10DE20000FD602085DD5020899D50208ABD50208C5
:10DE3000D3D50208C5D502088FD5020843AF020822
:10DE400051AF020853AF020845AF020841AF0208C4
:10DE50004FAF02084DAF020825AF020829AF0208F4
:10DE600027AF020839AF020837AF020831AF020806
:10DE70002BAF02080600FF0901A101150026FF00D3
:10DE800075089540090181029540090191029501AB
:10DE90000901B102C0000000380C00200705000095
:10DEA000080000120110010000000851C2053500F1
:10DEB00001010203010902400002010080FA090485
:10DEC00000000203000004092111010001222100C9
:10DED00007058103400010070501034000100904F5
:10DEE00001000208065005070582024000000705F0
:10DEF00002024000000000000000000004030904CA
:10DF00001C034B00650069006C00200053006F008B
:10DF100066007400770061007200650024034B0006
:10DF2000650069006C00200055005300420020008D
:10DF30004400650076006900630065002000300041
:10DF40001A034B004900570020003F003F003F00EC
:10DF50003F003F003F003F003F00120355005300C9
:10DF600042005F00480049004400300012035500A1
:10DF7000530042005F004D0053004300300000FF9B
:10DF8000FFFFFFFFFF4162636445666768496A6B94
:10DF90006C4D6E6F705172000100010001000100B4
:10DFA0000200040008001000200040008000000172
:10DFB0000002000400080010FFFFFFFF7F000001C7
:10DFC0000000000000000000000000000000000051
:10DFD000B0349503000000004FBB610567ACDD3F26
:10DFE000182D4454FB21E93F9BF681D20B73EF3F80
:10DFF000182D4454FB21F93FE2652F227F2B7A3CF8
:10E00000075C143326A6813CBDCBF07A8807703CB0
:10E01000075C143326A6913CC4EB98999999C9BF23
:10E02000711623FEC671BCBF6D9A74AFF2B0B3BF58
:10E030009AFDDE522DDEADBF2F6C6A2C44B4A2BF18
:10E040000D5555555555D53FFF8300922449C23F84
:10E050006E204CC5CD45B73F513DD0A0660DB13FB8
:10E06000EB0D76244B7BA93F11DA22E33AAD903FCA
:10E070001F1D1F1E1F1E1F1F1E1F1E1F0000000032
:10E080004C5555555555A53F7751C1166CC156BFD6
:10E090009015CB19A001FA3EAD529C804F7E92BEE6
:10E0A000C4B1B4BD9EEE213ED43888BEE9FAA8BD05
:10E0B00000004054FB21F93F3163621A61B4D03D46
:10E0C0000000601A61B4D03D7370032E8A19A33B1F
:10E0D0000000002E8A19A33BC14920259A837B3971
:10E0E00000000000000000006E83F9A22915444ED4
:10E0F000D15727FCC0DD34F5999562DB4190433C54
:10E10000AB6351FE61C5BBDE3A6E24B7E0D24D422F
:10E11000EA2E49061C92D1091CEB1DFE3EA729B12F
:10E12000F53582E88444BB2E26709CE9417E5FB4BD
:10E1300039D69139F43953838B5F849C3B28F9BDE0
:10E14000FF97F81F0F9805DE8B112FEF1F6D0A5AEE
:10E15000CF7E366DB709CB27663F464F2DEA5F9ECF
:10E16000C7BA27757BF1E5EBF739073DEA92528A8A
:10E17000B15FFB6B085D8D1FA6F810111111813F77
:10E18000D561C119A0012ABF7DFEB157E31DC73E6D
:10E19000EB9C2B8AE6E55ABE7CD5CF5A3AD9E53DB1
:10E1A0007AFE10111111C13F37D60684F464963FF0
:10E1B000280356C9226D6D3F0165F2F2D844433FF2
:10E1C000A69237A0887E143F735360DBCB75F3BEF5
:10E1D000FE41B31BBAA1AB3F93846EE9E326823FB5
:10E1E0001583E0FEC8DB573F68108D1AF726303FD5
:10E1F000E9A7F0320FB8123FD47ABF74702AFB3E01
:10E200003235352E3235352E3235342E3000000081
:10E210003137322E31362E33302E31003137322E17
:10E2200031362E33302E32333100000031452D335C
:10E23000302D36432D41322D34352D36310000003E
:10E24000382E382E342E34003231372E37392E31D5
:10E2500037392E3130360000382E382E382E38001F
:10E260006D795F686F7374004B65696C20202020A6
:10E270004D53435F444556204C554E3120202020BD
:10E28000312E3020000000004B65696C20202020DA
:10E290004D53435F444556204C554E32202020209C
:10E2A000312E3020000000004B65696C20202020BA
:10E2B0004D53435F444556204C554E33202020207B
:10E2C000312E3020000000004B65696C202020209A
:10E2D0004D53435F444556204469736B20302020E2
:10E2E000312E30200000000028E403080000002048
:10E2F000E40C0000C401010838E60308E40C002027
:10E30000049801002002010838E60308000000100C
:10E31000000001002002010810010000430000007D
:10E32000F8FFFFFF00404040404040404040414136
:10E3300041414140404040404040404040404040DA
:10E340004040404040050202020202020202020274
:10E350000202020202202020202020202020200271
:10E360000202020202029090909090901010101001
:10E37000101010101010101010101010101010109D
:10E380000202020202028888888888880808080831
:10E3900008080808080808080808080808080808FD
:10E3A0000202020240000000000000000000000025
:10E3B000000000000000000000000000000000005D
:10E3C000000000000000000000000000000000004D
:10E3D000000000000000000000000000000000003D
:10E3E000000000000000000000000000000000002D
:10E3F000000000000000000000000000000000001D
:10E40000000000000000000000000000000000000C
:10E4100000000000000000000000000000000000FC
:10E420000000000000000000410235013D4B49564C
:10E43000203E2C020304040530060708090A3501B2
:10E440007C014AA980120F120A1214120C02A508AC
:10E450001AFF01012612050223CD02117B63E80396
:10E460001310022A200401180A251EAE19010228E1
:10E470007F05B0AC101C01058855AAC3C3022F202C
:10E480000352E8031AFF0101380009F09ED8899D64
:10E4900018A648401A110101FF01350D31484D02FF
:10E4A00040366A420423EB033204138CD55B20EE22
:10E4B0000C1A5C0C5AF40C1A600C5AF50C1A640C09
:10E4C0005AFA0C1A680C5AFB0C1A6C0C5AFC0C1AEF
:10E4D000700C5AFD0C1A740C5AFE0C1A780C5AFF68
:10E4E0000C1A7C0C2909290C1A800C5A010C1A846C
:10E4F0000C5A020C1A880C5A070C1A900C5A080C69
:10E500001A940C1A090932011A980C5A0A0C1A9911
:10E510000C5A0B241A9C0C5A0C0C1AA00C5A1A0CEC
:10E520001AA40C1A0F09320C1AA80C5A100C1AB49F
:10E530000C5A12481AC00C5A150C1AC10C5A160C57
:10E540002AC2B401103FAC101CFEFFFF08292401B1
:10E55000140510010101551E1060024028041A40E4
:10E56000041A58041A70041A88041AA0041AB80469
:10E570001B10642019041A40041A58041A70041A53
:10E5800088041AA0041AB804595A29081A40D91242
:10E59000401A08041A0C041A10042A1414291C190D
:10E5A000281A04041A08041A0C041A10041A140471
:10E5B0001A18041A1C045A20481A302C1A38341A13
:10E5C0003C04011123803F13A0428480BB452A52A2
:10E5D000163102F7821AFF01A90832010357D0074A
:10E5E00015040240402A060712802B070708014144
:10E5F000054EFCD90308094D4F41033D24F40B445B
:10E6000018DDE413BC0B1B20C4041AE0048116744B
:10E61000DE03082112121A9C081AA3041AF6041A1F
:10E62000F7041AB5041AF8041AF9041AFA041AFCC1
:08E63000048B400C380174005A
:040000050801018964
:00000001FF
