:020000040800F2
:08C00000A2000000170000057A
:020000040801F1
:10000000E0A401203D04010845040108470401085B
:10001000490401084B0401084D04010800000000D8
:100020000000000000000000000000000D030108B7
:100030005104010800000000C5030108290401085B
:100040005704010857040108570401085704010820
:100050005704010857040108570401085704010810
:100060005704010857040108570401085704010800
:1000700057040108570401085704010857040108F0
:100080005704010857040108E9180108570401083A
:1000900057040108570401085704010857040108D0
:1000A00057040108570401085704010857040108C0
:1000B00057040108570401085704010857040108B0
:1000C00057040108570401085704010857040108A0
:1000D0005704010857040108570401085704010890
:1000E0005704010857040108570401085704010880
:1000F0005704010857040108570401085704010870
:10010000570401085704010857040108570401085F
:10011000570401085704010857040108A58B020879
:10012000570401085704010857040108570401083F
:1001300057040108398101085704010857040108D0
:100140005704010857040108570401082123020835
:10015000570401085704010857040108570401080F
:1001600057040108570401085704010857040108FF
:100170005704010857040108570401080000000053
:10018000570401085704010800F002F800F065F870
:100190000AA090E8000C82448344AAF10107DA45E2
:1001A00001D100F05AF8AFF2090EBAE80F0013F0CF
:1001B000010F18BFFB1A43F001031847C4DF020008
:1001C000F4DF02000A444FF0000C10F8013B13F07A
:1001D000070408BF10F8014B1D1108BF10F8015BA0
:1001E000641E05D010F8016B641E01F8016BF9D193
:1001F00013F0080F1EBF10F8014BAD1C0C1B09D1EA
:100200006D1E58BF01F801CBFAD505E014F8016B5B
:1002100001F8016B6D1EF9D59142D6D370470000ED
:100220000023002400250026103A28BF78C1FBD8FF
:10023000520728BF30C148BF0B6070471FB52BF075
:100240003CFA00F0DEFE0400002000212AF064FBEE
:10025000401C60601FBD10B510BD00F0A3FE11462C
:10026000FFF7ECFF0FB400F00BF80FBC25F0B6FA67
:1002700000F044FA03B4FFF7EEFF03BC00F08CFE7D
:1002800004B027F0E9FE0448002127F0B9FF27F069
:10029000F5FE00F033FA000034D903080048704737
:1002A0000000050780F309887047EFF30980704765
:1002B000684680F3098804480078C00714BF02200C
:1002C000032080F314887047F4D80308DFF818C0BF
:1002D000EFF305831B0618BF6047EFF31483DB07BA
:1002E00008BF604700DF7047A9850308DFF818C022
:1002F000EFF305831B0618BF6047EFF31483DB079A
:1003000008BF604700DF704741880308EFF30980AA
:10031000816911F8021CE1BB90E80F1010B5E047AD
:10032000BDE81040EFF3098C8CE80700214B93E8FF
:100330000600914208BF704741B91EF0100F16D158
:100340001D49086820F00100086010E01EF0100F41
:1003500006BF2CED108A0120002081F825002CE931
:10036000F00FC1F828C00CB428F06AFE0CBC1A606B
:10037000D2F828C0BCE8F00F92F8250000280EBF84
:100380006FF0020E6FF0120EBCEC108A8CF309882D
:10039000704710B5094A1268914209D8084C54F8C0
:1003A000214090E80F10A047EFF3098C8CE80F0074
:1003B00010BD0000700C002034EF00E08C1001082C
:1003C0008C10010810B528F0C3FCBDE81040154B97
:1003D00093E80600914208BF7047EFF3098C1EF0C6
:1003E000100F06BF2CED108A0120002081F8250097
:1003F0002CE9F00FC1F828C00CB428F021FE0CBC89
:100400001A60D2F828C0BCE8F00F92F82500002846
:100410000EBF6FF0020E6FF0120EBCEC108A8CF360
:1004200009887047700C002010B528F0D1FECCE789
:1004300010B527F0B5FF28F0CBFEC6E70948804786
:1004400009480047FEE7FEE7FEE7FEE7FEE7FEE7B6
:10045000FEE7FEE7FEE7FEE704480549054A064BCE
:1004600070470000758A020889010108E09E01209A
:10047000E0A40120E0A00120E0A001200048704796
:10048000509E012053EA020C00F069802DE9F04BE8
:100490004FF00006002B1FBFB3FA83F503FA05F4F3
:1004A00024FA05F65E4012BF1643B2FA82F502FA4C
:1004B00005F4C5F120051EBF22FA05FC44EA0C0430
:1004C000203556EA044C4FEA144418BF641C4FF020
:1004D00000084FF00009904271EB030C39D300295A
:1004E00019BFB1FA81F701FA07F6B0FA80F700FAFE
:1004F00007F6C7F120071EBF20FA07FC46EA0C06E4
:100500002037B6FBF4FCA7EB0507103F07F01F0BE5
:10051000CBF120060CFA0BFB2CFA06F644BFB346CF
:100520000026202FA4BF5E464FF0000B5BEA060CAE
:1005300008BF4FF0010B19EB0B09ABFB027C48EB3A
:100540000608C01B06FB02CC0BFB03CC71EB0C01B5
:10055000C1E70B46024641464846BDE8F08B13B55D
:100560004FF000004FF00001AFF30080BDE81C40E9
:10057000704700000FB400B58DB010A9099000912C
:100580000B904FF0FF300A9000200C900648784402
:100590000690064878446A4607900F9909A800F02B
:1005A000A9FA0DB05DF814FB830500009B0500005F
:1005B0002DE9FF5F1D464FF0FF3B91464FF00008CD
:1005C0005F46D5E90146A96901987F1C8847296AD9
:1005D000824688470028F6D1BAF1FF3F0CD0002EA2
:1005E00024F4C06419DD600614D5BAF12B0F09D0CC
:1005F000BAF12D0F0ED103E0584604B0BDE8F09FCC
:1006000044F48064A96901987F1C8847761E82465D
:10061000002E02DDBAF1300F03D0B9F1000F26D061
:1006200032E0A969761E01987F1C44F40074884763
:10063000002E824605DDBAF1780F06D0BAF1580FC8
:1006400003D0B9F1000F10D01EE0B9F1000F02D0B5
:10065000B9F1100F18D1A969761E01987F1C24F4F6
:10066000007488478246102002E0082000E00A203B
:10067000814609E0A96908FB0908761E01987F1CDC
:1006800044F4007488478246002E05DD49465046F2
:1006900000F01CFA0028EDDAE96901988847A00506
:1006A00002D46FF00100A8E7E00725D1600613D55A
:1006B000600502D5C8F1000000E0404629680A1D27
:1006C0002A600968220501D5087015E0220701D5C6
:1006D000088011E008600FE02868011D29600068AB
:1006E000210502D580F8008006E0210702D5A0F898
:1006F000008001E0C0F8008038467EE710B504466F
:10070000AFF300802046BDE81040FFF7B3BD40EADC
:10071000010310B59B070FD1042A0DD310C808C9D7
:10072000121F9C42F8D020BA19BA884201D9012080
:1007300010BD4FF0FF3010BD1AB1D30703D0521CCB
:1007400007E0002010BD10F8013B11F8014B1B1B06
:1007500007D110F8013B11F8014B1B1B01D1921E70
:10076000F1D1184610BD032A40F2308010F0030C7E
:1007700000F0158011F8013BBCF1020F624498BFF4
:1007800011F801CB00F8013B38BF11F8013BA2F191
:10079000040298BF00F801CB38BF00F8013B11F00C
:1007A000030300F02580083AC0F0088051F8043BAC
:1007B000083A51F804CBA0E80810F5E7121D5CBF19
:1007C00051F8043B40F8043BAFF30080D20724BF4C
:1007D00011F8013B11F801CB48BF11F8012B24BFE0
:1007E00000F8013B00F801CB48BF00F8012B70472F
:1007F00010B5203AC0F00B80B1E81850203AA0E8BC
:100800001850B1E81850A0E81850BFF4F5AF5FEAEF
:10081000027C24BFB1E81850A0E8185044BF18C9A2
:1008200018C0BDE810405FEA827C24BF51F8043B49
:1008300040F8043B08BF7047D20728BF31F8023B9D
:1008400048BF11F8012B28BF20F8023B48BF00F831
:10085000012B704702F0FF0343EA032242EA0242FF
:1008600000F002B84FF000020429C0F0128010F02E
:10087000030C00F01B80CCF1040CBCF1020F18BF7C
:1008800000F8012BA8BF20F8022BA1EB0C0100F00F
:100890000DB85FEAC17C24BF00F8012B00F8012BE2
:1008A00048BF00F8012B70474FF0000200B5134617
:1008B00094469646203922BFA0E80C50A0E80C5080
:1008C000B1F12001BFF4F7AF090728BFA0E80C5031
:1008D00048BF0CC05DF804EB890028BF40F8042B2A
:1008E00008BF704748BF20F8022B11F0804F18BF97
:1008F00000F8012B70470000014900F02BB90000FF
:10090000B09E012010B503681C1404EB21449BB277
:1009100089B2194494FBF2F302FB134394FBF2F403
:1009200001EB034393FBF2F102FB113193FBF2F372
:1009300001E05B1E11440029FBDB016003EB044076
:1009400010BDF0B504464FF0FF3585B00068049047
:1009500060680290A0680390E068019020690090B0
:10096000666906F18040B0F1004F7CD83C2200213E
:1009700004A8FFF7C7FF3C22014602A8FFF7C2FF09
:100980001822014603A8FFF7BDFF411E40F2B552F1
:1009900001A8FFF7B7FF0C22074668460021FFF7C2
:1009A000B1FF414B00EB8700304400267B4411E04F
:1009B000511A01910099491C0229009102D00C2979
:1009C00008D105E0810705D00199491C019101E09A
:1009D000401C00960099019A595C9142E8DD00990B
:1009E000012906D11C2A04D1810702D00221CDE9B8
:1009F0000016A0F146018B293CD2DDE900610022FE
:100A000002E09F5C521C3944B242FADB012E02DD47
:100A1000820700D0491E40F2B55340F26D16C2174E
:100A200000EB927292105A4300F0030303FB06227C
:100A300083070A4400D1521E039E02EB4203049F27
:100A400006EBC303029EC3EB031306EB8303174EAF
:100A500033441E149BB2C6EB0616C3EB0313B60059
:100A600007EB830300E005E006EB134666F31F4344
:100A7000360C02D0284605B0F0BD80C4029E40C4AA
:100A8000039E40C4019E761C44F80C6B009E44E912
:100A900002600720521C92FBF0F600FB162084E84F
:100AA00023001846E7E7000058D50200A039CEFD24
:100AB00070477047704710B500F0A8F8006810BD87
:100AC00010B5044600F0A2F8046010BD3A2800D228
:100AD000303820F02002412A01D3A2F137008842A9
:100AE00001D34FF0FF307047026811441378016062
:100AF00018467047D16005497944516104497944E9
:100B0000116200211161114600F08CB8EDFFFFFF6A
:100B10000F010000426842B1016811F8013B23B1A6
:100B2000521EC0E90012184670470121C160881E9C
:100B3000704742685AB1C368016843B983688B4201
:100B400005D0491E521CC0E90012002070474FF02A
:100B5000FF30704770B50C46016800204A1C3ED03B
:100B60003C22B1FBF2F302FB1313B1FBF2F1236061
:100B7000B1FBF2F302FB1313B1FBF2F11822636035
:100B8000B1FBF2F302FB1313B1FBF2F146F2E032D8
:100B90000A440721A360B2FBF1F301FB132140F2E9
:100BA000B553B2FBF3F5A161B2FBF3F103FB1522E0
:100BB0008900B2F5B77F08D39B10521EB2FBF3F544
:100BC0002944B2FBF3F503FB15220F4BE26161618F
:100BD00089077B440CD03B2A0AD3521C08E02C2105
:100BE0002046FFF761FE0120E0600AE0521A401C37
:100BF000195C9142FAD9521CC4E903204FF0FF302E
:100C00002062204670BD000032D3020023F058BDA0
:100C100010B5044600F0ECF90068005D00F001003A
:100C200010BD00002DE9F34F4FF0000A0C46564668
:100C30008DB001200C9001F10C000B9062690B98B3
:100C400001219047051E2DD0252D2CD0216A8847E3
:100C5000C0B162690B9801219047216A884700283A
:100C6000F7D16269411E0B98904700E0761CA1699C
:100C70000D988847216A88470028F7D1E1690D98C7
:100C80008847DBE7A1690D988847A842074601D14C
:100C9000761CD3E7E1690D9888477F1C02D1BAF131
:100CA000000F6FD06CE162690B9800273D46394612
:100CB00090472A2804D162690B98012190470125A9
:100CC000DFF8D08262690B9801219047A0F13001D2
:100CD0000A290AD24745E5DC07EB870100EB41070B
:100CE000303FDFD445F01005ECE7E90601D46FF0A2
:100CF00000476C280AD04C2814D0682815D06A28E0
:100D00000DD074281CD07A281AD01DE062690B9887
:100D1000012190476C2802D045F0040514E045F00D
:100D200002050DE045F020050AE062690B980121FB
:100D30009047682802D045F0080505E045F40065B5
:100D400062690B9801219047C4E9015765283DD09D
:100D500019DC58287AD00CDC452837D004DC25284B
:100D600026D041289ED131E046282FD0472899D15E
:100D70002CE05B2877D0612828D063287CD06428B9
:100D800023D15AE0F7E06F2848D008DC66281DD050
:100D900067281BD0692821D06E2816D127E070283B
:100DA00045D0732868D0752847D078280DD14DE0FC
:100DB000A1690D988847252805463FF469AFE16988
:100DC0000D9888476D1C3FF46AAFD9E00D99234612
:100DD0006A466FF00100AFF30080C6E045F04000C6
:100DE00023464FF000026060A80736D43EE0E807D3
:100DF0007FF447AF2068011D21600068290501D5F7
:100E000006701BE7290701D5068017E7A90703D558
:100E1000F117C0E9006111E706600FE745F04000F7
:100E200023464FF008026060A80716D41EE040F683
:100E30000E0125EA0100606016E045F040002346FF
:100E40004FF00A026060A80707D40FE045F04000A9
:100E50006060A80708D5234610220D996FF00100A5
:100E6000AFF3008081E007E0102223460D996FF078
:100E70000100FFF79DFB78E04FF0000963284F4623
:100E8000C8464B46CB4602D05B2807D039E02079D4
:100E9000C00601D40120A060012732E06269D4F8C5
:100EA0000CB00B98012190475E2807D14FF0010943
:100EB00049466269D4F80CB00B989047216939B95A
:100EC00000210A4603AB43F82120491C0829FADB1C
:100ED000D8B3216949B308F1010862690B9801216F
:100EE00090475D28F4D1B9F1000F09D0002003A983
:100EF00051F82020D24341F82020401C0828F7DB7D
:100F000003AB2069002820794FEA40701ED05B4671
:100F10002246CDF80080CDE901970D9900286FF0A9
:100F2000010020DAAFF300801FE0C11703AA00EB35
:100F3000D1614B1121F01F0102EB8302411A1368AA
:100F40000120884003431360C7E719E00D9922464A
:100F500000286FF00100009702DAAFF3008004E090
:100F6000AFF3008001E0AFF3008000280ADA401CF4
:100F700006D10C9820B14FF0FF300FB0BDE8F08FD4
:100F80005046FAE7E90701D10AF1010A06440020B8
:100F90000C9053E6CCCCCC0C01491820ABBEFEE73C
:100FA000260002007546FFF769FAAE46050069465D
:100FB000534620F00700854618B020B5FFF74CFADD
:100FC000BDE820404FF000064FF000074FF000084A
:100FD0004FF0000B21F00701AC46ACE8C009ACE8CB
:100FE000C009ACE8C009ACE8C0098D4670470000F4
:100FF00010B500F006F8001D10BD00BF1D990200DD
:10100000704710B5FFF73AFA203010BD4FF0013CA1
:1010100050F8042B51F8043B9A4221D1A2EB0C0367
:10102000934313EACC1317D150F8042B51F8043B27
:101030009A4215D1A2EB0C03934313EACC130BD1C4
:1010400050F8042B51F8043B9A4209D1A2EB0C034F
:10105000934313EACC13DBD04FF00000704700BF7E
:10106000D01A01BAB1FA81F101F0180122FA01F0A7
:10107000CB40C1F12001DBB2C0B2C01A2CFA01F39F
:10108000D11A914311EAC311E6D170470000000064
:101090002DE9FF4104460F4615461E46DFF874C38E
:1010A000CDE900565CF82430DFF86CC31CF804204E
:1010B000DFF868C31CF80410DFF864C31CF81400E0
:1010C00014F0A0F8D74908694FF480410AF0D4F829
:1010D000D54951F82400002103F04CF8D34951F8C8
:1010E0002400002103F046F8D14A52F82410CE4AD9
:1010F00052F8240003F00AF8CE4A52F82410CB4AE2
:1011000052F8240003F002F8C74951F824000621E0
:1011100003F0D8F9C54951F82400062103F0D2F9AB
:101120001320287000207070B070F070BD490869FD
:101130004FF400410AF09EF8BB4951F82400012108
:1011400003F018F8B94951F82400012103F012F80E
:1011500000BFB74A52F82410B34A52F8240003F0F3
:10116000C1F80028F5D0B44A32F8242091B2B34A2D
:1011700052F824000AF080F8AB4951F8240000210D
:1011800002F0F8FFA94951F82400002102F0F2FF13
:101190001220287038786870B878A8707878E8706D
:1011A00038792871F87868719F4951F82400062130
:1011B00003F088F99D4951F82400062103F082F9D3
:1011C0009B4A52F82410984A52F8240002F09EFFDD
:1011D000984A52F82410954A52F8240002F096FFDB
:1011E000974A52F82410904A52F8240002F08EFFD9
:1011F000944A52F824108D4A52F8240002F086FFD7
:101200000A2006F0EBFE8C4A32F8242091B28B4A79
:1012100052F824000AF02EF8012026F011FF82492E
:1012200051F82400012102F0A5FF804951F8240063
:10123000012102F09FFF00BF012026F001FF7C4A40
:1012400052F82410784A52F8240003F04BF8002892
:10125000F2D0794A32F8242091B2784A52F8240028
:101260000AF00AF8704951F82400002102F082FFC8
:101270006E4951F82400002102F07CFF13202870F1
:1012800000207070B070F070694A52F82410664AFD
:1012900052F8240002F03AFF664A52F82410634ADA
:1012A00052F8240002F032FF654A52F824105E4AD8
:1012B00052F8240002F02AFF624A52F824105B4AD6
:1012C00052F8240002F022FF574951F82400314619
:1012D00003F0FAF8554951F82400294603F0F4F8D0
:1012E000514951F82400062103F0ECF84F4951F818
:1012F0002400062103F0E6F84F4A32F8242091B288
:101300004E4A52F8240009F0B5FF012026F098FE5D
:10131000454951F82400012102F02CFF434951F8BE
:101320002400012102F026FF00BF012026F088FEE4
:101330003F4A52F824103C4A52F8240002F0D2FFEF
:101340000028F2D03C4A32F8242091B23B4A52F8AD
:10135000240009F091FF364A52F82410324A52F81C
:10136000240002F0D3FE334A52F824102F4A52F8D8
:10137000240002F0CBFE324A52F824102A4A52F8D6
:10138000240002F0C3FE2F4A52F82410274A52F8D4
:10139000240002F0BBFE244951F82400002102F091
:1013A000E9FE224951F82400002102F0E3FE012069
:1013B0002870804606E0FF2005F8080008F10100CB
:1013C0001FFA80F8B8F1060FF5DD174951F824002F
:1013D000072103F077F8154951F82400072103F09D
:1013E00071F8114951F824000122102103F016F878
:1013F000154850F82400029000208DF80C000C20B5
:101400008DF80D0001208DF80E0002A806F0C6FE32
:10141000BDE8FF81740600207206002070060020DF
:101420006C060020E00800207C06002084060020D6
:101430008C060020A406002058060020600600202C
:10144000AC060020B4060020BC0600202DE9FF47B2
:101450000446884615461F46DFF8D4C3CDE9005739
:101460005CF82430DFF8CCC31CF80420DFF8C8C3D4
:101470001CF80410DFF8C4C31CF8140013F0C2FEFB
:10148000EF4908694FF4804109F0F6FEED4951F843
:101490002400002102F06EFEEB4951F824000021E7
:1014A00002F068FEE94A52F82410E64A52F8240095
:1014B00002F02CFEE64A52F82410E34A52F82400C7
:1014C00002F024FEDF4951F824000D2102F0FAFF5A
:1014D000DD4951F824000D2102F0F4FF5720287057
:1014E00000207870B870F870DA4A32F8242091B28F
:1014F000D94A52F8240009F0BDFE012026F0A0FDD3
:10150000D04951F82400012102F034FECE4951F8AF
:101510002400012102F02EFE00BF012026F090FDE4
:10152000CA4A52F82410C74A52F8240002F0DAFEE0
:101530000028F2D0C74A32F8242091B2C64A52F8A5
:10154000240009F099FEBF4951F82400002102F05F
:1015500011FEBD4951F82400002102F00BFE562077
:10156000287000261DE0C6F1020018F80010701C5B
:101570002954C6F1020108F10300415C301D2954D1
:10158000C6F1020108F10600415CF01D2954C6F1C4
:10159000020108F10900415C06F10A002954701C9F
:1015A00086B2032EDFDBA74951F824000D2102F09B
:1015B00089FFA54951F824000D2102F083FFA34AB9
:1015C00052F824109F4A52F8240002F09FFDA04ACE
:1015D00052F824109C4A52F8240002F097FD9F4ACA
:1015E00052F82410974A52F8240002F08FFD9C4ACA
:1015F00052F82410944A52F8240002F087FD0A2081
:1016000006F0ECFC934A32F8242091B2924A52F848
:10161000240009F02FFE012026F012FD894951F81F
:101620002400012102F0A6FD874951F82400012180
:1016300002F0A0FD00BF012026F002FD834A52F80F
:101640002410804A52F8240002F04CFE0028F2D008
:10165000804A32F8242091B27F4A52F8240009F0DF
:101660000BFE784951F82400002102F083FD7649F1
:1016700051F82400002102F07DFD57202870002041
:101680007870B870F870714A52F824106D4A52F8A8
:10169000240002F03BFD6E4A52F824106A4A52F8C8
:1016A000240002F033FD6D4A52F82410654A52F8C6
:1016B000240002F02BFD6A4A52F82410624A52F8C4
:1016C000240002F023FD5F4951F82400394602F05E
:1016D000FBFE5D4951F82400294602F0F5FE594908
:1016E00051F824000D2102F0EDFE574951F8240075
:1016F0000D2102F0E7FE574A32F8242091B2564AF3
:1017000052F8240009F0B6FD012026F099FC4D495D
:1017100051F82400012102F02DFD4B4951F824001D
:10172000012102F027FD00BF012026F089FC474A75
:1017300052F82410434A52F8240002F0D3FD002846
:10174000F2D0444A32F8242091B2434A52F824009D
:1017500009F092FD3D4A52F824103A4A52F824000A
:1017600002F0D4FC3A4A52F82410374A52F82400C6
:1017700002F0CCFC394A52F82410324A52F82400C4
:1017800002F0C4FC364A52F824102F4A52F82400C2
:1017900002F0BCFC2B4951F82400002102F0EAFCC5
:1017A000294951F82400002102F0E4FC412028706E
:1017B0004FF0010906E0FF2005F8090009F10100DA
:1017C0001FFA80F9B9F1120FF5DD64B91D4951F81E
:1017D0002400132102F076FE1B4951F82400132146
:1017E00002F070FE0BE0174951F824000A2102F0C4
:1017F00069FE154951F824000A2102F063FE1149DF
:1018000051F824000122102102F008FE154850F87A
:101810002400029000208DF80C000C208DF80D00A3
:1018200001208DF80E0002A806F0B8FCBDE8FF8785
:101830007406002072060020700600206C0600204E
:10184000E00800207C060020840600208C06002092
:10185000A40600205806002060060020AC060020E8
:10186000B4060020BC060020CA430260704721B1C4
:10187000826842F00102826003E0826822F0010285
:10188000826070470021084A1168084A1140D0E977
:1018900000231A4383681A43C3681A431143044A56
:1018A000C2F804137047000004230140E030FCFF3D
:1018B0000020014021B1826842F48072826003E01E
:1018C000826822F480728260704721B1826842F49B
:1018D0000072826003E0826822F4007282607047C6
:1018E0000146C86C80B2704710B51049104802F02C
:1018F00027FC0E4918390E48603002F007FC0D48ED
:10190000FFF7EEFF0C4908800C48006828B900205A
:101910000B49088000F0CAF802E00120084908805D
:1019200008210848006826F053FC10BD2000002064
:101930001064024000200140740000205400002088
:10194000800000200800002010B50B460021D9B20D
:10195000012404FA01F11AB144680C43446002E026
:1019600044688C43446010BD30B50246002000231B
:101970005068104C20400D790C6844EA052420433F
:10198000506090680C4C2040D1E903542C438D6882
:101990002C434D7944EA450420439060D06A20F4FA
:1019A00070000C7D641EE4B2234340EA0350D06211
:1019B00030BD0000FFFEFFFCFDF7FFC0F0B50446A0
:1019C0000D4600200021092D11DDE068A5F10A0671
:1019D00006EB4607072606FA07F18843A5F10A0633
:1019E00006EB460603FA06F10843E0600CE02069C6
:1019F00005EB4507072606FA07F1884305EB450680
:101A000003FA06F108432061072A0FDA606B561EBD
:101A100006EB86071F2606FA07F18843561E06EBDB
:101A2000860605FA06F10843606322E00D2A0FDA04
:101A3000206BD61F06EB86071F2606FA07F18843A0
:101A4000D61F06EB860605FA06F10843206310E070
:101A5000E06AA2F10D0606EB86071F2606FA07F1DB
:101A60008843A2F10D0606EB860605FA06F1084347
:101A7000E062F0BD816841F0804181607047000004
:101A800038B10849096841F40001074AC2F8041353
:101A900006E00449096821F40001034AC2F804136E
:101AA00070470000042301400020014038B108497C
:101AB000096841F48001074AC2F8041306E00449AA
:101AC000096821F48001034AC2F80413704700003A
:101AD000042301400020014070B504460B46154622
:101AE00003EB83000A4E36F82000201A81B2084624
:101AF000CE1701EB5676F210A1EBC200287003EB73
:101B00008300034E06EB8000406800EB420070BD8E
:101B100030E6002010B5024601EB8100064B03EBD6
:101B20008000406801EB8103034C34F82330D31A62
:101B300000EB430010BD000030E6002010B5024667
:101B400001EB8100064B03EB8000406801EB810351
:101B5000034C34F82330D31A00EB430010BD0000CF
:101B6000CCE5002010B5024601EB8100064B03EBEB
:101B70008000806801EB8103034C34F82330D31AD2
:101B800000EB830010BD0000CCE5002010B502463C
:101B900001EB8100064B03EB8000406801EB810301
:101BA000034C34F82330D31A00EB430010BD00007F
:101BB00000E4002070B5024601EB8105084E36F8BE
:101BC0002550541B04EBD475C5F34F0301EB81047E
:101BD000354605EB8404606803EB8304204470BD44
:101BE00000E4002010B5034601EB8100054C34F8F9
:101BF0002000181A108001EB810004EB800040687F
:101C000010BD000000E4002070B5024601EB810524
:101C1000084E36F82550541B04EBD475C5F34F031A
:101C200001EB8104354605EB8404A06803EB8304D3
:101C3000204470BD00E4002030B5024601EB810372
:101C4000064C04EB8303DB6801EB8104034D35F89C
:101C50002440141B03EB840030BD0000CCE50020C1
:101C600010B5024601EB8100064B03EB8000C06813
:101C700001EB8103034C34F82330D31A00EB8300CB
:101C800010BD000000E400203EB54FF4004001907C
:101C900000208DF8090001208DF8080000208DF843
:101CA0000A008DF80B008A49C86801A909F0D4F927
:101CB0008749C8684FF4004109F0DCFA8448C068DD
:101CC000844908604FF40040834908600420019073
:101CD00000208DF8090001208DF8080000208DF803
:101CE0000A008DF80B007A49086901A909F0B4F9D6
:101CF00004207A49086076480069794908604FF401
:101D0000E060019000208DF809008DF808000120A6
:101D10008DF80B006E49086901A909F09DF94FF48F
:101D200080707049086040006F49086040006F494A
:101D30000860674800696E4908604FF400400190F0
:101D400001208DF8080002208DF8090000208DF890
:101D50000A0001208DF80B005D49086901A909F00E
:101D60007BF95B4908694FF4004109F085FA4FF4AB
:101D7000004060490860564800695F4908604FF4B8
:101D80008040019001208DF8080002208DF80900A4
:101D900000208DF80A0001208DF80B004C490869DD
:101DA00001A909F059F94FF48040544908604848A6
:101DB000006953490860022402205249088000202B
:101DC0008DF800008DF801008DF8020003204E49C7
:101DD000087004204D49087080034D4908600822AE
:101DE0006946204613F0B4FB4A48C0684A49086077
:101DF0004848006949490860032049490860494842
:101E0000096850F821004001474908600846006809
:101E100020F0704040F08050086042484049096816
:101E200050F82100414908600846006820F07040E1
:101E300040F080500860002039490860394809683E
:101E400050F8210040013A4908600846006820F037
:101E5000704040F00050086032483149096850F83D
:101E60002100344908600846006820F0704040F0C6
:101E7000005008603048C068304908602E4800694A
:101E80002F4908600D2017F0D9FD2E480321026864
:101E900008460AF0B1FE0220019000208DF80800EB
:101EA00002208DF809000A49486801A909F0D4F810
:101EB00008230022012108460BF058FE2248032186
:101EC000026801200AF0D5FE0220204908603EBDCC
:101ED000E0080020240600202006002048060020FC
:101EE0004C060020280600202C060020300600208A
:101EF0003C06002058060020600600205006002006
:101F0000540600206C060020700600207206002097
:101F1000740600207C0800207C0600208406002037
:101F200068060020F0CE03088C060020AC060020D6
:101F3000A4060020B4060020B0CE03089C060020B2
:101F400094060020180600201C060020BC06002075
:101F500010B5FFF799FE10BD0EB500241CE004EB90
:101F6000840127480844274901EBC401486004EB79
:101F7000840123480F380844224941F8340022489C
:101F800090F864000121A140084020B91F48007862
:101F9000401C1E490870641C032CE0DB2FE04FF44A
:101FA000FA71002026F020F98DE8070000984028FB
:101FB00007D113F0A1FF20201549088014F092FDED
:101FC0001DE000F0EDFC202012F090FF104800888A
:101FD000202802D0002014F06DF800200C49088061
:101FE0000C4908800C48007828B10B200B49087078
:101FF00000200949087002F06DFB09490880CEE70E
:1020000034D8002024D1002044D50020CC05002065
:102010008205002086050020D1060020B0040020A3
:10202000CC0400202DE9F041044600260027FD489D
:102030000078022802DA0020BDE8F081002513E0D4
:10204000F94800EBC50050F824000079C00950B9E8
:10205000F64890F864000121A940084018B97F1C97
:102060000120A84006436D1C032DE9DBF04810F861
:10207000140000F00700B04222D0EE4850F82400CF
:10208000401CEC4941F82400084650F82400102870
:1020900011D9E74830F8140066F30200E44921F84A
:1020A0001400084630F8140020F4804021F8140091
:1020B000204600F015FC204615F04AF80020BBE74A
:1020C000DB4830F81400C0F3803000287ED0D848B8
:1020D00030F81400C0F30030002878D0D44830F82D
:1020E0001400C0F340300028F7D000254CE0D2485F
:1020F00000EBC50000EB8400D0ED000ACF4850F89B
:10210000240000EE100AB8EE400A80EE801ACA4899
:1021100000EBC50000EB840090ED000A30EE411AA0
:10212000C14800EBC50050F82400006800EE100A1A
:10213000C24850F8240000EE900AF8EE600AC0EEA3
:10214000201A31EE210ABC4800EBC50000EB8400E8
:1021500080ED000A9FEDBA0A10EE100AB24901EBB9
:10216000C50151F824100860AF4800EBC50050F8D5
:102170002400007920F080008030AB4901EBC501DC
:1021800051F8241008716D1C032DB0DBAB4850F8DA
:102190002400402879D99FEDAB0AAB4800EB8400BE
:1021A00080ED000A002516E0A34800EBC50000EB17
:1021B000840090ED000AA44800EB8400D0ED000AF2
:1021C00030EE200AA04800EB840001E058E164E012
:1021D00080ED000A6D1C032DE6DB9B4800EB8400BC
:1021E00090ED000AF0EE080A80EE201A964800EB07
:1021F000840080ED001A002543E08F4800EBC50005
:1022000000EB840090ED000A8F4800EB8400D0EDD5
:10221000000A30EE600AF0EE080A60EE200AB0EE26
:10222000001A80EE810A10EE100A7F4901EBC50109
:1022300051F8241008607C4800EBC50050F82400D9
:10224000006800EE100AB5EEC00AF1EE10FA09D2ED
:102250009FED7C0A10EE100A734901EBC50151F89D
:1022600024100860704800EBC50050F82400007985
:1022700020F080006C4901EBC50151F82410087171
:102280006D1C032DB9DB43E1FFE76C4850F82400D7
:10229000401C6A4941F824003AE1002550E0012041
:1022A000A840304090B3644800EBC50000EB8400C8
:1022B000D0ED000A614850F8240000EE100AB8EE94
:1022C000401A80EE810A5C4800EBC50000EB8400F8
:1022D000D0ED000A30EEC01A534800EBC50050F8AC
:1022E0002400006800EE100A544850F8240000EE64
:1022F000900AF8EE600AC0EE201A31EE210A4E482C
:1023000000EBC50000EB840080ED000A9FED4C0A55
:1023100010EE100A444901EBC50151F82410086081
:10232000414800EBC50050F82400007920F08000FF
:1023300080303D4901EBC50151F8241008716D1C36
:10234000032DACDB3D4850F8240040287ED99FED9A
:102350003D0A3D4800EB840080ED000A002517E0AF
:102360000120A840304090B1334800EBC50000EB9D
:10237000840090ED000A344800EB8400D0ED000AA0
:1023800030EE200A304800EB840080ED000A6D1C1E
:10239000032DE5DB2C4800EB840090ED000AF0EE05
:1023A000000A80EE201A284800EB840080ED001A15
:1023B00000255AE00120A840304090B31E4800EBB1
:1023C000C50000EB840090ED000A1F4800EB84007C
:1023D000D0ED000A30EE600AF0EE000A20EE200A8E
:1023E00010EE100A104901EBC50151F824100860E5
:1023F0000D4800EBC50050F82400006800EE100AFC
:10240000B5EEC00AF1EE10FA09D29FED0E0A10EEF9
:10241000100A054901EBC50151F824100860024873
:1024200015E021E0CC05002024D1002044D5002077
:102430000C060020F405002068D40020FC050020D4
:10244000FFFF7F7F000000001006002010E000EB7F
:10245000C50050F82400007920F080002D4901EBE0
:10246000C50151F8241008716D1C032DA2DB4FE04B
:10247000294850F82400401C274941F8240047E02F
:10248000012F43DD254850F82400401C234941F822
:102490002400084650F82400082837D9204800783E
:1024A00003281ED11F4830F8140020F4805000F596
:1024B00080501C4921F81400032F09D1084630F838
:1024C000140020F4005000F5005021F8140010E032
:1024D000144830F8140020F40050124921F8140078
:1024E00007E0104830F8140020F480500D4921F81E
:1024F00014000C4830F8140020F4804000F58040AF
:10250000084921F81400204600F0EAF9002093E57C
:10251000002091E524D10020FC05002004060020C5
:10252000CC0500200C06002010B52DED028B0446D2
:102530000F4804709FED0F0B53EC102B0F4890EDDC
:10254000000B51EC100B28F0EFFA41EC180B9FED4B
:102550000C0B53EC102B28F055FF0B4A03C2012043
:102560000A4908600A490880BDEC028B10BD0000D2
:10257000CB04002000000000000049409804002027
:10258000000000000000F03F48050020F404002097
:10259000EE04002000B58DB01749002010F0DAFFDE
:1025A0001649002010F0B0FF1348807800901248C0
:1025B000407801901048007802901048807803908D
:1025C0000E484078401E04900C48C0786430059056
:1025D0006846FEF7B6F90C9009490C980968C1EBFA
:1025E0004112C2EB012100EB01100C9000200B9076
:1025F000DDE90B010DB000BDB0000020B4000020EB
:102600009400002070B502460C46FF25FF2309E028
:10261000107880EA0501521C0648405C80EA0305F8
:102620000548435C201EA4F10106F4B2F0D143EA50
:10263000052070BDA8D10308A8D20308F0B5034651
:102640000E461546FF22FF2482EA05010C48405C35
:1026500080EA04020B48445C09E0187880EA020131
:102660005B1C0748405C80EA04020648445C301E5C
:10267000A6F10107FEB2F0D144EA0220F0BD00004D
:10268000A8D10308A8D2030810B52DED048BF0EEF5
:10269000408AF0EE609AB0EE419AF5EEC08AF1EE13
:1026A00010FA65DD9FED340AB4EE409AF1EE10FAAF
:1026B00049D19FED320AF4EE409AF1EE10FA1ED1A4
:1026C0009FED2D0AF4EEC08AF1EE10FA09D2002037
:1026D000F0EE490AB0EE680A17F020F8B0EE408A32
:1026E00008E00020F0EE490AB0EE680A17F082F820
:1026F000B0EE408AB0EE480ABDEC048B10BD9FEDF1
:10270000200AF4EE409AF1EE10FA1CD19FED1A0A5D
:10271000F4EEC08AF1EE10FA09D20120F0EE490A77
:10272000B0EE680A16F0FAFFB0EE408A08E0012029
:10273000F0EE490AB0EE680A17F05CF8B0EE408A95
:10274000B0EE480AD8E738EEC90AF7EE000A79EE8B
:10275000E00A80EE201AB0EE418A9FED070A28EECB
:10276000000AC0EE090AB0EE608AB0EE480AC3E77C
:102770009FED040AC0E700000000C842AE47B13F29
:102780004A0CB23FFFFF7F7F2DE9F04105460C4622
:10279000A01EC1B22846FFF735FF0646291931F8B9
:1027A000020C12F06DFB0746BE4202D00020BDE8CD
:1027B000F0810120FBE7000010B504460021154818
:1027C00040F82410144840F824101448005D00F02C
:1027D000010050B11148005D20F001010F48015582
:1027E00000220121204614F053FA0C48C01E005D5F
:1027F00000F0010060B10948C01E005D20F0010139
:102800000648C01E015500221146204614F040FA29
:1028100010BD0000B4D40020D0D400204CD900203A
:1028200010B5002011498861114988611148007E66
:1028300000F0010048B10F48007E20F001000D4972
:1028400008760021012014F093FA0A48C07D00F0B8
:10285000010048B10748C07D20F001000549C87556
:102860000021084614F084FA10BD0000A8D400200E
:10287000C4D4002039D9002010B5044600201549E1
:1028800041F82400144941F824001448005D00F088
:10289000010050B11148005D20F001010F480155C1
:1028A00000220121204614F0BFFA0C48C01E005D32
:1028B00000F0010060B10948C01E005D20F0010178
:1028C0000648C01E015500221146204614F0ACFAFD
:1028D00010BD0000A8D40020C4D4002046D9002098
:1028E0000021054A42F82010044A42F82010012134
:1028F000034A42F820107047F40500200406002027
:10290000FC05002070B50446002C3CD0022C02D9F6
:102910006FF0010070BD641E47F6C8751B48006863
:1029200000EBC430C56228351848006800EBC4309D
:102930004560174850F834101448006800EBC43064
:1029400041624FF0FF311148006800EBC43000F5E0
:10295000E040C0F8F81F00200C49096801EBC431C1
:1029600047F6F87211444860012C02D10120094950
:10297000086001200849085510210848006825F022
:1029800027FC0020C6E74FF0FF30C3E7F403002028
:10299000E41E002000040020F80300206003002053
:1029A00010B50648006838B10020044908600846A0
:1029B0000168042010F034FF10BD0000D005002095
:1029C0000020014908707047A8030020F8B50446AC
:1029D0000D46164640F28A31601A8C4272D016DCDF
:1029E000B4F54A7F78D009DCA4F2213007286BD2F5
:1029F000DFE800F03D51646B6F707100A4F5617009
:102A00000628F4D2DFE800F0696D71797D97B0F5A2
:102A1000617F6ED015DCB0F5607F6BD008DC0128DB
:102A200069D0022868D0A0F27F3000284CD124E180
:102A3000A0F28130002879D0012878D00228F5D181
:102A40001FE141F22C12811A904271D00ADCA0F2EF
:102A5000853000286DD001286CD0A0F6A650002843
:102A6000E4D112E101297DD00229DFD110E100205B
:102A70008A49087001218A48006825F0A9FB02E014
:102A8000012025F0DDFA854800780028F8D00020E4
:102A900082490870FEE08348007870B1022101206D
:102AA00010F0BEFE0320012300907F480268002042
:102AB000014610F0BFFA12F0EFFAEBE0304613F0E7
:102AC0000FFAE7E021E007E0E3E001207749087032
:102AD000E0E0DFE0DEE0DDE0DCE00F2013F09AFB79
:102AE000F8BD012013F096FBFAE7022013F092FBE9
:102AF000F6E7C7E0C2E06CE0A4E0042013F08AFB34
:102B0000EEE7082013F086FBEAE76948407E20F0F4
:102B10000100674948760846407E00221346014678
:102B2000009040F6DC3000F023FDB3E0A7E0A7E022
:102B3000ACE0A8E0A8E09FED5F0A5F4880ED000AE6
:102B40009FED5C0A10EE100A5B49C1F805009FED8D
:102B5000590A10EE100AC1F80A009FED560A10EE4D
:102B6000100A00E093E0C1F80F009FED520A10EE4A
:102B7000100A48619FED4F0A10EE100AC1F81900C3
:102B80009FED4C0A10EE100AC1F82D009FED490A86
:102B900010EE100AC1F832009FED460A10EE100A3E
:102BA000C1F81E009FED430A10EE100AC1F8230081
:102BB0009FED400A10EE100A886240F6FF708863AD
:102BC0001EF04CFC11F012FA12F0C0FD15F0D6F810
:102BD00060E0D5B13948007800F0010088BB0120E1
:102BE0003749096808703548007820F00100401C1A
:102BF00032490870084600780022134601460090CA
:102C000040F61C4000F0B4FC1BE02C48007800F0BB
:102C10000100B0B100202A490968087029480078ED
:102C200078B92648007820F0010024490870084649
:102C30000078002213460146009040F61C4000F048
:102C400097FC27E09FED1B0A10EE100A1A49C1F805
:102C50002D009FED180A10EE100AC1F83200084648
:102C6000806B40F4407088631EF0F8FB11F0BEF9F1
:102C700012F06CFD15F082F80CE000BF00BF00BF41
:102C800000BF00BF00BF00BF00BF00BF00BF00BF4C
:102C900000E000BF00BF002022E700006B0800201A
:102CA00008000020280400202C040020B00400208C
:102CB00039D900200000000054D90020F20600207D
:102CC000C8060020C40600202DE9F0412DED028B3E
:102CD0000446B0EE408A0F460126A4F28E300B283F
:102CE00074D2DFE800F00607082122233D3E3F5062
:102CF000610000BF00BFA4F28E35012000FA05F686
:102D000018EE100A294601EB8101344A114408608B
:102D10001046806BB043114688631EF09FFB11F094
:102D200065F915F02BF852E000BF00BFA4F28E3514
:102D3000012000FA05F618EE100AE91E01EB8102E7
:102D400026490F31114408602448806BB043234961
:102D500088631EF083FB11F049F915F00FF836E097
:102D600000BF00BF18EE100AA4F5657101EB8102E7
:102D70001A491E31114408601EF070FB11F036F93B
:102D800014F0FCFF23E018EE100A1449C1F82D00DE
:102D90000846806B20F4807088631EF05FFB11F0A2
:102DA00025F914F0EBFF12E018EE100A0B49C1F8F8
:102DB00032000846806B20F4007088631EF04EFBE2
:102DC00011F014F914F0DAFF01E0FFE700BF00BFD3
:102DD0000020BDEC028BBDE8F081000054D900203A
:102DE0002DE9FC4106460C461746A6F22D3050B19F
:102DF000082828D0A0F6CC6000285BD12F4844607A
:102E000013F0E8FD56E02E480078D8B92D4804604C
:102E10000146097849B12C490868C11700EB917146
:102E20008910284A1278914202DC01202549087055
:102E300024484078032802DD002022494870012000
:102E40001F49087036E025462048806A0C2804DCBB
:102E50001E48806A10F10C0F2BDA0C2D29DC15F1BD
:102E60000C0F26DB1A480068854222D013484068C0
:102E700017490968611AC1EB4112C2EB012100EB4D
:102E800001100E4948601248046000681149C1F8F9
:102E900005000F480168032010F0C2FC0D48D0F86F
:102EA00005100091407A8DF804007920019A00F015
:102EB00091FC00BF00BF0020BDE8FC811002002093
:102EC000B00400201004002034CC030818DD0020DA
:102ED000940000201411002070B505460C46A54250
:102EE00004D02146284600F003F870BD0020FCE71E
:102EF000024600207047000030B58BB000250AF074
:102F000051FE03208849088001208DF814008DF8B7
:102F100015008DF81600082205A98348008812F0D4
:102F200017FB824825F0ECF881490860681E81494A
:102F300008604FF40070099001208DF828000220ED
:102F40008DF8290000208DF82A0001208DF82B0033
:102F50007949486809A908F07FF8774948684FF42B
:102F6000007108F089F974484068744908604FF4AA
:102F70000070734908600AF021FE102009900120BA
:102F80008DF8280002208DF8290000208DF82A00F5
:102F900001208DF82B006849486809A908F05CF801
:102FA00065494868102108F067F9002000905E49E3
:102FB00001900988C8B24FF480330522002112F035
:102FC00021F960484069604908605E4800685F49CF
:102FD000086000245E4850F824005E4908605E489E
:102FE00050F824005D4908600524594850F8240031
:102FF0005B490860584850F824005A49086003A803
:1030000006F072FD48BB9DF80C00BF2813D19DF857
:103010000D0026280FD1012053490870012506F024
:103020009FFB06A810F046FE00208DF8190006A8A8
:103030001DF07AFF00E000259DF80C001F280DD13F
:103040009DF80D00472809D10120484908704649DC
:103050000870002005F0B6FB00E00025444A02217C
:1030600041F6FE7007F09AFA414800884AF6552169
:10307000884215D13F4A022141F6FE7007F026FB37
:103080003B4A022141F6FE7007F088FA3848008872
:103090004CF2C331884218D101203749087014E03E
:1030A000364A022141F6FE7007F010FB304A022139
:1030B00041F6FE7007F072FA2D4800884AF6552155
:1030C000884202D101202C4908704FF480502C49CD
:1030D000088040002B4908604000486040102A49A1
:1030E00008604FF44020294908604FF48050284977
:1030F00008600001274908604FF4407026490880A5
:10310000302026490880088800EBD0714910214AF8
:1031100012681E4B1B6801FB0231214A116009F045
:1031200015FD28460BB030BD44030020F4B703085A
:10313000FC02002000030020E00800203C030020E7
:10314000400300207C080020B4170020C017002096
:1031500090CE0308CC170020D0CE0308E41700203F
:10316000D8170020F01700200F03002010030020C4
:103170004A0300204E0300200C0300204C030020D3
:103180002403002014030020C4020020E4020020D5
:10319000F4020020F8020020EC020020EE020020E1
:1031A000E802002030B587B0002502205C49088085
:1031B00000208DF80C008DF80D008DF80E002022F7
:1031C00003A95748008812F0C3F9564824F098FF25
:1031D0005549086013F086FB5448006805900120AB
:1031E0008DF8180002208DF8190000208DF81A00C3
:1031F00001208DF81B0005A94D48006807F02CFF41
:103200004A48008881B24A48006808F035F84FF40F
:103210000040059001208DF8180002208DF819005B
:1032200000208DF81A0001208DF81B004149086923
:1032300005A907F011FF3F4908694FF4004108F064
:103240001BF800200090364901900988C8B24FF45D
:1032500080330422032111F0D5FF37480069374934
:1032600048603548C068364948600324354850F8FE
:10327000240035494860354850F8240034494860F6
:103280000424304850F82400324948602F4850F850
:1032900024003149486004A9012005F0C3FD012044
:1032A00005F096FE002005F0B3FE0A2024F0C8FECB
:1032B00004A9012005F0B6FD012005F089FE0A20D1
:1032C00024F0BEFE04A9012005F0ACFD0A2024F084
:1032D000B7FE04A9012005F0A5FD9DF81000022805
:1032E00003D101201D4908700225012005F050FE80
:1032F00004A9012005F096FD012005F069FE04A94E
:10330000012005F08FFD002015490860084600687F
:1033100014490860202014490880284607B030BDB1
:1033200046030020F8B70308040300203003002000
:103330002C030020E00800207C080020B4170020A7
:10334000C017002090CE0308CC170020D0CE030871
:10335000E4170020D8170020F01700200D030020EC
:1033600020030020B00200202603002070B505468F
:103370004F48007900F0020010B94FF0FF3070BDE7
:10338000072D7DD2DFE805F08D045A6C808D8A0010
:103390004848006820F4B84201F0030010B1012849
:1033A00006D102E042F4006205E042F4804202E00D
:1033B0006FF00300E3E700BF01F0040020B1042830
:1033C00003D142F4006203E002E04FF0FF30D6E7A1
:1033D00000BF01F0100008B142F480523648806905
:1033E00020F0087301F0200018B142F4806243F02D
:1033F000007301F0400028B143F4001301202C4E6B
:10340000F07102E000202A4EF0712B4883612948B8
:103410000260406820F0310401F0800008B944F0F7
:10342000200401F4807008B144F0100401F400702D
:1034300008B144F001041F48446035E01D480068AD
:1034400020F008021C48806920F4005319B142F0B2
:10345000080243F40053174802601748836123E0D1
:103460001448006820F004021348806920F0020329
:1034700019B142F0040243F002030E48026000E07A
:103480000FE00D4883610FE001F0020028B10A4807
:10349000806940F48010084EB06105E00548C161C4
:1034A00002E06FF003006AE700BF002067E700005A
:1034B00004400120008002400090024002464FF08C
:1034C000FF30704770B505460E460024842221491E
:1034D0002148FDF78DF90B24A22D27D104EB4401DF
:1034E0001D4A02EB810078221C49FDF781F90A345C
:1034F00004EB4401184A02EB810078221849FDF7D9
:1035000077F90A3404EB4401134A02EB81002422C8
:103510001449FDF76DF9E41C04EB44010E4A02EB7B
:10352000810030221049FDF763F9241D04EB4401AA
:10353000094A02EB81004FF496720C49FDF758F9E5
:1035400019344FF0FF3004EB4401034A42F82100E4
:10355000104670BDECCD0308BCD900208CCF030809
:1035600044D00308C8D00308F8D003080807002097
:103570002DE9FF4182B0074615461E46002464E04F
:1035800004EB840000EBC400324901EB0020324917
:10359000095D01EB810202EBC10108449DF80C10AA
:1035A000017104EB840000EBC4002A4901EB002008
:1035B0002949095D01EB810202EBC1010844076062
:1035C000002185EA01007140084311D004EB84001A
:1035D00000EBC4001F4901EB00201F49095D01EB0E
:1035E000810202EBC101084440F8055F466015E026
:1035F000684608F0F7F904EB840202EBC402154BAD
:1036000003EB0222144B1B5D03EB830C0CEBC30397
:103610001A44DDE9001042F8051F50600E48005DB5
:10362000401C0D4908550846005DFF2801DD0020BB
:1036300008550948005D0949095D884204D10748D9
:10364000005D401C05490855641C012C98DB06B040
:10365000BDE8F081840900105501002054010020CC
:1036600070B5044617480088022802DB4FF6FF7049
:1036700070BD1548134D2D8800EB051004801248CD
:10368000104D2D8800EB0510416001250E480D4EB0
:10369000368800EB061045800B480A4D2D8800EB5C
:1036A000051082600848074D2D8800EB0510437314
:1036B00004480088401C034D288028460088401E8E
:1036C00080B2D5E7EA0100205000001070B5044632
:1036D0001148124D2D8800EB051004800E480F4D47
:1036E0002D8800EB0510416006200B4D0B4E3688EF
:1036F00005EB061568800848084D2D8800EB05107D
:10370000826006480088401C044D288028460088B6
:10371000401E80B270BD000078F10020180B002020
:1037200030B5044614480088052802DB4FF6FF70C8
:1037300030BD1248104D2D8800EB051004800F4855
:103740000D4D2D8800EB051081700C480A4D2D8819
:1037500000EB051082600948074D2D8800EB05102D
:10376000037305480088401C034D288028460088C4
:10377000401E80B2DCE70000E801002000000010DD
:1037800070B504461148124D2D8800EB05100480D9
:103790000E480F4D2D8800EB0510416006200B4DA3
:1037A0000B4E368805EB061568800848084D2D88B5
:1037B00000EB0510826006480088401C044D2880FC
:1037C00028460088401E80B270BD0000C8F100206D
:1037D0001A0B002017B50346002022E000EBC002C0
:1037E000114C04EB0222114C245C04EBC40422446F
:1037F0000199516000EBC0010B4A02EB01210B4A19
:10380000125C02EBC20211440B600849095C491CBE
:10381000064A11541146095CFF2901DD00211154AB
:10382000401C0128DADB1EBD84270010590100204E
:10383000FFB583B00746DDE90C5600244CE004EBED
:103840000411274A02EB0121264A125D02EB021203
:1038500011440498486004EB0410214901EB002056
:103860002049095D01EB011108440760002185EA48
:103870000100714008430DD004EB0410184901EB1E
:1038800000201849095D01EB0111084440F8095F67
:10389000466015E0684608F0A5F804EB840202EBE8
:1038A000C402114B03EB0222104B1B5D03EB830C94
:1038B0000CEBC3031A44DDE9001042F8051F506009
:1038C0000848005D401C074908550846005DFF2870
:1038D00001DD00200855641C012CB0DB07B0F0BDF1
:1038E00084160010570100208409001055010020A3
:1038F00017B50346002022E000EBC002114C04EB98
:103900000222114C245C04EBC4042244019951604E
:1039100000EBC0010B4A02EB01210B4A125C02EBE7
:10392000C20211440B600849095C491C064A115443
:103930001146095CFF2901DD00211154401C0128BA
:10394000DADB1EBDCC3000105D01002017B5034648
:1039500000201EE000EBC0020F4C04EBC2020F4C33
:10396000245C04EBC40422440199516000EBC001C3
:10397000094A02EBC101094A125C02EBC20211447E
:103980000B600649095C491C01F00701034A115408
:10399000401C0128DEDB1EBD843000105B010020CE
:1039A00029B1064A92680243044B9A6004E0034A34
:1039B00092688243014B9A6070470000002004E047
:1039C00029B1064AD2680243044BDA6004E0034A94
:1039D000D2688243014BDA6070470000002004E0A7
:1039E00010B5012141F62F00FFF7DAFF0121032076
:1039F000FFF7E6FF10BD000000202CE09FED580A05
:103A0000584901EB800181ED000A574901EB800123
:103A100081ED000A5449183101EB800181ED000A63
:103A2000524901EB800181ED000A9FED4D0A4D4A9C
:103A3000C11C02EB810181ED000A4B49C21C01EB64
:103A4000820181ED000A4849183101EB820181EDC4
:103A5000000A411C88B20328D0DB002009E09FED5A
:103A6000400A4149303101EB800181ED000A411CDF
:103A700088B20628F3DB002030E09FED390A3C498C
:103A800001EB800181ED000A9FED350A38490C31C8
:103A900001EB800181ED000A9FED310A3449343198
:103AA00001EB800181ED000A9FED2D0A30494C3178
:103AB00001EB800181ED000A9FED290A2C4940317C
:103AC00001EB800181ED000A9FED250A284958315C
:103AD00001EB800181ED000A411C88B20328CCDB98
:103AE0009FED1F0A2249083981ED080A9FED1C0A43
:103AF00081ED0A0A9FED1A0A81ED0B0A9FED180A63
:103B000081ED090A9FED160A81ED0D0A9FED140A59
:103B100081ED0E0A9FED120A81ED0C0A9FED100A4D
:103B200081ED1B0A9FED0E0A81ED1C0AB3EE0E0A11
:103B300081ED1D0A9FED0A0A81ED1E0A01210D4A41
:103B4000117000210C4A118001210C4A11609FED77
:103B50000C0B0D4981ED000B00210C4A11707047D0
:103B600000000000C8CB0020E0D6002094CC00204C
:103B700058D80020C6040020EE040020F4040020E1
:103B8000000000000000000020050020800500204B
:103B90002DED088B84B001220021A94815F03EF8D4
:103BA0000121A74815F053F8A648007920F08000BD
:103BB0008030A4490871A448407A20F08000803009
:103BC000A14948720846007920F0800080300871D1
:103BD0000846807B20F08000803088732FE14FF40E
:103BE000FA71002024F000FB01AB07C301984028C4
:103BF00030D1082012F076FF9FED940A944880EDB2
:103C0000190A9FED920A10EE100A8E4908600846C4
:103C1000007920F08000803008719FED8C0A10EE52
:103C2000100A8949C1F80A000846807B20F080000C
:103C3000803088739FED850A10EE100AC1F80500E8
:103C40000846407A20F08000803048720120814987
:103C50000860F4E0082011F049F97F4890ED000A6F
:103C6000B8EE400ADFED7D0A80EE201A7C4880ED38
:103C7000001A794800686821B0FBF1F4204627F06B
:103C80001FF941EC190B9FED770B53EC102B27F02C
:103C900071F903D340F6FF70844233D3704890ED3E
:103CA000000A724880ED070A9FED680A684880EDB7
:103CB000190A9FED660A10EE100A6249086008466C
:103CC000007920F08000803008719FED600A10EECE
:103CD000100A5D49C1F80A000846807B20F0800088
:103CE000803088739FED590A10EE100AC1F8050064
:103CF0000846407A20F08000803048720120554903
:103D000008609CE05A4890ED010ADFED5A0A20EE67
:103D1000200A10EE101A084627F05EFC41EC190B41
:103D2000524890ED070A4E48D0ED000A30EEC00A26
:103D300010EE101A084627F04FFC41EC1B0BB0EEBA
:103D40004B0AF0EE6B0A1FF00FFEB0EE40AAF0EE49
:103D500060AA53EC192B51EC1A0B27F045FA02D24A
:103D600000203C4908603B48006843490968884294
:103D700004D238480068401C364908603B48D0ED02
:103D8000070A34480068401E00EE100AB8EE401AD8
:103D9000334890ED000A00EE810A2E48D0ED000A6B
:103DA000F8EE600A80EE201A304880ED071A90ED98
:103DB000070A2F48D0ED020A30EE200AD0ED010AA2
:103DC00080EE208A224880ED198A2C4890ED000A66
:103DD000B0EE401A90ED010AF0EE400AB0EE480A4B
:103DE000FEF752FC10EE100A1649086008460079EA
:103DF00020F080000871084600681349C1F80A00E5
:103E00000846807B20F080010F4881731B48007AB0
:103E100000F00F0040B90B4800680B4908600846E5
:103E2000007920F08000087118EE100A0649C1F8E8
:103E300005000846407A20F0800103484172CEE632
:103E4000000C00405C0A0020D0D80020FFFF7F7FDC
:103E5000DCD60020480A0020500A00200000D04292
:103E6000540A00200000000000003440BCD60020AE
:103E7000ACDE00206666663F4C0A002054DF00205E
:103E80002DE9F041894A128891B2894A106807F0F9
:103E9000F3F90021874800F06DF9002185481830BA
:103EA00000F068F91321834800F00CFB13218148CE
:103EB000183000F007FB80497E48183000F040F9C8
:103EC0007E497C4800F03CF97D497A48183000F082
:103ED00037F97C49774800F033F912227A497B4858
:103EE000FCF741FC7A4F00242DE004EB4400C6B2FD
:103EF00000250AE070197549085C40B2022101EB07
:103F00008401491B7854681CC5B2032DF2DB6F484D
:103F1000805D00F0800020B1FF21A000C01C39545A
:103F200003E00021A000C01C3954694850F8241057
:103F300004EB4400674A02EBC020674A128840F84D
:103F40002210601CC4B2062CCFDB64480078002825
:103F50007BD06348007830BB6248007810B90120FC
:103F6000604908705F49097800EE901AF8EE600A1F
:103F70005D4991ED001A60EE810AB0EE600A594980
:103F8000497842F2267288180EF05EFA57490860A6
:103F90000846006838B10120514908700020544992
:103FA0000880544908804E48007800284DD0504879
:103FB0000088002844D14B48407848B149484378AC
:103FC000434A4C480188494800681EF071FF06E0EA
:103FD0003F4A48480188454800681EF02DFF414887
:103FE0000078401E4249088042480088401C4149F0
:103FF00008803C48407888B10846008840F6F9714E
:10400000884222DB39480068FEF77CFC00203949F1
:104010000880324908703249087016E03548008837
:1040200040F25351884210DB30480068FEF76AFCCA
:10403000002030490880294908702949087004E0A7
:104040002B480088401E2A4908802B480088401CC5
:10405000294908800846008828490988884205D1EE
:104060000120274908800020234908801A48008839
:10407000401C1949088008460088B0F5C06F05D17A
:104080000220204908800020134908801D4800882C
:10409000022808D11A480088012804D101211A48B1
:1040A000006824F095F8BDE8F08100005806002073
:1040B0006006002058600240208000200080001828
:1040C000010000A000004090C5D00020C4220020C4
:1040D000F022002008230020B6040020B0040020B5
:1040E000B204002010040020A0040020740400206A
:1040F000BC0400208C050020BA040020B404002079
:104100008605002084050020780400200246094B23
:104110009A4201D2084801E00648103801F00053E5
:104120001BB1064B0B40C36002E0044B0B408360A5
:104130007047000010640240006002407D0F7D0F58
:104140000246094B9A4201D2084801E0064810385D
:1041500001F000531BB1064B0B40C36002E0044B5F
:104160000B40836070470000106402400060024012
:104170007D0F7D0F21B1026842F00102026003E071
:10418000026822F00102026070470000016821F01D
:10419000010101600021016041608160C160016135
:1041A000212141614A49884204D13D21484A103ABF
:1041B00091608CE046491831884205D14FF4746112
:1041C000434A103A916082E041493031884205D13A
:1041D0004FF474113E4A103A916078E03C494831FE
:1041E000884205D14FF07461394A103A91606EE00F
:1041F00037496031884204D13649354A103AD16096
:1042000065E033497831884204D13349304A103A65
:10421000D1605CE02E499031884204D12F492C4A6C
:10422000103AD16053E02A49A831884205D14FF0B5
:104230003D51274A103AD16049E02949884204D1CA
:104240003D21274A083A116041E02549183188424A
:1042500005D14FF47461224A083A116037E02049D1
:104260003031884205D14FF474111D4A083A11606B
:104270002DE01B494831884205D14FF07461184A3E
:10428000083A116023E016496031884204D111498F
:10429000134A121F11601AE011497831884204D183
:1042A0000D490F4A121F116011E00D4990318842EB
:1042B00004D10A490A4A121F116008E00849A831CE
:1042C000884204D14FF03D51054A121F11607047DA
:1042D000106002403D000020400F002000003D2003
:1042E0001064024030B503460A46002000240B4DFE
:1042F000AB4201D20A4901E00849103902F00055E9
:104300000DB14C6800E00C68064D2C4004EA020533
:104310000DB1012000E0002030BD0000106402401B
:10432000006002407D0F7D0F70B502460020002422
:104330000025124EB24201D2114B01E00F4B103B4F
:10434000104E0E4036B11E2606EAD124166806EA43
:10435000040502E0566906F0800501F000560EB132
:104360005C6800E01C68084E344004EA010616B19F
:104370000DB1012000E0002070BD0000106402407B
:10438000006002403C0F3C0F7D0F7D0F10B50D49C2
:104390000D48FFF7C9FF0446012C0DD109490A4811
:1043A000FFF7CEFE00210848FFF7E4FE012240F2AD
:1043B0002661064815F068FF05490348FFF7C0FE6F
:1043C00010BD000000800028B864024000100140C9
:1043D000000040A010B50D490D48FFF7A5FF0446A9
:1043E000012C0DD109490A48FFF7AAFE002108480F
:1043F000FFF7C0FE012240F22661064815F044FF97
:1044000005490348FFF79CFE10BD000000802020F6
:10441000A060024000440040000001A010B501F07F
:1044200080034BB122B1436943F08003436103E051
:10443000436923F08003436180290BD02AB10368CC
:1044400001F01E042343036004E0036801F01E042E
:10445000A343036010BD21B1026842F48062026090
:1044600003E0026822F480620260704710B5002207
:104470000268134B1A40CC680B6823434C692343F2
:104480008C692343CC6923430C6A23434C6A23433E
:104490008C6A23434C6B23438C6B23431A43026087
:1044A000426922F00702D1E90B3423431A434261E7
:1044B0000B6943604B6883608B68C36010BD00006C
:1044C0003F801CF041607047C1607047026822F075
:1044D000010202604160026842F00102026070471E
:1044E00010B510F0E7FB64480078002870D16348ED
:1044F000D0F8050058B362480078C0F340000028A7
:1045000037D107F087FA04465E48D0E90010002250
:1045100051405040014303D100205A49C1E90040B5
:1045200059480068574B0CCB821843F1000000211A
:10453000A21A81411DD30121084603F093FD504882
:10454000007820F00200801C4D49087011E0002125
:104550004C4A116051604A480078C0F3400040B1B5
:10456000012003F07FFD4648007820F00200444916
:1045700008704248D0F80A0058B341480078C0F3A8
:10458000800020BB07F046FA04464048D0E90010FE
:10459000002359405840014303D100203B49C1E961
:1045A000004039484068394B0CCB821843F1000079
:1045B0000021A21A81411FD30121022003F052FDE4
:1045C0002F48007820F00400001D2D49087013E0EA
:1045D0003BE0FFE700212D4A116051602848007838
:1045E000C0F3800040B1022003F03CFD2448007875
:1045F00020F00400224908702548D0F846001F49E1
:1046000008600846006878B11D48007800F0010095
:1046100080B30021042003F025FD1948007820F024
:1046200001001749087025E01548007800F00100E6
:1046300000BB0121042003F015FD1148007820F093
:104640000100401C0E49087014E01248007800F088
:104650000101012003F006FD0E48007800F0020180
:10466000022003F0FFFC0B48007800F00401042056
:1046700003F0F8FC10BD0000490B002028F20020D8
:10468000300B0020380B002060DF0020400B0020A2
:1046900080DD0020480B002010B50A4A128891B234
:1046A000094A106806F0E6FD01210848FFF762FD9F
:1046B000012106481830FFF75DFD0549086803F041
:1046C00067FD10BD580600206006002058600240BB
:1046D000BC06002000B5A3B0FE4801684068FE4A51
:1046E000C2E90010FD480088401CFC490880FC48D5
:1046F0000088002841D0114603C9FA4B0CCB801A20
:1047000061EB0301CDE9080126F0EEFB9FEDF60B0E
:1047100053EC102BCDE90A019DED0A0B51EC100B67
:1047200026F002FACDE90C019DED0C0B51EC100BBB
:1047300026F014F91790EA490988491EEC4A17989F
:1047400042F82100E6480088052804D19DED170AAB
:10475000E84880ED010AE248008805280DDDE548BB
:10476000D0ED010A9DED170AF4EEC00AF1EE10FA41
:1047700003DD9DED170A80ED010AD748D0E900104E
:10478000D84AC2E90010DC48008880B201460D908A
:10479000DA48006806F070FDD9480088401E1A907B
:1047A0001A98002803DA1A9800F5C0601A90D548C4
:1047B0000188D5480088C01C814204DAD1480088AD
:1047C000401CD0490880D14890ED1D0AD048D0ED5A
:1047D0001E0A30EE600A8DED170A0020209024E0BA
:1047E000CB487C30209900EB810090ED001ADDED84
:1047F000170AB7EE000A01EE600AC548943000EBD4
:10480000810090ED001ADDED170A21EE201ADDED92
:10481000170A01EE600ABF49209801EB800080ED85
:10482000000A2098401C00B2209020980628D7DB70
:104830000020209024E0B648AC30209900EB8100A5
:1048400090ED000AF1EE400A9DED170A20EE800A75
:10485000AF48B83000EB810090ED001ADDED170A8B
:1048600021EE201ADDED170A01EE600AAA49209810
:1048700001EB800080ED000A2098401C00B22090DF
:1048800020980328D7DB0020A449087020906AE014
:10489000A3481D9040421C900020219026E02199C1
:1048A0001A98401A00B222902298002804DA22981E
:1048B00000F5C06000B22290209800EB40019948BA
:1048C00000EBC121229851F820001B901D991B98E4
:1048D000884201DD1B981D90DDE91B01884201DA49
:1048E0001B981C902198401C00B221902198B0F593
:1048F000007FD4DB8C4A20991D9842F821008B4A16
:1049000020991C9842F82100854949421D98884207
:1049100003D01C9810F5000F04D10121844A20987F
:10492000115403E00022824920980A5481480078FB
:10493000A8B17D49209851F820107C4A52F82000F7
:1049400008440D9000EBD070401000EE100AB8EE55
:10495000C00A7949209801EB800080ED000A209878
:10496000401C00B220902098062891DB002173485B
:104970000180002072490860724890F86600F0B922
:104980000020209017E06849209851F82010674ACD
:1049900052F82000081A18906B491898884206DDD2
:1049A00066492098088066491898086006E02098B3
:1049B000401C00B2209020980328E4DB00BF604830
:1049C0000068E8B90320209017E05749209851F873
:1049D0002010564A52F82000081A18905849189882
:1049E0000968884205DD554920980880544918987F
:1049F00008602098401C00B2209020980628E4DB34
:104A00004F4800685149884203DA0120FDF78CFDC8
:104A100011E245484949098850F821004349474A6D
:104A2000128851F8221008440D9000EBD07040100D
:104A3000189001201E904148008800EB4000394941
:104A400001EBC0211A9851F820101898081A02D5C5
:104A50004FF0FF301E9001202190A4E02198B0F586
:104A6000007F03D10220FDF75FFDE4E121991A9850
:104A7000401A00B222902298002804DA229800F509
:104A8000C06000B222902D48008800EB400025490C
:104A900001EBC021229851F820101898091A199199
:104AA00019991E984843002879DA229881B228483B
:104AB00001802298401C00B222902298B0F5C06F6D
:104AC00001D1002022901D48008800EB40001549CC
:104AD00040E0000010020020D8050020F205002070
:104AE000F0050020E0050020000000C04D625041AC
:104AF000CCD200205CD40020200600202406002018
:104B0000B6040020EE040020BE04002050D800208F
:104B1000ACD5002000D1002018D10020CB0400200B
:104B2000010080FF0823002008CB002020CB0020BC
:104B3000C0040020C604002038CB0020F004002070
:104B4000D004002044D500208B2E3A0058470100A5
:104B5000E804002001EBC021229851F82010199898
:104B6000411A18980844099026F093F9CDE90C01F0
:104B7000199826F08EF9CDE90A019DED0C0B53EC46
:104B8000102B9DED0A0B51EC100B25F0CDFFFE4ACA
:104B900003C21E98404200B21E9009E0FFE7219830
:104BA000401C00B221902198B0F5C06F7FF756AF3E
:104BB00000BF0020219038E02198B0F5407F03D15C
:104BC0000320FDF7B1FC36E1F04801882198081A6E
:104BD000203800B222902298002804DA229800F5AA
:104BE000C06000B22290EA48008800EB4000E9492A
:104BF00001EBC021229851F820101898081A1E992C
:104C0000484300280DDA219818B90420FDF78CFCE0
:104C100011E1E149229808801E98404200B21E909E
:104C200007E02198401C00B221902198B0F5407F08
:104C3000C2DD00BF0020219065E02198B0F5007F23
:104C400003D10620FDF770FCF5E0D34801882198D8
:104C5000081A203800B222902298002804DA2298FC
:104C600000F5C06000B22290C948008800EB400007
:104C7000C84901EBC021229851F820101898081A51
:104C8000199019991E984843002838DA219818B9C4
:104C90000720FDF749FCCEE0229881B2BF48018091
:104CA0002298401C00B222902298B0F5C06F01D12A
:104CB00000202290B648008800EB4000B54901EB87
:104CC000C021229851F820101998411A18980844C8
:104CD000099026F0DEF8CDE90C01199826F0D9F8F4
:104CE000CDE90A019DED0C0B53EC102B9DED0A0B49
:104CF00051EC100B25F018FFA94A03C207E02198D8
:104D0000401C00B221902198B0F5407F95DD00BF96
:104D10009E480088A1490988411AA248016000689C
:104D2000002805DA9F48006800F5C0609D490860CA
:104D30009C4800687E2804DB9A480068B0F5007F34
:104D400003DD0820FDF7F0FB75E0954890ED000BC2
:104D500053EC102B8C4890ED000B51EC100B26F00F
:104D600051FB914A03C28F48006826F092F8CDE9C2
:104D70000C018D4890ED000B53EC102B9DED0C0BAE
:104D800051EC100B25F01CFE884A03C29FED880BE6
:104D900053EC102B854890ED000B51EC100B26F0D6
:104DA00031FB854A03C285480088032835DB8348E8
:104DB0000088801E099026F06CF8CDE90C017F4830
:104DC0000088C01E059026F064F8CDE906017C48F5
:104DD00090ED000B53EC102B9DED060B51EC100BDE
:104DE00026F004F9CDE90801734890ED000B53EC6F
:104DF000102B9DED080B51EC100B25F0E1FDCDE9DA
:104E00000A019DED0C0B53EC102B9DED0A0B51ECA0
:104E1000100B25F089FE6A4A03C29FED650B53EC27
:104E2000102B674890ED000B51EC100B25F07CFE29
:104E3000644A03C200BF634890ED000B53EC102B93
:104E40009FED610B51EC100B25F0BAFDCDE90C0183
:104E50005F4801680846079126F0BEFBCDE90801CE
:104E60005C4890ED000B53EC102B9DED080B51ECC2
:104E7000100B26F0BBF8CDE90A019DED0C0B53ECAD
:104E8000102B9DED0A0B51EC100B25F04DFE524AF4
:104E900003C2514890ED000B53EC102B9FED4F0BCC
:104EA00051EC100B26F0A2F84E4A03C24E4800788F
:104EB000B0B19FED4E0A4E4880ED060A9FED4B0AB9
:104EC0004C4880ED000A9FED490A10EE100A4A494D
:104ED00008600846007920F080008030087138E0D2
:104EE000384890ED000B53EC102B9FED370B51EC35
:104EF000100B25F065FDCDE90A019DED0A0B53EC81
:104F0000102B344890ED000B51EC100B25F00CFEEB
:104F1000CDE90C019DED0C0B51EC100B25F01EFDA5
:104F2000334988612C4890ED000B51EC100B25F0B3
:104F300015FD30490860284890ED000B51EC100B2E
:104F400025F00CFD2C4908600846007920F080000F
:104F500008712A48008880B201460D9028480068F0
:104F600006F088F9174890ED000B51EC100B25F076
:104F7000F5FC0D901A9880B20C909DED0D0A24F06E
:104F80001BFD1E4800883DE008050020E8040020C5
:104F9000F004002008230020EA040020EC04002094
:104FA00010050020D4040020000500202805002062
:104FB000000000000000704018050020EE040020F2
:104FC0002005002048050020000000000000F03F00
:104FD000ACDE002098040020400500204417415416
:104FE000FB21194050050020CB04002000000000E8
:104FF000BCD60020DCD60020E4D70020200600200C
:105000002406002080B201460D90FE48006806F09C
:1050100033F9002020906CE01FED0C0AFA4920982B
:1050200001EB800080ED000A0020229019E0F74992
:10503000209801EB8021229801EB800090ED000A7E
:10504000F149209801EB8000D0ED000A30EE200AF3
:10505000209801EB800080ED000A2298401C00B2ED
:1050600022902298FF28E2DDE749209801EB80009A
:10507000D0ED000A9FEDE61A80EE810A8DED150A4B
:10508000E448008803281FDBE349209801EB8000F7
:10509000D0ED000ADF480088C01E00EE100AB8EE0E
:1050A000C01A9DED150A00EE810ADA480088801EBC
:1050B00000EE900AF8EEE00A80EE201A209801EB4C
:1050C000800080ED001A07E09DED150AD249209876
:1050D00001EB800080ED000A0021D04A209842F8C0
:1050E0002010CF4A209842F820102098401C00B28F
:1050F0002090209806288FDB0020209026E01FEDCE
:10510000450AC849209801EB800080ED000ABE499D
:10511000209801EB800080ED000A1FED4C0AC24987
:10512000209801EBC00080ED010A209801EBC0003F
:1051300080ED000A1FED530ABC49209801EB800066
:1051400080ED000A2098401C00B22090209806288C
:10515000D5DB1FED5A0AB64880ED010A80ED000A42
:1051600000202290C8E0B349229801EB800090ED26
:10517000000A8DED170A229840301F901F98FF28D3
:1051800003D91F98A0F580701F90AA491F9801EBC2
:10519000800090ED000A8DED160A00202090A3E01B
:1051A0009A49209801EB8021229801EB800090ED34
:1051B000000A9949209801EB8000D0ED000A30EEFA
:1051C000600A8DED120A8DED150A9749209801EBC2
:1051D000C00090ED001A9DED150ADDED170A00EEF6
:1051E000201A209801EBC00080ED001A209801EBF6
:1051F000C00090ED011A9DED150ADDED160A00EED6
:10520000201A209801EBC00080ED011A9DED150ACF
:10521000B5EEC00AF1EE10FA05D29DED150AB1EE19
:10522000400A8DED120A8149209801EB8000D0EDF3
:10523000000A9DED120AF4EEC00AF1EE10FA06D251
:105240009DED120A209801EB800080ED000A75495F
:10525000209801EB8000D0ED000A9DED120A40EE8F
:10526000000A209801EB8000C0ED000A2098022877
:1052700036DD6F4890ED000A6F49209801EB800001
:1052800090ED001ADDED150A21EE201ADDED170A6A
:1052900061EE200A6949209801EB800090ED001A28
:1052A00000EE810A624880ED000A90ED010A624931
:1052B000209801EB800090ED001ADDED150A21EE3B
:1052C000201ADDED160A61EE200A5C49209801EBF8
:1052D000800090ED001A00EE810A554880ED010A29
:1052E0002098401C00B2209020980628FFF658AF66
:1052F0002298401C00B222902298FF287FF733AFFB
:1053000000202090BBE14849209801EBC00090EDBF
:10531000000AF0EE000A20EE200ADFED3D0A80EEE2
:10532000201A209801EBC00080ED001A8DED171AAD
:10533000209801EBC00090ED010AF0EE000A20EE8B
:10534000200ADFED330A80EE201A209801EBC0001E
:1053500080ED011A8DED161A9DED170A60EE000A18
:105360009DED160A40EE000AB0EE001A80EE810AAA
:105370008DED090A099826F02FF9CDE90A019DED76
:105380000A0B1EF061FB8DED0C0B9DED0C0B51EC2F
:10539000100B25F0E3FA0146294A209842F8201024
:1053A00015912549209801EB8000D0ED000A9DED74
:1053B000150A20EE800A2149209801EB8000D0EDEB
:1053C000000A20EE200A1F49209801EB800080EDA2
:1053D000000A1A49209851F820100846079126F033
:1053E000FBF8CDE90A010F49209801EB8000D0EDD0
:1053F000000A9FED071A80EE810A8DED010A0198DF
:1054000022E000002406002050CB002008B300203A
:1054100000008043EE04002038CB002020CB002089
:1054200008CB002098CB002068CB0020F8CB0020D0
:1054300030050020C4CC0020D822002000D100205C
:10544000BCD60020B0CB002026F0C6F8CDE9020182
:105450009DED020B1EF0F8FA8DED060BFE4920982B
:1054600051F820100846039126F0B6F8CDE9040162
:105470009DED060B53EC102B9DED040B51EC100B26
:1054800025F0B4FDCDE908019DED0A0B53EC102B7E
:105490009DED080B51EC100B25F0A8FDCDE90C019A
:1054A0009DED0C0B51EC100B25F058FAEB4A2099AE
:1054B00042F82100EA480078F0BBEA49209801EB65
:1054C000800090ED000AE849209801EB8000D0EDC3
:1054D000000A30EE600A8DED090A099826F07CF882
:1054E000CDE90A019DED0A0B1EF03EFA8DED0C0B85
:1054F0009DED0C0B51EC100B25F030FA1790209815
:10550000032809DAD94890ED000ADFEDD90A20EE28
:10551000200A8DED160A0CE02098C01ED54901EB3B
:10552000800090ED000ADFEDD20A20EE200A8DED1A
:10553000160A9DED170A00E00DE0DDED160AB4EE47
:10554000E00AF1EE10FA06DDCB480088032802DB02
:105550000120C9490880C349209801EB800090EDE3
:10556000000AC149209801EB800080ED000A00206C
:10557000BB490870B849209801EB800090ED000A03
:10558000BE49209801EB8000D0ED000A20EE200AF1
:10559000BB49209801EB8000D0ED000A20EE200AE4
:1055A000209801EB800080ED000AB34800880328B2
:1055B00048DBAC49209801EB800090ED000AB1482F
:1055C000209900EB810090ED001AAB480088C01EC6
:1055D00000EE900AF8EEE00A01EE200AA6480088E4
:1055E000801E00EE900AF8EEE00A80EE201AA54830
:1055F00000EB810080ED001A9849209801EB8000B3
:1056000090ED000A9F481838209900EB810090ED3A
:10561000001A99480088C01E00EE900AF8EEE00AD1
:1056200001EE200A94480088801E00EE900AF8EEF1
:10563000E00A80EE201A9348183800EB810080EDD4
:10564000001A18E08749209801EB800090ED000ACD
:105650008C48209900EB810080ED000A7F4920985A
:1056600001EB800090ED000A86481838209900EB85
:10567000810080ED000A2098401C00B22090209804
:105680000628FFF640AE002020907AE07D481838CA
:10569000209900EB810090ED000A7B48D0ED000AD4
:1056A00020EE200A10EE100A01EB8101774A114426
:1056B00008607448209900EB810090ED000A724860
:1056C000D0ED000A20EE200A10EE100A01EB810254
:1056D0006E491431114408606A4918392098C01C79
:1056E00051F82000209901EB8101694A11440860BA
:1056F00064492098C01C51F82000209901EB8102D8
:1057000063491431114408605E4918392098C01C5F
:1057100001EB8000D0ED000A9FED5E1A80EE810A59
:1057200010EE100A209901EB81025B4911440860D8
:1057300054481838209950F821000B9025F04CFF60
:10574000CDE90C01554890ED000B53EC102B9DED6D
:105750000C0B51EC100B25F00DFC07D22098C0B2B9
:1057600001460D90012012F0FFFD06E02098C0B226
:1057700001460D90002012F0F7FD2098401C00B269
:1057800020902098032881DB002020902AE1209897
:10579000C01C00B222903149209801EB800090EDAE
:1057A000000A8DED170A179825F016FFCDE90A01BA
:1057B0009DED0A0B1EF0D8F88DED0C0B9FED380B0C
:1057C00053EC102B9DED0C0B51EC100B25F00CFD48
:1057D00071D22B49209801EB800090ED001A9DEDCD
:1057E000170AC1EE000A9FED300A80EE801A8DED97
:1057F000151A209800EB80012448283008440068DE
:1058000000EE900A1C480088401E00EE100AB8EE18
:10581000C01A9DED150A00EE810A1748008800EEB7
:10582000900AF8EE600A80EE201A8DED151A209984
:1058300001EB810215492831114415980860209820
:1058400000EB8001114828300844007920F08001E5
:10585000209800EB80022AE0D8220020E0CB002034
:10586000C6040020B0CB0020C8CB0020900400204C
:10587000CDCC4C3DFC060020EE04002000D10020E1
:10588000F8CB0020F8D600205805002044D700208F
:1058900094D7002000007A4416D90020800400200C
:1058A000000000E04D62503FF304B53F03E0FE48C6
:1058B0001044017118E09FEDFD0A10EE100A2099C6
:1058C00001EB8102F84911440860209800EB800147
:1058D000F5480844007920F080008030209901EBE1
:1058E0008102F14911440871F149229801EB8000CD
:1058F00090ED000A8DED170A179825F06DFECDE9A1
:105900000A019DED0A0B1EF02FF88DED0C0B1FED1B
:105910001C0B53EC102B9DED0C0B51EC100B25F0D8
:1059200063FC42D2E349229801EB800090ED001A1B
:105930009DED170AC1EE000A1FED250A80EE801AC0
:105940008DED151A209800EB8001DB4808440068B3
:1059500000EE900AD9480088401E00EE100AB8EE0A
:10596000C01A9DED150A00EE810AD448008800EEA9
:10597000900AF8EE600A80EE201A8DED151A209933
:1059800001EB8102CC49114415980860209800EB86
:105990008001C9480844007920F08001209800EB7C
:1059A0008002C5481044017118E09FEDC00A10EE56
:1059B000100A209901EB8102BF4911440860209828
:1059C00000EB8001BC480844007920F08000803062
:1059D000209901EB8102B849114408712098401CBC
:1059E00000B2209020980328FFF6D1AE002020902E
:1059F00051E0B349209801EB800090ED000AB148D6
:105A0000D0ED000A9FEDB01A60EE810AB4EEE00A14
:105A1000F1EE10FA04D20121AC4A2098115403E0AF
:105A20000021AA4A20981154A5492098C01C01EBD6
:105A3000800090ED000AA649209801EB8000D0ED8F
:105A4000000A9FEDA11A60EE810AB4EEE00AF1EEC1
:105A500010FA04D201219F4A2098115403E000213A
:105A60009C4A209811542098C0B298490D902098D3
:105A7000085C0C900D9912F07BFE2098C0B29549FD
:105A80000D902098085C0C900D9912F089FA2098DE
:105A9000401C00B2209020980328AADB8D48017892
:105AA000407808448B498978084400287ED18A4888
:105AB00090ED000AF0EE000A20EE200ADFED870AE2
:105AC00080EE201A8DED171A90ED010AF0EE000A13
:105AD00020EE200ADFED810A80EE201A8DED161AE5
:105AE0009DED170A60EE000A9DED160A40EE000AD1
:105AF000B0EE001A80EE810A8DED090A099825F0B2
:105B00006BFDCDE90A019DED0A0B1DF09DFF8DEDAA
:105B10000C0B9DED0C0B51EC100B24F01FFF70498A
:105B20000860704890ED060A8DED130A90ED070AA3
:105B30008DED120A04202090E9E16A49209801EBDA
:105B4000C000D0ED000A9DED130A60EE800A209897
:105B500001EBC00090ED011A9DED120A41EE000A22
:105B6000CDED170A209801EBC000D0ED010A9DEDA4
:105B7000130A60EE800A209801EBC00090ED001A35
:105B80009DED120A41EE400ACDED160A179825F058
:105B900023FDCDE90A019DED0A0B1DF0E5FE8DED1B
:105BA0000C0B1FEDC10B53EC102B00E0FDE39DED42
:105BB0000C0B51EC100B25F017FB51D29DED160A82
:105BC000DDED170A80EE201A8DED151A159825F0D7
:105BD00003FDCDE906019DED060B1DF0F5FC8DEDF5
:105BE000080B9FED410B53EC102B9DED080B51EC76
:105BF000100B25F0FBF99FED3E0B53EC102BCDE97C
:105C00000A019DED0A0B51EC100B24F08DFFCDE93C
:105C10000C019DED0C0B51EC100B24F09FFE149029
:105C20009DED170AB5EEC00AF1EE10FA0ED29DED09
:105C3000160AB5EEC00AF1EE10FA08D29DED140A6C
:105C4000DFED2D0A30EE600A8DED140ABDE09DED0A
:105C5000140ADFED290A30EE200A8DED140AB4E0B3
:105C6000169825F0B9FCCDE90A019DED0A0B1DF04F
:105C70007BFE8DED0C0B1FEDF60B53EC102B9DED09
:105C80000C0B51EC100B25F0AFFA75D29DED170AF5
:105C9000DDED160A80EE201A8DED151A159825F007
:105CA0009BFCCDE9060129E06CD700200000000034
:105CB000E0CB0020F8CB0020BCD70020EE04002071
:105CC000B0CB002090040020CDCC4C3EC00500207D
:105CD000FC060020C30500203005002000008043A2
:105CE000B805002068CB002000000000008066405E
:105CF00044174154FB210940000034439DED060B3D
:105D00001DF062FC8DED080B1FED090B53EC102B01
:105D10009DED080B51EC100B25F068F91FED0C0BF5
:105D200053EC102BCDE90A019DED0A0B51EC100B41
:105D300024F0FAFECDE90C019DED0C0B51EC100B9B
:105D400024F00CFE14909DED170AB5EEC00AF1EE9A
:105D500010FA1BD29DED160AB5EEC00AF1EE10FA4C
:105D60000BD29DED140AB1EE400ADFEDFE0A30EED3
:105D7000600A8DED140A28E023E09DED140ADFEDA2
:105D8000F90A30EEC00A8DED140A1EE09DED160AE8
:105D9000B5EEC00AF1EE10FA0AD29DED140AB1EE8A
:105DA000400ADFEDF00A30EE600A8DED140A0CE0D7
:105DB0009DED140ADFEDEB0A30EEC00A8DED140AFA
:105DC00003E01FED460A8DED140AE748209900EB29
:105DD000810090ED000AE4486038D0ED1B0A30EEF7
:105DE000600AC81EE14901EB8000D0ED000A30EEE8
:105DF000200A0846D0ED000A70EE600A9DED140AF4
:105E000030EE800A8DED140A149825F0E5FB1FEDA5
:105E1000480B53EC102BCDE908019DED080B51EC1C
:105E2000100B25F0E3F81FED500B53EC102BCDE9D0
:105E30000A019DED0A0B51EC100B24F075FECDE923
:105E40000C019DED0C0B51EC100B24F087FD149010
:105E5000149825F0C1FBCDE906019DED060B1DF060
:105E60008FFD8DED0A0BC249209851F8201008468D
:105E7000079125F0B1FBCDE908019DED0A0B53EC2C
:105E8000102B9DED080B51EC100B25F0AFF8CDE970
:105E90000C019DED0C0B51EC100B24F05FFD014645
:105EA0002098001F0EAA42F83010149825F094FB99
:105EB000CDE906019DED060B1DF0F2FC8DED0A0B00
:105EC000AB49209851F820100846079125F084FB33
:105ED000CDE908019DED0A0B53EC102B9DED080B4D
:105EE00051EC100B25F082F8CDE90C019DED0C0B67
:105EF00051EC100B24F032FD01462098001F0EAA31
:105F000002EBC00041602098401C00B22090209815
:105F10000628FFF612AE964890ED030ADDED0F0A53
:105F200030EE200ADDED110A30EE200A8DED130A65
:105F30009DED0E0ADDED100A30EE200A8DED120AFD
:105F40009DED130ADFED8B0A20EE200A8A4890EDC2
:105F5000001AC0EE010A894890ED000A30EEC00A2E
:105F60008DED170A9DED120ADFED820A20EE200A60
:105F7000814890ED001AC0EE010A814890ED000AB8
:105F800030EEC00A8DED160A9DED170A20EE000ACC
:105F9000DDED160A00EEA00A8DED090A099825F03C
:105FA0001BFBCDE90A019DED0A0B1DF04DFD8DEDAA
:105FB0000C0B9DED0C0B51EC100B24F0CFFC15904D
:105FC00070480088032819DB6E480088C01E00EE68
:105FD000100AF8EEC00A9DED150A6B4890ED001A04
:105FE00001EE200A67480088801E00EE900AF8EE55
:105FF000E00A80EE201A644880ED001A62480068CA
:106000006249C863084690F8400020F080015F486C
:1060100080F840105C4890ED000A12F073F8179871
:1060200025F0DAFACDE90A019DED0A0B1DF09CFC82
:106030008DED0C0B9FED560B53EC102B9DED0C0BC7
:1060400051EC100B25F0D0F851D29DED160ADDED84
:10605000170A80EE201A8DED151A159825F0BCFA56
:10606000CDE906019DED060B1DF0AEFA8DED080B96
:106070001FEDE30B53EC102B9DED080B51EC100BB7
:1060800024F0B4FF1FEDE60B53EC102BCDE90A0111
:106090009DED0A0B51EC100B24F046FDCDE90C01EF
:1060A0009DED0C0B51EC100B24F058FC14909DED61
:1060B000170AB5EEC00AF1EE10FA0ED29DED160ADF
:1060C000B5EEC00AF1EE10FA08D29DED140A5FEDAC
:1060D000F60A30EE600A8DED140AB6E09DED140A62
:1060E0005FEDFB0A30EE200A8DED140AADE0169844
:1060F00025F072FACDE90A019DED0A0B1DF034FC82
:106100008DED0C0B9FED220B53EC102B9DED0C0B2A
:1061100051EC100B25F068F877D29DED170ADDEDF4
:10612000160A80EE201A8DED151A159825F054FAEE
:10613000CDE906019DED060B1DF046FA8DED080B2D
:106140009FED150B53EC102B9DED080B51EC100B34
:1061500024F04CFF9FED120B53EC102BCDE90A01FC
:1061600022E000000000B4420CD6002018D100202C
:10617000B0CB00200000C842BC050020AC050020C8
:10618000B0050020EE040020B405002007D8002050
:10619000F168E388B5F8E43E000000000080664046
:1061A00044174154FB2109409DED0A0B51EC100BA3
:1061B00024F0BAFCCDE90C019DED0C0B51EC100B59
:1061C00024F0CCFB14909DED170AB5EEC00AF1EE59
:1061D00010FA1BD29DED160AB5EEC00AF1EE10FAC8
:1061E0000AD29DED140AB1EE400A5FED220A30EEAC
:1061F000600A8DED140A28E09DED140A5FED270A70
:1062000030EEC00A8DED140A1FE01AE09DED160A6B
:10621000B5EEC00AF1EE10FA0AD29DED140AB1EE05
:10622000400A5FED300A30EE600A8DED140A0CE092
:106230009DED140A5FED350A30EEC00A8DED140AAB
:1062400003E09FEDF80A8DED140AF7480088032853
:1062500028DBF5480088C01E00EE100AF8EEC00AE0
:106260009DED140AF14890ED001A01EE200AEE4867
:106270000088801E00EE900AB8EEE01AC0EE010A17
:1062800010EE900AEA49C1F841000846D0F84100F2
:10629000E6490860E64890F8450020F08001E448AF
:1062A00080F845109DED0F0ADDED110A30EE200A51
:1062B000B0EE001AC0EE010ADE4890ED030A30EE9F
:1062C000600A8DED170A9DED0E0ADDED100A30EE25
:1062D000600ADFEDD90A20EE200AF0EE000A80EE17
:1062E000201A8DED161A9DED170ADDED160A30EE17
:1062F000600AF0EE080A80EE201A8DED151A9DED69
:10630000170ADDED160A30EE200AF0EE080A80EEDC
:10631000201A8DED141A9DED0E0ADDED100A30EEF7
:10632000200AB1EE400AF0EE000A80EE201A8DED50
:10633000171A9DED0F0ADDED110A30EE600ADFED50
:10634000BE0A20EE200AF0EE000A80EE201A8DED43
:10635000161A9DED170ADDED160A30EE200AF0EE52
:10636000080A80EE201A8DED131A9DED170ADDED57
:10637000160A30EE600AF0EE080A80EE201A8DED63
:10638000121A9DED150A20EE000ADDED130A00EE4B
:10639000A00A8DED090A099825F01EF9CDE90A0138
:1063A0009DED0A0B1DF050FB00E0DCE08DED0C0BC9
:1063B0009DED0C0B51EC100B24F0D0FA9F49179077
:1063C000C863084690F8400020F080019B4880F8A0
:1063D00040109DED140A20EE000ADDED120A00EED9
:1063E000A00A8DED090A099825F0F6F8CDE90A0111
:1063F0009DED0A0B1DF028FB8DED0C0B9DED0C0B9C
:1064000051EC100B24F0AAFA8C491390C1F841000A
:10641000084690F8450020F08001884880F8451033
:10642000844890ED030ADDED0F0A30EE200ADDED21
:10643000110A30EE200AF0EE080A80EE201A8DEDE7
:10644000151A9DED0E0ADDED100A30EE200AF0EE71
:10645000080A80EE201A8DED141A9DED150A20EE23
:10646000000ADDED140A00EEA00A8DED090A099874
:1064700025F0B2F8CDE90A019DED0A0B1DF0E4FA12
:106480008DED0C0B9DED0C0B51EC100B24F066FA0E
:106490006A491590C1F83700084690F83B0020F093
:1064A0008001664880F83B10179825F095F8CDE9F3
:1064B0000A019DED0A0B1DF057FA8DED0C0B9FEDB7
:1064C000600B53EC102B9DED0C0B51EC100B24F0DA
:1064D0008BFE2DD29DED130A5FEDDA0A20EE201A15
:1064E0009DED170AC1EE000A10EE900A5349C1F85B
:1064F0004B009DED150A5FEDE10A20EE201A9DED9F
:10650000170AC1EE000A10EE900AC1F846000846CC
:1065100090F84F0020F08001484880F84F1000218B
:1065200090F84A0061F3C710444981F84A0076E0C8
:106530009FED3C0A10EE100A4049C1F84600C1F830
:106540004B00084690F84F0020F08000803081F822
:106550004F00C109394890F84A0061F3C710374924
:1065600081F84A005BE0FCF75BF9344890F83B00A7
:1065700020F080008030314981F83B00084690F8D7
:10658000400020F08000803081F84000084690F8FC
:10659000450020F08000803081F84500244890F8C4
:1065A000400020F080008030214981F840000846FA
:1065B00090F8450020F08000803081F845009FED84
:1065C000190A10EE100A1D49C1F84100C863C1F84C
:1065D00037009FED140A10EE100A1549C8639FEDAD
:1065E000110A10EE100AC1F841009FED0E0A10EEDC
:1065F000100A1249C1F84600C1F84B00084690F84D
:106600004F0020F08000803081F84F00C1090B4816
:1066100090F84A0061F3C710084981F84A00002049
:106620002090FCE300000000EE0400208C04002019
:1066300007D80020B0CB0020D7B3DD3F94D700208F
:10664000000000000000F03FFE492098085C002890
:106650007DD1FD492098085C0028F9D1FB4920989C
:10666000C01C01EBC00090ED000A209801EBC000B7
:10667000D0ED000A20EE200A2098C01C01EBC000DB
:10668000D0ED010A209801EBC00090ED011A00EE58
:10669000810A8DED170A2098C01C01EBC00090ED17
:1066A000000AB1EE400A209801EBC000D0ED010ACB
:1066B00020EE200A2098C01C01EBC000D0ED010A9A
:1066C000209801EBC00090ED001A00EE810A8DEDDC
:1066D000160A169824F080FFCDE90A019DED0A0BF9
:1066E0001DF042F98DED0C0B9FEDD90B53EC102BE7
:1066F0009DED0C0B51EC100B24F076FD50D29DED6E
:10670000170ADDED160A80EE201A8DED151A159880
:1067100024F062FFCDE906019DED060B1CF054FF4D
:106720008DED080B9FEDCC0B53EC102B9DED080B62
:1067300051EC100B24F05AFC9FEDC90B53EC102BBD
:10674000CDE90A019DED0A0B51EC100B00E013E3BB
:1067500024F0EAF9CDE90C019DED0C0B51EC100B86
:1067600024F0FCF814909DED160AB5EEC00AF1EE87
:1067700010FA7DD29DED140ADFEDBB0A30EEC00A9F
:106780008DED140A9DED170AB5EEC00AF1EE10FA70
:106790006ED29DED140AB1EE400A8DED140A67E049
:1067A000179824F019FFCDE90A019DED0A0B1DF0A1
:1067B000DBF88DED0C0B9FEDA60B53EC102B9DED34
:1067C0000C0B51EC100B24F00FFD4DD29DED160A71
:1067D000DDED170A80EE201A8DED151A159824F0BC
:1067E000FBFECDE904019DED040B1CF0EDFE8DEDEB
:1067F000060B9FED990B53EC102B9DED060B51EC06
:10680000100B24F0F3FB9FED960B53EC102BCDE90E
:1068100008019DED080B51EC100B24F085F99FED5C
:10682000930B53EC102BCDE90A019DED0A0B51ECB3
:10683000100B24F00FFDCDE90C019DED0C0B51EC7C
:10684000100B24F08BF814909DED170AB5EEC00ADA
:10685000F1EE10FA0CD29DED140ADFED830A30EE52
:10686000600A8DED140A03E01FED920A8DED140A03
:106870009DED140A7F49209801EB800080ED000A0D
:106880007D49209801EB800090ED000A2098C01C03
:1068900001EB8000D0ED000A30EE600A77492098C5
:1068A00001EB8000D0ED000A70EE600A9DED140A45
:1068B00030EE800A8DED140A209800EB80017048BC
:1068C00008440068079024F087FECDE90A01149877
:1068D00024F082FE9FED620B53EC102BCDE90001FA
:1068E0009DED000B51EC100B24F080FB9FED5A0B3B
:1068F00053EC102BCDE902019DED020B51EC100B76
:1069000024F012F9CDE904019DED040B1DF0DCF833
:106910008DED060B9FED5B0B53EC102B9DED060BE5
:1069200051EC100B24F062FBCDE908019DED0A0B40
:1069300053EC102B9DED080B51EC100B24F062FD75
:10694000CDE90C019DED0C0B51EC100B24F006F879
:1069500015904E480088032808DA4D48209900EB2E
:10696000810090ED000A8DED150A23E0484820993A
:1069700000EB8100D0ED000A44480088C01E00EE04
:10698000100AB8EEC01A9DED150A00EE810A3F48C4
:106990000088801E00EE900AF8EEE00A80EE201AD1
:1069A0008DED151A9DED150A3948209900EB8100EF
:1069B00080ED000A209901EB8102364911441598B7
:1069C0000860209800EB800132480844007920F0EC
:1069D0008001209800EB80022E481044017120981D
:1069E00000EB800126480F380844006800EE100ACA
:1069F000B5EEC00AF1EE10FA51D0209800EB8001FC
:106A00001F480F380844006800EE100ADDED150A33
:106A100030EEC00A10EE100A209901EB81021D49E8
:106A20001E3111440860209800EB800119481E3087
:106A30000844007920F08001209800EB800215487E
:106A40001E3029E0C0050020C305002068CB0020CF
:106A5000000000E04D62503F0000000000806640F2
:106A600044174154FB21094000003443000000005A
:106A70000080564094CC00200CD6002018D1002075
:106A800072D900200000000000005940EE040020F0
:106A900034D7002016D800201044017118E09FED73
:106AA000FE0A10EE100A209901EB8102FB49114405
:106AB0000860209800EB8001F8480844007920F035
:106AC00080008030209901EB8102F4491144087163
:106AD0009DED150A9FEDF21AC0EE010ACDED090AEF
:106AE000099824F079FDCDE90A019DED0A0B1CF00F
:106AF0006BFD8DED0C0B9DED0C0B51EC100B23F091
:106B00002DFF1390E749209801EB800090ED000ADB
:106B1000E548D0ED000A20EE200A8DED140A139806
:106B200024F05AFDCDE906019DED060B1CF0B8FEE0
:106B30008DED0A0BDB492098C01C51F82010084647
:106B4000079124F049FDCDE908019DED0A0B53ECB6
:106B5000102B9DED080B51EC100B24F047FACDE9FA
:106B60000C019DED0C0B51EC100B23F0F7FE169071
:106B70009DED160ADFEDCD0A20EE201A9DED140AD8
:106B8000C1EE000ACDED090A099824F025FDCDE9F2
:106B90000A01C74890ED000B53EC102B9DED0A0B3A
:106BA00051EC100B23F0C0FFCDE90C019DED0C0B57
:106BB00051EC100B23F0D2FE1590BE48008803283C
:106BC00025DB209800EB8000B4492D39084400688B
:106BD00000EE900AB7480088C01E00EE100AB8EE1A
:106BE000C01A9DED150A00EE810AB2480088801E89
:106BF00000EE900AB8EEE01AC0EE010A10EE900A1C
:106C0000209901EB8101A54A2D3A11440860209892
:106C100000EB8000A1492D390844006800EE100AFD
:106C2000A148D0ED000A20EE200ADFEDA30A80EE95
:106C3000201AA248209900EB810080ED001A2098CC
:106C400000EB800095492D390844007920F080013F
:106C5000209800EB8000914A2D3A10440171209851
:106C600000EB800096490844006800EE100AB5EE7B
:106C7000C00AF1EE10FA3FD0209800EB80001146D8
:106C80000844006800EE100AB5EEC00AF1EE10FAF2
:106C900032D0209800EB80000844006800EE100A13
:106CA000209800EB800086490844006800EE900AB6
:106CB00080EE201AB7EE000A31EE400ADFED780AC6
:106CC00020EE200A10EE100A209901EB8102734990
:106CD0000F3911440860209800EB80016F480F388D
:106CE0000844007920F08001209800EB80026B4876
:106CF0000F38104401711BE09FED670A10EE100A77
:106D0000209901EB810265490F39114408602098F0
:106D100000EB800161480F380844007920F08000C2
:106D20008030209901EB81025C490F3911440871D0
:106D3000644890F86500E0BB2098C0B20D902098A0
:106D400000EB80015548084400680C900D989DEDBB
:106D50000C0A11F0B7FB2098C0B20D90209800EB00
:106D600080014E480F38084400680C900D989DED46
:106D70000C0A10F0ADFE8DE09FED530A4F480C3029
:106D8000209900EB810080ED000A9FED430A10EE90
:106D9000100A209901EB810240490F391144086023
:106DA000209901EB81013D4A2D3A11440860209859
:106DB00000E06FE000EB800011460844007920F00D
:106DC00080008030209901EB8101114408719FED12
:106DD000320A10EE100A209901EB81022F4911446A
:106DE0000860209901EB81022C491E39114408608A
:106DF000209800EB800129481E380844007920F0D3
:106E000080008030209901EB810224491E39114411
:106E100008719FED2D0A10EE100A209900E058E04D
:106E200001EB81021D490F3911440860209800EBE5
:106E300080011A480F380844007920F08000803023
:106E4000209901EB810215490F39114408719FED1A
:106E50001E0A10EE100A209901EB81020F4911441D
:106E60000860209800EB80010C480844007920F06D
:106E700080008030209901EB81020849114408719B
:106E80002098C0B20D90FBF7F7FC2098C0B20D908F
:106E9000FBF792FC209819E0FFFF7F7F34D8002099
:106EA0000000C842B0CB00205805002000247449DF
:106EB00050050020EE04002000007A4428D700206E
:106EC00054D9002044D5002000000000401C00B22E
:106ED000209020980328FFF6B7ABFE4890F8650095
:106EE000A0B30120FBF79EF80020FBF79BF80020E1
:106EF000209040E0209800EB8001F748084400799A
:106F0000C00928B12098C0B20D90FBF7B5FC0EE087
:106F10002098C0B20D90209800EB8001EE48084404
:106F200000680C900D989DED0C0A11F0CBFA20989A
:106F300000EB8001E8480F3808440079C00930B1FF
:106F40002098C0B20D90FBF737FC10E016E02098B7
:106F5000C0B20D90209800EB8001DF480F38084444
:106F600000680C900D989DED0C0A10F0B1FD209872
:106F7000401C00B2209020980328BBDB002020900A
:106F8000A1E1D6492098085C18B9D5492098085C39
:106F900008B1012000E0002000287CD1D1492098D0
:106FA000C01C01EBC00090ED000A209801EBC0006E
:106FB000D0ED000A20EE200A2098C01C01EBC00092
:106FC000D0ED010A209801EBC00090ED011A00EE0F
:106FD000810A8DED170A2098C01C01EBC00090EDCE
:106FE000010A209801EBC000D0ED000A20EE200A33
:106FF0002098C01C01EBC000D0ED000A209801EBE6
:10700000C00090ED011A00EEC10A8DED160A179826
:1070100024F0E2FACDE90A019DED0A0B1CF0A4FC74
:107020008DED0C0B9FEDB00B53EC102B9DED0C0B6D
:1070300051EC100B24F0D8F853D29DED160ADDED7B
:10704000170A80EE201A8DED151A159824F0C4FA4F
:10705000CDE906019DED060B1CF0B6FA8DED080B8F
:107060009FEDA30B53EC102B9DED080B51EC100B77
:1070700023F0BCFF9FEDA00B53EC102BCDE90A01D0
:107080009DED0A0B51EC100B23F04EFDCDE90C01E8
:107090009DED0C0B00E0FAE051EC100B23F05EFCD0
:1070A00014909DED170AB5EEC00AF1EE10FA0ED25B
:1070B0009DED160AB5EEC00AF1EE10FA08D29DED6C
:1070C000140ADFED8F0A30EE600A8DED140A91E0AC
:1070D0009DED140ADFED8A0A30EE200A8DED140AC8
:1070E00088E0169824F078FACDE90A019DED0A0BA4
:1070F0001CF03AFC8DED0C0B9FED7B0B53EC102B31
:107100009DED0C0B51EC100B24F06EF86ED2DDED02
:10711000170A9DED160A80EE801A8DED151A159846
:1071200024F05AFACDE906019DED060B1CF04CFA4D
:107130008DED080B9FED6E0B53EC102B9DED080BA6
:1071400051EC100B23F052FF9FED6B0B53EC102B07
:10715000CDE90A019DED0A0B51EC100B23F0E4FC84
:10716000CDE90C019DED0C0B51EC100B23F0F6FB5F
:1071700014909DED170AB5EEC00AF1EE10FA1AD27E
:107180009DED160AB5EEC00AF1EE10FA0AD29DED99
:10719000140AB1EE400ADFED5B0A30EE600A8DEDB5
:1071A000140A27E09DED140ADFED560A30EEC00AFE
:1071B0008DED140A1EE09DED160AB5EEC00AF1EE43
:1071C00010FA0AD29DED140AB1EE400ADFED4D0A25
:1071D00030EE600A8DED140A0CE09DED140ADFED2F
:1071E000490A30EEC00A8DED140A03E01FEDCA0A09
:1071F0008DED140A4448209900EB8100D0ED000A7F
:107200009DED140A30EE800A8DED140A9DED140AEE
:10721000B1EE400A8DED140A3C48008803281EDBBD
:107220003B49209801EB8000D0ED000A37480088E8
:10723000C01E00EE100AB8EEC01A9DED140A00EE52
:10724000810A32480088801E00EE900AF8EEE00ABB
:1072500080EE201A209801EB800080ED001A2C4966
:10726000209851F82000209901EB8101294A11440E
:107270000860209800EB800011460844007920F057
:107280008001209800EB80001044017117E09FED11
:10729000220A10EE100A209901EB81011D4A1144C7
:1072A0000860209800EB800011460844007920F027
:1072B00080008030209901EB8101114408712098F1
:1072C000401C00B2209020980328FFF65AAE0348D5
:1072D000007823E044D5002034D80020C0050020E9
:1072E000C305002068CB0020000000E04D62503F45
:1072F000000000000080664044174154FB21094013
:10730000000034430000B4420CD60020EE040020FC
:10731000B822002007D90020FFFF7F7F00287CD102
:10732000012020909BE1FE49209801EBC00090EDE8
:10733000000A0846D0ED000A20EE200A209801EB52
:10734000C000D0ED010A084690ED011A00EE810A56
:107350008DED170A209801EBC00090ED010A084658
:10736000D0ED000A20EE200A209801EBC000D0EDFD
:10737000000A084690ED011A00EEC10A8DED160ACA
:10738000179824F029F9CDE90A019DED0A0B1CF0AC
:10739000EBFA8DED0C0B1FED2C0B53EC102B9DED30
:1073A0000C0B51EC100B23F01FFF53D29DED160A6E
:1073B000DDED170A80EE201A8DED151A159824F0D0
:1073C0000BF9CDE906019DED060B1CF0FDF88DEDE6
:1073D000080B1FED390B53EC102B9DED080B51ECF6
:1073E000100B23F003FE1FED3C0B53EC102BCDE9EB
:1073F0000A019DED0A0B51EC100B23F095FBCDE932
:107400000C019DED0C0B51EC100B23F0A7FA14901E
:107410009DED170AB5EEC00A00E05EE3F1EE10FA4A
:107420000ED29DED160AB5EEC00AF1EE10FA08D2A2
:107430009DED140A5FED4E0A30EE600A8DED140AE0
:1074400092E09DED140A5FED520A30EE200A8DEDB8
:10745000140A89E0169824F0BFF8CDE90A019DEDE1
:107460000A0B1CF081FA8DED0C0B1FED610B53EC38
:10747000102B9DED0C0B51EC100B23F0B5FE6FD2D1
:107480009DED170ADDED160A80EE201A8DED151A16
:10749000159824F0A1F8CDE906019DED060B1CF02E
:1074A00093F88DED080B1FED6E0B53EC102B9DED3B
:1074B000080B51EC100B23F099FD1FED710B53ECF1
:1074C000102BCDE90A019DED0A0B51EC100B23F0B6
:1074D0002BFBCDE90C019DED0C0B51EC100B23F0B7
:1074E0003DFA14909DED170AB5EEC00AF1EE10FAC0
:1074F0001AD29DED160AB5EEC00AF1EE10FA0AD2C4
:107500009DED140AB1EE400A5FED820A30EE600A8A
:107510008DED140A28E09DED140A5FED860A30EE29
:10752000C00A8DED140A1FE09DED160AB5EEC00AE3
:10753000F1EE10FA0AD29DED140AB1EE400A5FEDA9
:107540008F0A30EE600A8DED140A0DE09DED140AED
:107550005FED940A30EEC00A8DED140A04E0FFE7F7
:107560009FED700A8DED140A9DED140A6E49209866
:1075700001EB800080ED000A6C48209900EB81004F
:10758000D0ED000A9DED140A30EE800A8DED140A4C
:107590002098022824DD2098C01E6549085C90B11F
:1075A0009FED600A8DED140A5F49209801EB800081
:1075B00080ED000A9FED5B0A5E48209900EB810098
:1075C00080ED000A0CE02098C01E5B4901EB8000B2
:1075D000D0ED000A9DED140A30EE800A8DED140AFC
:1075E0005648008803281FDB5248209900EB810091
:1075F000D0ED000A51480088C01E00EE100AB8EE17
:10760000C01A9DED140A00EE810A4C480088801EC5
:1076100000EE900AF8EEE00A80EE201A4548209924
:1076200000EB810080ED001A4248209950F82100BB
:1076300001EB8102424911440860209800EB80016F
:107640003F480844007920F08001209800EB800238
:107650003B48104401712098401C00B220902098B3
:107660000628FFF660AE0020209097E03148209970
:1076700050F82100079023F0AFFF1FEDE10B53EC12
:10768000102BCDE908019DED080B51EC100B23F0F8
:10769000ADFC1FEDE90B53EC102BCDE90A019DED7C
:1076A0000A0B51EC100B23F03FFACDE90C019DEDD4
:1076B0000C0B51EC100B23F051F91590159823F099
:1076C0008BFFCDE906019DED060B1CF0E9F88DED71
:1076D0000A0B18481838209950F8211008460791CD
:1076E00023F07AFFCDE908019DED0A0B53EC102B36
:1076F0009DED080B51EC100B23F078FCCDE90C014B
:107700009DED0C0B51EC100B23F028F9044A209945
:1077100002EBC1014860159823F05EFF12E0000003
:1077200068CB002000000000ACCC00200CD600206C
:10773000C305002010D7002018D10020EE0400203F
:10774000E9D70020CDE906019DED060B1CF018F9E4
:107750008DED0A0BFE48209950F82110084607913C
:1077600023F03AFFCDE908019DED0A0B53EC102BF5
:107770009DED080B51EC100B23F038FCCDE90C010A
:107780009DED0C0B51EC100B23F0E8F8F14A209919
:1077900042F831002098401C00B220902098032825
:1077A000FFF664AFEB4890ED030AD0ED050A70EEEA
:1077B000200AB0EE001A80EE810AD0ED010A30EE08
:1077C000C00A8DED170A90ED020AD0ED040A30EEE2
:1077D000600ADFEDE10A20EE200AF0EE000A80EEFA
:1077E000201A8DED161A9DED170ADDED160A30EE02
:1077F000600AF0EE080A80EE201A8DED151A9DED54
:10780000170ADDED160A30EE200AF0EE080A80EEC7
:10781000201A8DED141A90ED020AD0ED040A30EE14
:10782000200AB0EE001AC0EE010A90ED000A30EE18
:10783000600A8DED170A90ED030AD0ED050A30EECF
:10784000600ADFEDC50A20EE200AF0EE000A80EEA5
:10785000201A8DED161A9DED170ADDED160A30EE91
:10786000200AF0EE080A80EE201A8DED131A9DED25
:10787000170ADDED160A30EE600AF0EE080A80EE17
:10788000201A8DED121AB548006823F0A5FECDE947
:107890000A019DED150A20EE000ADDED130A00EE47
:1078A000A00A8DED050A059823F096FECDE90601A4
:1078B0009DED060B1CF0C8F88DED080B9DED0A0B35
:1078C00053EC102B9DED080B51EC100B23F08EFBAD
:1078D000CDE90C019DED0C0B51EC100B23F03EF8A3
:1078E0009F491790C863084690F8400020F0800137
:1078F0009B4880F840109948006823F06DFECDE960
:107900000A019DED140A20EE000ADDED120A00EED8
:10791000A00A8DED050A059823F05EFECDE906016B
:107920009DED060B1CF090F88DED080B9DED0A0BFC
:1079300053EC102B9DED080B51EC100B23F056FB74
:10794000CDE90C019DED0C0B51EC100B23F006F86A
:1079500083491390C1F84100084690F8450020F093
:1079600080017F4880F845107A4890ED010AD0EDFB
:10797000030A30EE200AD0ED050A30EE200AF0EEC0
:10798000080A80EE201A8DED151A90ED000AD0ED50
:10799000020A30EE200AD0ED040A30EE200AF0EEA2
:1079A000080A80EE201A8DED141A6C48006823F046
:1079B00013FECDE90A019DED150A20EE000ADDED6A
:1079C000140A00EEA00A8DED050A059823F004FEC6
:1079D000CDE906019DED060B1CF036F88DED080B88
:1079E0009DED0A0B53EC102B9DED080B51EC100B89
:1079F00023F0FCFACDE90C019DED0C0B51EC100BC2
:107A000022F0ACFF56491590C1F83700084690F8AF
:107A10003B0020F08001524880F83B10179823F07B
:107A2000DBFDCDE90A019DED0A0B1BF09DFF8DEDFD
:107A30000C0B9FED4C0B53EC102B9DED0C0B51ECF4
:107A4000100B23F0D1FB2DD29DED130ADFED470A79
:107A500020EE201A9DED170AC1EE000A10EE900AE2
:107A60003F49C1F84B009DED150ADFED400A20EEBD
:107A7000201A9DED170AC1EE000A10EE900AC1F817
:107A80004600084690F84A0020F08001344880F80B
:107A90004A10002190F84F0061F3C710304981F877
:107AA0004F006AE01FEDE10A10EE100A2C49C1F800
:107AB0004600C1F84B00084690F84A0020F08000CC
:107AC000803081F84A00C109254890F84F0061F3E1
:107AD000C710234981F84F004FE01FEDEE0A10EE6A
:107AE000100A1F49C1F84100C863C1F837000846B1
:107AF00090F8450020F08000803081F84500C109F1
:107B0000174890F8400061F3C710154981F840000C
:107B1000C109134890F83B0061F3C710104981F880
:107B20003B009FED130A10EE100AC1F84600C1F8A1
:107B30004B00084690F84A0020F08000803081F821
:107B40004A00C109064890F84F0061F3C71011E0E0
:107B5000F8D6002068CB0020D7B3DD3F58050020C1
:107B600044D70020000000000000F03F0000C842A1
:107B700000000000D94981F84F00B0EE080A8DEDF1
:107B8000130A1FED050A8DED140A8DED150A8DED12
:107B9000160A8DED170A002020903DE0209800EB9A
:107BA0008000CE490844006800EE100ADDED170A97
:107BB00030EE200A8DED170A209800EB8001C748AF
:107BC00014300844006800EE100ADDED160A30EEAD
:107BD000200A8DED160A209800EB8000C049084469
:107BE000006800EE100ADDED150A30EE200A8DED7A
:107BF000150A209800EB8001B94814300844006849
:107C000000EE100ADDED140A30EE200A8DED140AA4
:107C10002098401C00B2209020980328BEDB9DEDE8
:107C2000170ADDED130A80EE201A11EE100AAB4997
:107C3000C1F80F009DED160ADDED130A80EE201A43
:107C400011EE100AC1F823009DED150ADDED130AAF
:107C500080EE201A11EE100AA149C1F80F009DED27
:107C6000140ADDED130A80EE201A11EE100AC1F895
:107C700023009C4801689C480068814204D29948CE
:107C80000068401C97490860002020905BE09748FE
:107C9000209900EB810001EB81010D908F48143099
:107CA00008440C900D9919F0A7FB90480C302099CE
:107CB00000EB810001EB81010D90894814300844EC
:107CC0000C900D9919F098FB88483430209900EBFE
:107CD000810001EB81010D90854808440C900D99BD
:107CE00019F08AFB81484C30209900EB810001EBB0
:107CF00081010D907E481E3008440C900D9919F0BA
:107D00007BFB7A484030209900EB810001EB810138
:107D10000D9077480F3008440C900D9919F06CFBCA
:107D200072485830209900EB810001EB81010D90E1
:107D30006F482D3008440C900D9919F05DFB209888
:107D4000401C00B2209020980328A0DB674918311E
:107D5000684819F051FB6549203160483C3019F002
:107D60004BFB624924315D48413019F045FB5F49C6
:107D70001C315A48373019F03FFB5C492C315848C8
:107D8000413019F039FB594930315548413019F02B
:107D900033FB564928315248373019F02DFB5349EF
:107DA000643153483C3019F027FB50496831504842
:107DB000413019F021FB4D496C314F4819F01CFB43
:107DC0004A4970314D4819F017FB484974314B4806
:107DD0000F3019F011FB10F07FFE4449083948605C
:107DE000474908684968474A03C2474800886428E9
:107DF00005DA45480088401C81B24348018041486B
:107E0000D0E900214148D0E90030D21A61EB0001ED
:107E10001046CDE9082123F067F89FED3D0B53ECA8
:107E2000102BCDE90A019DED0A0B51EC100B22F04D
:107E30007BFECDE90C019DED0C0B51EC100B22F0FB
:107E40008DFD179030490988491E334A179842F82A
:107E500021002D480088052804D19DED170A2F48E0
:107E600080ED020A2848008805280DDD2B48D0ED5A
:107E7000020A9DED170AF4EEC00AF1EE10FA03D2E1
:107E80009DED170A80ED020A2448D0ED000A24482F
:107E9000007800EE100AB8EE400AF4EEC00AF1EEE7
:107EA00010FA08D21E48007800EE100AB8EE400A18
:107EB0001A4880ED000A1B480088401E19490880B6
:107EC0001948008880B201460D901848006803F0F8
:107ED000D1F91348007823B000BD000044D700203A
:107EE00094D70020F4040020F804002058D8002083
:107EF00007D80020E4D70020080D0020D0D80020AB
:107F000010020020E8050020F0050020D805002020
:107F1000000000C04D6250413CD100205CD40020E4
:107F2000CB040020F20500202006002024060020BB
:107F30007047000038B500240CE04FF4781000EBD7
:107F400004452946032002F00BF80121601C0EF0C5
:107F5000F1FC641C012CF0DB002006490880064976
:107F600008801520012300220090104611460BF0D6
:107F700061F838BDC0090020C209002038B50024CE
:107F80000CE04FF4741000EB04452946032001F087
:107F9000E7FF0121601C0EF0CDFC641C012CF0DB1E
:107FA0000020064908800649088016200123002287
:107FB0000090104611460BF03DF838BDE009002056
:107FC000E2090020044A116800BF034A1268521AED
:107FD0008242FAD970470000A8090020044A1168BB
:107FE00000BF034A1268521A8242FAD97047000051
:107FF000A809002038B50020144908700120144950
:10800000087000240BE04FF4803000EB04410320A3
:1080100001F0A6FF3C21601C0EF08CFC641C3C2C83
:10802000F1D300200A4908700A4908600A4908602B
:108030000A4908600A4908601820012300220090BC
:10804000104611460AF0F6FF38BD0000A8030020D4
:10805000F5090020FC090020000A0020040A002085
:10806000F009002070B504460D4604F00100B8B1D7
:108070005DB12749C868012103F0FEF82548006872
:1080800040F00100234908600AE02149C868012145
:1080900003F0F0F81F48006820F001001D49086057
:1080A00004F00200B8B15DB11949C868022103F0BB
:1080B000E3F81848006840F00200164908600AE03A
:1080C0001349C868022103F0D5F81248006820F06F
:1080D00002001049086004F00400B8B15DB10C4919
:1080E000C868042103F0C8F80A48006840F004009A
:1080F000084908600AE00649C868042103F0BAF894
:108100000448006820F004000249086070BD0000C7
:10811000E008002037F2002070B5002505200BF0A4
:1081200073FA044634B128461FF08AFF0CF0B4FFFE
:1081300000BFFEE770BD000070B50024104845691F
:10814000104828400E49486105F0010008B144F08C
:10815000020405F0400008B144F001040A48866BAF
:1081600006F0080018B10848C06A44F0040434B1AD
:108170000648006818B1054801682046884770BD68
:1081800000900240410001000080024004400120B4
:108190000149086070470000143C01400021234958
:1081A0008279002A3AD00A46126803689A430B463D
:1081B0001A600A1D126803689A430B1D1A6002793F
:1081C00011440A6803681A430A60184A08321268A0
:1081D00003689A43154B08331A601A1D1268036826
:1081E0009A43124B0C331A604279102A0ED11A1F8F
:1081F000126803681A430D4B08331A601A1D12687F
:1082000003681A43094B0C331A600DE007494279A1
:1082100011440A6803681A430A6005E002791144B0
:108220000A6803689A430A6070470000003C0140F6
:1082300008B5564988420FD100BF0021009154492A
:10824000096841F00101524A11601146096801F0C4
:108250000101009100BF97E04E4988420FD100BF55
:10826000002100914A49096841F00201484A116021
:108270001146096801F00201009100BF84E04649FF
:1082800088420FD100BF002100914149096841F0A7
:1082900004013F4A11601146096801F00401009190
:1082A00000BF71E03D4988420FD100BF002100911D
:1082B0003749096841F00801354A116011460968DB
:1082C00001F00801009100BF5EE0354988420FD1FE
:1082D00000BF002100912E49096841F010012C4A8D
:1082E00011601146096801F01001009100BF4BE0D8
:1082F0002C4988420FD100BF002100912449096810
:1083000041F02001224A11601146096801F0200164
:10831000009100BF38E0244988420FD100BF0021FE
:1083200000911B49096841F04001194A116011464A
:10833000096801F04001009100BF25E01B49884217
:108340000FD100BF002100911149096841F080015F
:108350000F4A11601146096801F08001009100BFC9
:1083600012E0134988420FD100BF00210091084953
:10837000096841F48071064A11601146096801F4E8
:108380008071009100BF00BF08BD000000000240E6
:10839000303802400004024000080240000C024055
:1083A000001002400014024000180240001C02406D
:1083B0000020024008B5564988420FD100BF002175
:1083C00000915449096841F00101524A1160114677
:1083D000096801F00101009100BF97E04E49884211
:1083E0000FD100BF002100914A49096841F0020104
:1083F000484A11601146096801F00201009100BF6E
:1084000084E0464988420FD100BF002100914149D4
:10841000096841F004013F4A11601146096801F002
:108420000401009100BF71E03D4988420FD100BFB7
:10843000002100913749096841F00801354A11606F
:108440001146096801F00801009100BF5EE035495E
:1084500088420FD100BF002100912E49096841F0E8
:1084600010012C4A11601146096801F010010091B9
:1084700000BF4BE02C4988420FD100BF0021009182
:108480002449096841F02001224A11601146096817
:1084900001F02001009100BF38E0244988420FD14B
:1084A00000BF002100911B49096841F04001194AB1
:1084B00011601146096801F04001009100BF25E0FC
:1084C0001B4988420FD100BF002100911149096862
:1084D00041F080010F4A11601146096801F08001E6
:1084E000009100BF12E0134988420FD100BF002164
:1084F00000910849096841F48071064A11601146EB
:10850000096801F48071009100BF00BF08BD000040
:1085100000000240303802400004024000080240DF
:10852000000C0240001002400014024000180240FB
:10853000001C02400020024010B5082102480068DB
:108540001FF046FE10BD0000600300200C48D0F86C
:10855000460042F2AA01084018B1022009490870F9
:108560000DE00748D0F8460045F65571084018B1AF
:1085700001200449087002E0002002490870704799
:1085800080DD0020980900202DE9F04105460E46C7
:10859000174698460DB9002400E0002414B1012CC0
:1085A0000ED106E043463A4631462846F8F74EFFDC
:1085B00006E043463A4631462846F8F769FD00BFD3
:1085C00000BFBDE8F081000001490860704700006D
:1085D0000C3C024070B504460A460026092502B943
:1085E00009E0012A01D1160205E0022A01D1160292
:1085F00001E04FF4407600F0BFF80546092D28D180
:108600001548006820F44070134908600846006867
:10861000304308600846006820F0F800086008460B
:10862000006844F0020108430B49086008460068EE
:1086300040F48030086000F09FF805460648006866
:1086400020F00200044908600846006820F0F800A5
:108650000860284670BD0000103C02400920104907
:10866000096801F48031B1F5803F01D1012015E0A6
:108670000B49096801F0100109B106200EE0084914
:10868000096801F0EF0109B1072007E00449096812
:1086900001F0020109B1082000E009207047000044
:1086A0000C3C02400348006840F00040014908606B
:1086B00070470000103C024030B502460C460925C8
:1086C00000F05AF80546092D17D10D48006820F42E
:1086D00040700B490860084600680860084600685A
:1086E00040F001000860147000F046F805460448A8
:1086F000006820F0010002490860284630BD0000F3
:10870000103C024030B502460C46092500F034F812
:108710000546092D19D10E48006820F440700C4917
:1087200008600846006840F4007008600846006869
:1087300040F001000860146000F01EF8054604488F
:10874000006820F0010002490860284630BD0000A2
:10875000103C02400548006800F0004028B1044881
:1087600002490C390860034808607047103C024019
:1087700023016745AB89EFCD08B509200090FFF7CD
:108780006DFF009002E0FFF769FF00909DF8000088
:108790000128F8D09DF8000008BD024600230AE039
:1087A0001068884201D1104670471068401C00B91B
:1087B00004E05B1C0C32B3F57A7FF1DB00BF0020D4
:1087C000F2E700002DE9FC4104462CB9002149489C
:1087D00000681FF0B7FC04E00021474800681FF064
:1087E000B1FC01F069FB454A52F82410444A52F8A2
:1087F0002400FBF78BFC434A52F82410424A52F8FB
:108800002400FBF783FC414A52F824103C4A52F8FA
:108810002400FBF77BFC3E4A52F824103A4A52F8F7
:108820002400FBF773FC01208DF8000000208DF878
:108830000100334951F8240001A9FBF745FE3249F4
:1088400051F824006946FBF73FFE2D4951F82400FA
:108850000221FBF737FE2C4951F824000221FBF7D7
:1088600031FE2C48008881B22B48006802F002FDDE
:10887000234951F824000121FBF77CFC224951F8DF
:1088800024000121FBF776FC2448066800BF1B4A40
:1088900052F824101A4A52F82400FBF723FD05462B
:1088A00025B91E480068801B0A28F0D319480088A3
:1088B00081B21948006802F0DFFC114951F8240028
:1088C0000021FBF757FC104951F824000021FBF769
:1088D00051FC24B9074800681FF028FC03E0064853
:1088E00000681FF023FC0DB94FF0FF373846BDE894
:1088F000FC810000FC02002004030020CC170020B3
:10890000C0170020D8170020B4170020E41700205B
:10891000F0170020400300203C030020A80900209D
:108920002DE9FF4F89B004460E4615460020019000
:10893000022C05D10021754800681FF003FC04E0FB
:108940000021734800681FF0FDFB0020029000BF6B
:10895000204600F03DFB6946204600F063FA6D4A70
:1089600052F824106C4A52F82400FBF7CFFB6B4AF4
:1089700052F824106A4A52F82400FBF7C7FB694AF0
:1089800052F82410644A52F82400FBF7BFFB664AF1
:1089900052F82410624A52F82400FBF7B7FB6349EF
:1089A0006348FBF7B3FB5C4951F8240006A9FBF7C9
:1089B0008BFD5B4951F8240003A9FBF785FD082DC9
:1089C00005DD4FF0080BA5F1080085B201E0AB46CC
:1089D000002506F48070022141EA60108DF80C0039
:1089E000F0B28DF80D004FF000090BE002990C98E1
:1089F000084410F8091003AA09F102001154401E9E
:108A00001FFA80F9D945F1DB0BF1020291B2424A1B
:108A100052F82400FBF756FD0BF1020291B2404AD6
:108A200052F82400FBF74EFD012C06D14148008886
:108A300081B24148006802F01DFC374951F824001A
:108A40000121FBF797FB364951F824000121FBF780
:108A500091FB3A48D0F800A000BF324A52F82410E7
:108A60002D4A52F82400FBF73DFC074637B933483E
:108A70000068A0EB0A00B0F5C87FEED3012C06D148
:108A80002C48008881B22C48006802F0F5FB22498E
:108A900051F824000021FBF76DFB214951F8240017
:108AA0000021FBF767FB00BF204600F023F901908F
:108AB000019830B121480068A0EB0A00B0F5C87FEA
:108AC000F2D306F1080086B20298083080B2029014
:108AD0001DB1019800283FF43BAF24B91848006845
:108AE0001FF024FB03E00A4800681FF01FFB17B9C2
:108AF0004FF0FF3806E0019810B16FF0010801E077
:108B00004FF0000840460DB0BDE8F08F080300208C
:108B100004030020E4170020C0170020F0170020F5
:108B2000B4170020CC170020D81700200008001030
:108B300028640240300300202C030020A8090020F4
:108B4000FC0200202DE9F047A2B004460F4615466E
:108B50009946022C04DD6FF0080022B0BDE8F087D2
:108B6000802D00DD8025022C05D1002156480068AB
:108B70001FF0E8FA04E00021544800681FF0E2FA10
:108B8000534A52F82410534A52F82400FBF7BEFA15
:108B9000514A52F82410514A52F82400FBF7B6FA11
:108BA0004F4A52F824104B4A52F82400FBF7AEFA11
:108BB0004C4A52F82410494A52F82400FBF7A6FA0E
:108BC00007F48070032141EA60108DF80000F8B2CC
:108BD0008DF801003F4951F8240001A9FBF774FC0E
:108BE0003E4951F824006946FBF76EFCAA1C91B27D
:108BF000384A52F82400FBF765FCAA1C91B2374AA8
:108C000052F82400FBF75EFC314A52F82410314A36
:108C100052F82400FBF766FB0646012C06D13248C9
:108C2000008881B23148006802F024FB294951F8DC
:108C300024000121FBF79EFA284951F82400012164
:108C4000FBF798FA2A48D0F800A000BF204A52F853
:108C50002410204A52F82400FBF744FB06462EB9A4
:108C600023480068A0EB0A006428EFD3012C06D14A
:108C70001D48008881B21D48006802F0FDFA1549C0
:108C800051F824000021FBF775FA144951F824002B
:108C90000021FBF76FFA24B90B4800681FF046FA71
:108CA00003E00A4800681FF041FA16B94FF0FF3898
:108CB00007E02A460DF106014846F7F754FD4FF04C
:108CC0000008404649E70000080300200403002094
:108CD000CC170020C0170020D8170020B4170020A0
:108CE000E4170020F0170020300300202C030020A0
:108CF000A80900202DE9FC410446414A52F82410FD
:108D0000404A52F82400FBF701FA3F4A52F8241077
:108D10003E4A52F82400FBF7F9F93D4A52F8241074
:108D2000384A52F82400FBF7F1F93A4A52F8241075
:108D3000364A52F82400FBF7E9F905208DF80000C7
:108D4000304951F8240001A9FBF7BEFB2F4951F827
:108D500024006946FBF7B8FB2A4951F82400022198
:108D6000FBF7B0FB294951F824000221FBF7AAFBCD
:108D7000012C06D12848008881B22848006802F0FA
:108D800079FA204951F824000121FBF7F3F91F4932
:108D900051F824000121FBF7EDF92148076800BFD5
:108DA000174A52F82410174A52F82400FBF79AFA8F
:108DB000054625B91A480068C01B6428F0D3012C69
:108DC00006D11548008881B21448006802F054FAB0
:108DD0000C4951F824000021FBF7CCF90B4951F85C
:108DE00024000021FBF7C6F915B94FF0FF3603E068
:108DF0009DF8050000F001063046BDE8FC8100004A
:108E0000CC170020C0170020D8170020B41700206E
:108E1000E4170020F0170020300300202C0300206E
:108E2000A80900202DE9FC4104460F46022C05D17B
:108E300000214C4800681FF085F904E000214A48F1
:108E400000681FF07FF9494A52F82410484A52F846
:108E50002400FBF75BF9474A52F82410464A52F8BF
:108E60002400FBF753F9454A52F82410404A52F8BF
:108E70002400FBF74BF9424A52F824103E4A52F8BC
:108E80002400FBF743F905208DF80000384951F81C
:108E9000240001A9FBF718FB374951F82400694663
:108EA000FBF712FB324951F824000221FBF70AFBC1
:108EB000314951F824000221FBF704FB012C06D1B3
:108EC0003048008881B23048006802F0D3F9284960
:108ED00051F824000121FBF74DF9274951F82400EE
:108EE0000121FBF747F92948D0F8008000BF1F4A4D
:108EF00052F824101E4A52F82400FBF7F3F90546F5
:108F00002DB922480068A0EB08000A28EFD3012CF5
:108F100006D11C48008881B21B48006802F0ACF9F9
:108F2000134951F824000021FBF724F9124951F8A4
:108F300024000021FBF71EF9022C04D10948006827
:108F40001FF0F4F803E0084800681FF0EFF815B9C7
:108F50004FF0FF3603E09DF80500387000263046DC
:108F6000BDE8FC810803002004030020CC1700208A
:108F7000C0170020D8170020B4170020E4170020E5
:108F8000F0170020300300202C030020A809002047
:108F900070B50446012C06D10B48008881B20B48FD
:108FA000006802F067F9042120460CF0C3F945B2CD
:108FB000012C06D10448008881B20448006802F000
:108FC0005BF9284670BD0000300300202C03002010
:108FD00070B50446012C06D10B48008881B20B48BD
:108FE000006802F047F9062120460CF0A3F945B2CB
:108FF000012C06D10448008881B20448006802F0C0
:109000003BF9284670BD0000300300202C030020EF
:109010002DE9FC4107460124022C05D100214A48D4
:1090200000681FF08FF804E00021484800681FF036
:1090300089F8474A52F82410464A52F82400FBF7B0
:1090400065F8454A52F82410444A52F82400FBF7C8
:109050005DF8434A52F824103E4A52F82400FBF7C8
:1090600055F8404A52F824103C4A52F82400FBF7C5
:109070004DF801208DF800008DF80170354951F848
:10908000240001A9FBF720FA344951F8240069466D
:10909000FBF71AFA2F4951F824000221FBF712FAC4
:1090A0002E4951F824000221FBF70CFA012C06D1BD
:1090B0002D48008881B22D48006802F0DBF8254970
:1090C00051F824000121FBF755F8244951F82400F8
:1090D0000121FBF74FF82648D0F8008000BF1C4A5A
:1090E00052F824101B4A52F82400FBF7FBF80546FF
:1090F0002DB91F480068A0EB08000A28EFD3012C07
:1091000006D11948008881B21848006802F0B4F806
:10911000104948680021FBF72DF8104948680021E4
:10912000FBF728F824B9134800681EF0FFFF03E09E
:10913000064800681EF0FAFF15B94FF0FF3600E050
:1091400000263046BDE8FC8108030020040300200F
:10915000CC170020C0170020D8170020B41700201B
:10916000E4170020F0170020300300202C0300201B
:10917000A8090020FC0200202DE9F04106460C461B
:10918000FFF76CFA0746092F01D000F015FAB6F583
:10919000007F06D0B6F5806F1DD0B6F5006F19D1EF
:1091A0003EE0424DFFF7D6FA72B602213020FFF7BB
:1091B00011FA00203E490870B4F5003F03D902219E
:1091C0003820FFF707FAFFF76DFA62B64FF4403028
:1091D0003849086065E0384DFFF7BCFA72B60221E5
:1091E0004020FFF7F7F9B4F5003F03D902214820EA
:1091F000FFF7F0F9B4F5802F03D902215020FFF7D3
:10920000E9F9B4F5C02F03D902215820FFF7E2F99C
:10921000FFF748FA62B64FF4E0202649086040E0C4
:10922000264DFFF797FA72B60221A020FFF7D2F978
:10923000B4F5803F03D90221A820FFF7CBF9B4F59C
:10924000403F03D90221B020FFF7C4F9B4F5A02FA5
:1092500003D90221B820FFF7BDF9B4F5E02F03D9F7
:109260000221C020FFF7B6F9B4F5102F03D902216F
:10927000C820FFF7AFF9B4F5302F03D90221D02071
:10928000FFF7A8F9B4F5502F03D90221D820FFF732
:10929000A1F9FFF707FA62B64FF47020054908609C
:1092A00000BF00BF2846BDE8F081000000000408B0
:1092B0001804002014040020000008080000110811
:1092C00070477047704710B519F040FD10BD10B5DC
:1092D000FEF72EFE10BD7047704770472DE9FC4128
:1092E0003D4801683D4800681EF02CFF07461FB14D
:1092F0006FF00600BDE8FC81394A1168394A1068F0
:10930000FAF704FF384A1168384A1068FAF7FEFE87
:10931000374A1168334A1068FAF7F8FE354A11687F
:10932000324A1068FAF7F2FE00F06AF805208DF86C
:10933000000000208DF801002A49086801A9FBF708
:10934000C3F82A4908686946FBF7BEF8254908684A
:109350000221FBF7B7F8254908680221FBF7B2F8AC
:109360001021254801F086FF1E4908680121FAF7FF
:1093700001FF1E4908680121FAF7FCFE1F48066834
:1093800000BF174A1168174A1068FAF7ABFF044686
:1093900024B91A480068801B6428F2D310211648AB
:1093A00001F06AFF0F4908680021FAF7E3FE0F4950
:1093B00008680021FAF7DEFE084800681EF0B6FED5
:1093C000074614B94FF0FF3503E09DF8050000F0A3
:1093D000010528468EE7000000030020FC02002063
:1093E000CC170020C0170020D8170020B417002089
:1093F000E4170020F017002000040240A809002014
:1094000070B50E4801680E4800681EF09BFE0546C8
:1094100015B16FF0060070BD10210A4801F02AFF57
:1094200006200CF063F844B21021064801F024FF36
:10943000034800681EF07AFE2046ECE70003002097
:10944000FC020020000402402DE9F04107463846A6
:1094500002F082F90646082E01D3182E03D96FF0C8
:109460000500BDE8F0810021094800681EF06AFE91
:10947000304600F095FD0446092C01D065B200E0AD
:109480000025034800681EF051FE2846E9E7000069
:109490009C0200202DE9F04705460E4617461EF0B7
:1094A000D1FE814648461EF0D9FE82466FF001018A
:1094B00048461EF0DFFE00210E4800681EF042FE06
:1094C0008046002407E03959284600F0FFFD0928AE
:1094D00000D12D1D241DB442F5D3064800681EF0AE
:1094E00025FE8046514648461EF0C4FE4FFA88F0DD
:1094F000BDE8F0879C0200202DE9F04704460E46A7
:1095000090461D48844202D31C48844203D96FF020
:109510000500BDE8F087A0191849884202D96FF00C
:109520000500F6E71EF08EFE814648461EF096FEC8
:1095300082466FF0010148461EF09CFE0021104853
:1095400000681EF0FFFD0746002508E018F805102A
:10955000204600F091FD092800D1641C6D1CB54225
:10956000F4D3074800681EF0E1FD0746514648461F
:109570001EF080FE78B2CCE700400008FFFF000834
:109580009C0200202DE9F04104460D4616460021BC
:10959000084800681EF0D6FD07462A462146304698
:1095A000F7F7E1F8034800681EF0C0FD074678B2FF
:1095B000BDE8F0819C020020F0200149086070475E
:1095C0000C3C02402DE9F04706460F46904672B625
:1095D000FFF744F88146B9F1090F01D0FFF7ECFF1E
:1095E000FFF7B8F800240EE058F804103019FFF720
:1095F00089F80546092D05D0FFF754F862B668B220
:10960000BDE8F087241DBC42EED3FFF74BF862B6ED
:109610000020F5E7F1B584B0484801684848006883
:109620001EF090FD07461FB16FF0060005B0F0BDBB
:1096300000F042FC434A1168434A1068FAF766FD9D
:10964000424A1168424A1068FAF760FDD8208DF846
:1096500008000498C0B28DF80B009DF811008DF839
:109660000A009DF812008DF809003749086803A91F
:10967000FAF72AFF3649086802A9FAF725FF3249A6
:1096800008680421FAF71EFF314908680421FAF737
:1096900019FF3048008881B22F48006801F0EAFDC8
:1096A000294908680121FAF765FD2949086801215F
:1096B000FAF760FD2948056800BF224A1168224A6E
:1096C0001068FAF70FFE044624B924480068401BCE
:1096D0000A28F2D301201EF0B3FC1E48008881B294
:1096E0001D48006801F0C8FD174908680021FAF715
:1096F00041FD174908680021FAF73CFD1748056845
:1097000000BF0A201EF09CFC01A800F079FA9DF829
:10971000040000F0010030B110480068401B40F622
:10972000B8318842EDD3064800681EF0FFFC14B93A
:109730004FF0FF3600E00026304677E700030020B8
:10974000FC020020CC170020C0170020D8170020F2
:10975000B4170020400300203C030020A80900208B
:1097600070B514480168144800681EF0EBFC05460B
:1097700015B16FF0060070BD00F09EFB01201EF0D9
:109780005FFC0E48008881B20D48006801F072FD50
:1097900098200BF00DFE44B20848008881B20848BA
:1097A000006801F069FD044800681EF0BFFC204617
:1097B000E1E7000000030020FC020020400300203D
:1097C0003C0300202DE9F74384B00C4690466048E6
:1097D0000168604800681EF0B5FC8146B9F1000FD1
:1097E00004D06FF0060007B0BDE8F083B4F5807FC9
:1097F00001DD4FF48074224641465748F6F7B3FF27
:1098000000F05AFB02A800F0FBF9544A1168544AD0
:109810001068FAF77BFC534A1168534A1068FAF74C
:1098200075FC524A11684E4A1068FAF76FFC504AAC
:1098300011684D4A1068FAF769FC4E48008881B2F9
:109840004D48006801F016FD02204349091F0870C9
:109850000498C8709DF8110088709DF81200487037
:109860003F49086803A9FAF72FFE3F4908683A49BB
:10987000091FFAF729FE221D91B2394A1068FAF73A
:1098800021FE221D91B2384A1068FAF71BFE3449B6
:1098900008680021FAF7DFFD314908680121FAF76D
:1098A00069FC314908680121FAF764FC334806680D
:1098B00000BF2A4A11682A4A1068FAF713FD0546C4
:1098C00025B92E480068801B6428F2D301201EF0C1
:1098D000B7FB2848008881B22748006801F0CCFC1B
:1098E0001F4908680021FAF745FC1F490868002154
:1098F000FAF740FC1A4908680121FAF7ACFD00208C
:10990000019000BF01201EF09BFB01A800F078F938
:109910009DF8040000F0010028B118480068801B81
:10992000B0F57A7FEED300279DF8040000F0010027
:1099300000B10127074800681EF0F8FB0FB1384658
:1099400051E715B94FF0FF3700E0002738464AE7E6
:1099500000030020FC02002010180020CC1700207B
:10996000C0170020D8170020B4170020E4170020EB
:10997000F0170020400300203C030020A80900202D
:109980002DE9F74382B00C4617464B4801684B4817
:1099900000681EF0D7FB8146B9F1000F04D06FF0CC
:1099A000060005B0BDE8F083B4F5007F01DD4FF49B
:1099B0000074434A1168434A1068FAF7A7FB424A09
:1099C0001168424A1068FAF7A1FB414A11683D4A02
:1099D0001068FAF79BFB3F4A11683C4A1068FAF797
:1099E00095FB03208DF804000298C0B28DF80700A3
:1099F0009DF809008DF806009DF80A008DF8050015
:109A0000304908683449FAF75FFD3049086801A910
:109A1000FAF75AFD221D91B22A4A1068FAF752FD50
:109A2000221D91B2294A1068FAF74CFD2B48008894
:109A300081B22B48006801F01DFC22490868012111
:109A4000FAF798FB214908680121FAF793FB2548AA
:109A5000D0F8008000BF1A4A11681A4A1068FAF755
:109A600041FC05462DB91F480068A0EB08000A28F4
:109A7000F1D31A48008881B21948006801F0FCFB54
:109A8000104908680021FAF775FB104908680021A1
:109A9000FAF770FB15B94FF0FF3606E022460E4983
:109AA000091D3846F6F75FFE0026044800681EF0E0
:109AB0003DFB304675E7000000030020FC0200205B
:109AC000CC170020C0170020D8170020B4170020A2
:109AD000E4170020F01700200C180020400300209D
:109AE0003C030020A80900202DE9FC4104463B4826
:109AF00001683B4800681EF025FB8046B8F1000F66
:109B000003D06FF00600BDE8FC819F208DF80000B7
:109B1000344A1168344A1068FAF7F8FA334A11687F
:109B2000334A1068FAF7F2FA2F49086801A9FAF7E0
:109B3000CBFC2F4908686946FAF7C6FC2A49086831
:109B40000421FAF7BFFC2A4908680421FAF7BAFC95
:109B50002848008881B22848006801F08BFB224920
:109B600008680121FAF706FB214908680121FAF784
:109B700001FB2248076800BF1A4A11681A4A106898
:109B8000FAF7B0FB054625B91C480068C01B0A2837
:109B9000F2D31848008881B21748006801F06CFBC6
:109BA000114908680021FAF7E5FA1149086800210F
:109BB000FAF7E0FA0A4800681EF0B8FA15B94FF053
:109BC000FF3609E09DF8050020709DF806006070E2
:109BD0009DF80700A0700026304694E7000300209F
:109BE000FC020020CC170020C0170020D81700204E
:109BF000B4170020400300203C030020A8090020E7
:109C00002DE9FC41064638480168384800681EF0D6
:109C100099FA8046B8F1000F03D06FF00600BDE856
:109C2000FC8105208DF80000314A1168314A106826
:109C3000FAF76CFA304A1168304A1068FAF766FA97
:109C40002C49086801A9FAF73FFC2C4908686946C5
:109C5000FAF73AFC274908680221FAF733FC27494A
:109C600008680221FAF72EFC2548008881B22548B1
:109C7000006801F0FFFA1F4908680121FAF77AFA33
:109C80001E4908680121FAF775FA1F48076800BFE6
:109C9000174A1168174A1068FAF724FB044624B9DA
:109CA00019480068381A0A28F2D31548008881B28A
:109CB0001448006801F0E0FA0E4908680021FAF73C
:109CC00059FA0E4908680021FAF754FA0748006863
:109CD0001EF02CFA14B94FF0FF3503E09DF8050093
:109CE0003070002528469AE700030020FC0200207F
:109CF000CC170020C0170020D8170020B417002070
:109D0000400300203C030020A8090020F1B584B0E6
:109D10005B4801685B4800681EF014FA07461FB1F3
:109D20006FF0060005B0F0BD00F0C6F8564A1168A5
:109D3000564A1068FAF7EAF9554A1168554A106808
:109D4000FAF7E4F9514908685349FAF7DFF951493C
:109D500008685249FAF7DAF94F493C315048FAF7A6
:109D6000D5F950494E487830FAF7D0F920208DF8CF
:109D700008000498C0B28DF80B009DF811008DF812
:109D80000A009DF812008DF809004049086803A9EF
:109D9000FAF79AFB3F49086802A9FAF795FB3B4995
:109DA00008680421FAF78EFB3A4908680421FAF79B
:109DB00089FB3D48008881B23C48006801F05AFAAE
:109DC000324908680121FAF7D5F9324908680121BA
:109DD000FAF7D0F93648056800BF2B4A11682B4ABC
:109DE0001068FAF77FFA044624B931480068401B2E
:109DF0000A28F2D301201EF023F92B48008881B2F3
:109E00002A48006801F038FA204908680021FAF76A
:109E1000B1F9204908680021FAF7ACF91D49086832
:109E20001E49FAF75FFA234908700846007818B10E
:109E300008460078401C08701D4805684FF4FA7009
:109E40001EF0FEF800BF0A201EF0FAF801A8FFF786
:109E5000D7FE9DF8040000F0010030B114480068FE
:109E6000401B40F6B8318842EDD3064800681EF02A
:109E70005DF914B94FF0FF3600E00026304651E797
:109E800000030020FC020020CC170020C017002097
:109E9000D8170020B41700200100801040000020D7
:109EA00010600240400F0020400300203C030020CF
:109EB000A80900205903002070B511480168114815
:109EC00000681EF03FF9054615B16FF0060070BD41
:109ED0000D48008881B20D48006801F0CBF90620DA
:109EE0000BF066FA44B20848008881B2074800685F
:109EF00001F0C2F9034800681EF018F92046E6E7B1
:109F000000030020FC020020400300203C0300204E
:109F100070B504460D466FF00706022C13D0032CD3
:109F200002D00C2C14D100E000BF0B48007810B90F
:109F30000A48007820B12846FFF7E8FE064601E00F
:109F40006FF0060604E02846FFF77EFA064600BFDB
:109F500000BF304670BD00000F030020100300203A
:109F600070B504460D466FF00706032C02D00C2C8A
:109F70000FD100E000BF0848007810B9074800780A
:109F800020B12846FFF746FB064601E06FF00606C3
:109F900000BF00BF304670BD0F030020100300203B
:109FA00070B504460925F320FEF70EFB00F01EF9FC
:109FB00000F044F90546092D29D11748006820F41E
:109FC0004070154908600846006840F40070086059
:109FD0000846006820F0F80008600846006844F071
:109FE000020108430C4908600846006840F48030CC
:109FF000086000F023F905460748006820F00200D9
:10A00000054908600846006820F0F800086000F084
:10A0100029F8284670BD0000103C02400920104974
:10A02000096801F48031B1F5803F01D1012015E0CC
:10A030000B49096801F0100109B106200EE008493A
:10A04000096801F0EF0109B1072007E00449096838
:10A0500001F0020109B1082000E00920704700006A
:10A060000C3C02400348006840F000400149086091
:10A0700070470000103C024030B502460C460925EE
:10A0800000F0B4F800F0C4F80546092D17D10E48C9
:10A09000006820F440700C490860084600680860B9
:10A0A0000846006840F001000860147000F0B0F845
:10A0B00005460548006820F0010003490860FFF7E5
:10A0C000D1FF284630BD0000103C024030B50246AA
:10A0D0000C46092500F08AF800F09AF805460F486A
:10A0E000006820F440700D4908600846006840F49C
:10A0F000007008600846006840F0010008601460C5
:10A1000000F086F805460548006820F00100034984
:10A110000860FFF7A7FF284630BD0000103C024052
:10A120002DE9F04707460D4614461E466FF0070816
:10A13000032F2AD004DC012F07D0022F4AD135E0AB
:10A14000092F3AD00C2F45D120E024480078C8B11F
:10A1500015E0802C03D94FF08009803C01E0A14636
:10A1600000241FFA89F2A9B233460120FEF7EAFC67
:10A17000804680358036B8F1000F00D001E0002C19
:10A18000E7D101E06FF0060824E000BF1448007832
:10A1900010B91448007830B1A1B232462846FFF712
:10A1A000EFFB804601E06FF0060813E0A1B23246F3
:10A1B0002846FFF7E7F980460CE00B48007830B1FD
:10A1C000A1B2A8B2324600F0E9F9804601E06FF092
:10A1D000060800BF00BF4046BDE8F0870D03002021
:10A1E0000F030020100300200C0300200548006826
:10A1F00000F0004028B1044802490C3908600348C7
:10A2000008607047103C024023016745AB89EFCDE1
:10A2100008B509200090FFF701FF009002E0FFF76A
:10A22000FDFE00909DF800000128F8D000BF9DF8C9
:10A2300000000128FBD09DF8000008BD08B50920EA
:10A240000090FFF7EBFE009000BFFFF7E7FE0090E5
:10A250009DF80000012801D11DF0F2FE9DF80000DC
:10A260000128F2D09DF8000008BD00002DE9F0475C
:10A2700081460D4614461E466FF00707B9F1090FD7
:10A280006FD009DCB9F1010F0DD0B9F1020F6DD01B
:10A29000B9F1030F24D142E0B9F10B0F21D0B9F18C
:10A2A0000C0FF7D13CE042480078B8B113E0802CA5
:10A2B00003D94FF08008803C01E0A04600241FFA3B
:10A2C00088F2A9B233460120FEF72AFB0746803503
:10A2D000803607B101E0002CE9D101E06FF00607FC
:10A2E00061E034480078B8B113E0802C03D94FF016
:10A2F0008008803C01E0A04600241FFA88F2A9B241
:10A3000033460220FEF70CFB07468035803607B146
:10A3100001E0002CE9D101E06FF0060743E000BF47
:10A320002548007810B925480078E0B116E0B4F56A
:10A33000807F04D94FF48078A4F5807401E0A046B2
:10A3400000241FFA88F132462846FFF73BFA0746F9
:10A3500005F5807506F5807607B101E0002CE6D1A1
:10A3600003E013E002E06FF006071CE0042C06D2C5
:10A37000324621462846FFF7BFF8074605E0324639
:10A3800021462846FFF786F807460CE00C4800787F
:10A3900030B1A1B2A8B2324600F098F9074601E008
:10A3A0006FF0060700BF00BF3846BDE8F087000029
:10A3B0000D0300200E0300200F03002010030020D7
:10A3C0000C0300202DE9F04781460E4615461C4639
:10A3D0006FF00707B9F1030F4AD006DCB9F1010F9E
:10A3E0000AD0B9F1020F74D15FE0B9F1090F63D05F
:10A3F000B9F10B0F6DD11DE038480078B8B113E00A
:10A40000802C03D94FF08008803C01E0A046002456
:10A410001FFA88F2A9B233460120FEF793FB0746E4
:10A420008035803607B101E0002CE9D101E06FF002
:10A4300006074EE02A480078B8B113E0802C03D913
:10A440004FF08008803C01E0A04600241FFA88F20B
:10A45000A9B233460220FEF775FB074680358036E9
:10A4600007B101E0002CE9D101E06FF0060730E010
:10A470001C480078B0B112E0B4F5807F02D94FF4E7
:10A48000807800E0A046A1B232462846FFF778FA6D
:10A49000074605F5807506F58076A4EB0804002CC8
:10A4A000EAD101E06FF0060713E0A1B23246284678
:10A4B000FFF768F807460CE00B48007830B1A1B20E
:10A4C000A8B2324600F06AF8074601E06FF00607CE
:10A4D00000BF00BF3846BDE8F08700000D03002034
:10A4E0000E0300200F0300200C0300200EB549E0EE
:10A4F0004FF0FF3100201DF077FE8DE80700019C32
:10A5000004F0010020B12048007808B918F016FACC
:10A5100004F0020008B1FDF70DFD04F0040020B1C5
:10A520001A48007808B918F02BFA04F0080008B1AE
:10A53000FDF724FD04F0100008B1FEF7C4FE04F09E
:10A54000200008B1FEF7C3FE04F0400008B1FEF79A
:10A55000C2FE04F0800008B1FEF7BEFE04F4807075
:10A5600008B1FEF7BAFE04F4007008B1FEF7A8FEC9
:10A5700004F4806008B1FEF7A4FE04F4006008B1A2
:10A58000FEF7A0FEB4E700005C0300205D0300209E
:10A5900010B501201DF054FD10BD00002DE9F04F55
:10A5A000A3B006460C4691464FEA162BF0B2009037
:10A5B000802C00DD80243D4801683D4800681DF086
:10A5C000C1FD074627B16FF0060023B0BDE8F08F4C
:10A5D000384A1168384A1068F9F798FD374A116807
:10A5E000374A1068F9F792FD03208DF804008DF8C2
:10A5F00005B000988DF806002F49086802A9F9F700
:10A6000063FF2F49086801A9F9F75EFFE21C91B2C8
:10A61000294A1068F9F756FFE21C91B2284A1068DF
:10A62000F9F750FF1021274800F024FE224908685E
:10A630000121F9F79FFD224908680121F9F79AFDE8
:10A640002148D0F800A000BF1A4A11681A4A1068C1
:10A65000F9F748FE05462DB91B480068A0EB0A0033
:10A660006428F1D301201DF0EBFC1021154800F007
:10A6700003FE114908680021F9F77CFD10490868BC
:10A680000021F9F777FD0A4800681DF04FFD0746E5
:10A6900015B94FF0FF3807E022460DF10B0148468F
:10A6A000F6F761F84FF0000840468EE700030020FF
:10A6B000FC020020CC170020C0170020D817002073
:10A6C000B417002000040240A80900202DE9F74F2C
:10A6D0008AB080460C4600200390802C00DD802448
:10A6E0005A4801685A4800681DF02CFD8146B9F1AE
:10A6F000000F04D06FF006000DB0BDE8F08F00BF72
:10A700004FEA1820029008F0FF000190514A1168AA
:10A71000514A1068F9F7FAFC504A1168504A10681B
:10A72000F9F7F4FC4F4A11684B4A1068F9F7EEFC50
:10A730004D4A11684A4A1068F9F7E8FCFEF760FED6
:10A74000082C05DD4FF0080BA4F1080084B201E0ED
:10A75000A346002402208DF8100002988DF8110005
:10A7600001988DF81200002705E00C98C15D04AA3D
:10A77000F81C11547F1C5F45F7DB3749086807A9AF
:10A78000F9F7A2FE3649086804A9F9F79DFE0BF116
:10A79000030291B2304A1068F9F794FE0BF10302FC
:10A7A00091B22F4A1068F9F78DFE10212F4800F062
:10A7B00061FD294908680121F9F7DCFC284908688E
:10A7C0000121F9F7D7FC2A48D0F800A000BF214AA0
:10A7D0001168214A1068F9F785FD05462DB924480E
:10A7E0000068A0EB0A006428F1D310211F4800F094
:10A7F00043FD194908680021F9F7BCFC18490868AD
:10A800000021F9F7B7FC124800681DF08FFC814663
:10A8100000BFFEF763FD0390039828B11448006859
:10A82000A0EB0A001428F4D31CB1039800283FF4CD
:10A8300067AF15B94FF0FF3605E0039810B16FF020
:10A84000010600E00026304656E700000003002025
:10A85000FC020020CC170020C0170020D8170020D1
:10A86000B4170020E4170020F01700200004024075
:10A87000A809002038B50446CCB11B48007800F088
:10A88000010080BB0120194908701748007820F0AA
:10A890000100401C14490870084600780022134645
:10A8A0000146009040F61C40F8F762FE1BE00E489F
:10A8B000007800F00100B0B100200C4908700C488D
:10A8C0000068007878B90848007820F0010006494F
:10A8D000087008460078002213460146009040F6B2
:10A8E0001C40F8F745FE38BDF2060020C4060020E3
:10A8F000C806002030B503460C4619460A48007ABF
:10A9000001280FD109480D68C0F80F500D79C574A2
:10A91000D1F8055045614D7A0576D1F805500560AE
:10A920004D7A0571002030BD54DF0020D0D80020C2
:10A9300030B503460C4619460A48007A02280FD162
:10A9400009480D68C0F80F500D79C574D1F805504D
:10A9500045614D7A0576D1F8055005604D7A05714F
:10A96000002030BD54DF0020D0D8002030B5034691
:10A970000C4619460A48007A03280FD109480D6889
:10A98000C0F80F500D79C574D1F8055045614D7A66
:10A990000576D1F8055005604D7A0571002030BD6F
:10A9A00054DF0020D0D8002030B503460C461946AD
:10A9B0000A48007A04280FD109480D68C0F80F50E2
:10A9C0000D79C574D1F8055045614D7A0576D1F8F9
:10A9D000055005604D7A0571002030BD54DF002020
:10A9E000D0D8002030B503460C4619460A48007AF4
:10A9F00005280FD109480D68C0F80F500D79C574AE
:10AA0000D1F8055045614D7A0576D1F805500560BD
:10AA10004D7A0571002030BD54DF0020D0D80020D1
:10AA200030B503460C4619460A48007A06280FD16D
:10AA300009480D68C0F80F500D79C574D1F805505C
:10AA400045614D7A0576D1F8055005604D7A05715E
:10AA5000002030BD54DF0020D0D8002030B50346A0
:10AA60000C4619460A48007A07280FD109480D6894
:10AA7000C0F80F500D79C574D1F8055045614D7A75
:10AA80000576D1F8055005604D7A0571002030BD7E
:10AA900054DF0020D0D8002030B503460C461946BC
:10AAA0000A48007A08280FD109480D68C0F80F50ED
:10AAB0000D79C574D1F8055045614D7A0576D1F808
:10AAC000055005604D7A0571002030BD54DF00202F
:10AAD000D0D800202DE9FE4F05468A4690461F46F5
:10AAE0000D9E00240C98401E009006EB8600FE4947
:10AAF00001EB800005EB85010844007920F080001F
:10AB000006EB8601F84A02EB810105EB8502114450
:10AB1000087106EB8600F44901EB800005EB850126
:10AB20000844C0F800A0BAF1000F7CD197F90000EA
:10AB3000012879D0032802D0042876D100E000BF94
:10AB4000002479E197F90100032802D004286DD18F
:10AB500058E058F8240006EB8601E44A02EB0111A4
:10AB600005EB850201EB820104EB840211440860CD
:10AB700006EB8600DE4901EB001005EB850100EBDA
:10AB8000810004EB84010844007964F3C71006EBEC
:10AB90008601D74A02EB011105EB850201EB820128
:10ABA00004EB8402114408719FEDD20A10EE100AE2
:10ABB00006EB8601CE4A02EB011105EB850201EBA3
:10ABC000820104EB84021144086006EB8600C74949
:10ABD00001EB001005EB850100EB810004EB840123
:10ABE0000844007920F0800006EB8601BF4A02EBA2
:10ABF000011105EB850201EB820104EB8402114493
:10AC0000087117E158F82400029006EB8600B74956
:10AC100001EB001005EB850100EB810004EB8401E2
:10AC20000844007903E0ACE131E1A9E16FE020F0F4
:10AC30008000803006EB8601AC4A02EB011105EB87
:10AC4000850201EB820104EB840211440871029831
:10AC500020F00041C1F1FF41C90F69B306EB860046
:10AC6000A34901EB001005EB850100EB810004EB2B
:10AC700084010844007964F3C71006EB86019C4AFE
:10AC800002EB011105EB850201EB820104EB84026A
:10AC9000114408719FED970A10EE100A06EB860129
:10ACA000934A02EB011105EB850201EB820104EBF3
:10ACB00084021144086029E006EB86008C4901EB10
:10ACC000001005EB850100EB810004EB84010844D2
:10ACD000007920F0800006EB8601854A02EB011125
:10ACE00005EB850201EB820104EB8402114408713B
:10ACF00006EB86017E4A02EB011105EB850201EBB2
:10AD0000820104EB840211440298086092E038F951
:10AD1000140000EE100AB8EEC00A8DED020A764962
:10AD2000009851F82000801D00EB8400B0F902006B
:10AD300000EE100AB8EEC00ADDED020A30EEC00ADD
:10AD40008DED020A009851F82000801D30F924B0E2
:10AD5000BBF1000F03DACBF100000FFA80FB0020FB
:10AD600001901CE06449009851F82000801D30F9E2
:10AD70002400002808DD9DED020AF2EE040A20EE10
:10AD8000200A8DED020A07E09DED020AF2EE040AA8
:10AD900080EE201A8DED021A0198401C0190019856
:10ADA0005845DFDB06EB8600504901EB001005EB50
:10ADB000850100EB810004EB84010844007920F058
:10ADC0008000803006EB8601484A02EB011105EB5A
:10ADD000850201EB820104EB84021144087106EB49
:10ADE0008600434901EB001005EB850100EB810073
:10ADF00004EB84010844007920F0800006EB860112
:10AE00003B4A02EB011105EB850201EB820104EBE9
:10AE100084021144087106EB8601354A02EB0111E8
:10AE200005EB850201EB820104EB840211440298D8
:10AE3000086000BF00BF641CB888A0423FF782AE24
:10AE40007878032811D106EB8601284A02EB01111C
:10AE500005EB850201EB8200284901EB061151F850
:10AE6000253039460C9A984710E006EB8601204AB7
:10AE700002EB011105EB850201EB82001F4901EB9A
:10AE8000061151F8253039460C9A984778E0B88871
:10AE9000C11700EB5171C1F3C709B9F1000F6ED0B2
:10AEA000002454E058F8240006EB86010F4A02EB18
:10AEB000011105EB850201EB820104EB84021144D0
:10AEC000086006EB86000A4901EB001005EB8501DE
:10AED00000EB810004EB84010844007964F3C7109F
:10AEE00006EB8601024A0BE010F00020D8F00020AB
:10AEF00038F00020FFFF7F7FF80A0020F0EF0020ED
:10AF000002EB011105EB850201EB820104EB8402E7
:10AF10001144087106EB86004C4901EB001005EB6B
:10AF2000850100EB810004EB84010844007920F0E6
:10AF3000800006EB8601454A02EB011105EB850214
:10AF400001EB820104EB840211440871641C4FEA96
:10AF5000E97109EB9171B4EBA10FA3DB06EB86015C
:10AF60003A4A02EB011105EB850201EB82003849F8
:10AF700001EB061151F8253039460C9A984700BF6D
:10AF800061E000244BE006EB8600304901EB001045
:10AF900005EB850100EB810004EB84010844007996
:10AFA00020F08000803006EB8601284A02EB011178
:10AFB00005EB850201EB820104EB84021144087168
:10AFC00006EB8600234901EB001005EB850100EB41
:10AFD000810004EB84010844007920F08000803077
:10AFE00006EB86011B4A02EB011105EB850201EB22
:10AFF000820104EB8402114408711FED420A10EE35
:10B00000100A06EB8601134A02EB011105EB8502DB
:10B0100001EB820104EB840211440860641CB888CF
:10B02000A042B0DC06EB86010A4A02EB011105EBF7
:10B03000850201EB8200064901EB061151F825302B
:10B0400039460C9A9847BDE8FE8F0000D8F00020E2
:10B05000F0EF002038F00020F0B50A460021002370
:10B06000002400BF3DE0012505FA01F3156805EA5B
:10B0700003049C4234D105684F000326BE40B5430B
:10B08000056015794E00B5400668354305601579B1
:10B09000012D02D01579022D16D185684F000326A7
:10B0A000BE40B543856055794E00B540866835434E
:10B0B0008560456801268E40B543456045689679B0
:10B0C0008E40B6B235434560C5684F000326BE408A
:10B0D000B543C560D5794E00B540C6683543C560F7
:10B0E000491C1029BFD3F0BDF0B5002300244D0743
:10B0F000ED0E02FA05F3CE1000F1200555F82650AA
:10B100004E07F70E0F26BE40B543CF1000F12006C4
:10B1100046F82750CE1000F1200555F8265045EA94
:10B120000304CE1000F1200545F82640F0BD0000D4
:10B1300008B500BF002000904448006840F00100BE
:10B14000424908600846006800F00100009000BF16
:10B1500000BF00BF002000900846006840F00200D9
:10B1600008600846006800F00200009000BF00BFC1
:10B1700000BF002000900846006840F0040008600E
:10B180000846006800F00400009000BF00BF00BF48
:10B19000002000900846006840F00800086008465B
:10B1A000006800F00800009000BF00BF00BF002052
:10B1B00000900846006840F01000086008460068EB
:10B1C00000F01000009000BF00BF00BF0020009002
:10B1D0000846006840F0200008600846006800F05B
:10B1E0002000009000BF00BF00BF00200090084674
:10B1F000006840F0400008600846006800F0400029
:10B20000009000BF00BF00BF00200090084600680B
:10B2100040F0800008600846006800F08000009060
:10B2200000BF00BF00BF002000900846006840F447
:10B23000807008600846006800F48070009000BFCD
:10B2400000BF0121880307F0F1FF08BD303802403C
:10B250000246002013690B400BB1012000E00020E2
:10B2600070470246002053690B400BB1012000E0FB
:10B27000002070474183704701837047024612489F
:10B28000405C124B5B5C98421CD001EBC100104B40
:10B2900003EB00200D4B5B5C03EBC3031844036816
:10B2A000136043685360007A10720848405C401C89
:10B2B000064B58541846405CFF2801DD00205854C6
:10B2C000012070470020FCE75901002058010020B0
:10B2D0008427001002461048405C104B5B5C98428B
:10B2E00018D001EBC1000E4B03EBC0000B4B5B5CB5
:10B2F00003EBC30318440368136043685360007A88
:10B3000010720648405C401C00F00700034B585484
:10B31000012070470020FCE75B0100205A0100205B
:10B320008430001030B502464FF0FF30002309E0B2
:10B330001478C5B26C40054D55F8244084EA1020BD
:10B34000521C5B1C8B42F3D330BD000028C803089D
:10B350000148006870470000B4D903080246002085
:10B36000704702460020704701480078704700008F
:10B37000A803002070B505460C461348005D13492C
:10B38000095D88421ED004EB840000EBC400104A23
:10B3900002EB00200D4A125D02EB820303EBC202B6
:10B3A00081180D222846F5F7DEF90848005D401C9B
:10B3B000064908550846005DFF2801DD00200855B4
:10B3C000012070BD0020FCE7550100205401002041
:10B3D0008409001070B505460C461148005D1149FE
:10B3E000095D88421AD004EB04100F4A02EB0020DA
:10B3F0000C4A125D02EB0212811811222846F5F761
:10B40000B2F90848005D401C064908550846005D31
:10B41000FF2801DD00200855012070BD0020FCE759
:10B4200057010020560100208416001002461248E1
:10B43000405C124B5B5C98421CD001EBC100104B8E
:10B4400003EB00200D4B5B5C03EBC3031844036864
:10B45000136043685360007A10720848405C401CD7
:10B46000064B58541846405CFF2801DD0020585414
:10B47000012070470020FCE75D0100205C010020F6
:10B48000CC3000102DE9F04704460E4615461F4605
:10B490002B46324621460320FEF794FF8246A14602
:10B4A0004FF0000808E099F80000394619F060F9FB
:10B4B00009F1010908F10108A845F4D35046BDE897
:10B4C000F08700000EB5002001901648807A00F049
:10B4D000020028B1134801AA1E21036800209847E2
:10B4E000BDF80400C0F34001029861F3010002902E
:10B4F000BDF804008108029861F38200029002986E
:10B50000009960F30101009102988108009861F3AD
:10B51000820000900298C108009861F3DF0000905B
:10B5200000980EBDF83F012038B500200090084873
:10B53000807A00F0020028B105486A4601210368BC
:10B5400000209847BDF80000C0F38004204638BDB5
:10B55000F83F0120014611B96FF0040070470C4814
:10B56000007900F0020010B94FF0FF30F6E709480B
:10B57000026C100A48710A710648426C100EC870BD
:10B58000100C8870100A48700A700020E6E700006E
:10B59000044001200080024030B500B930BD401E9B
:10B5A000064A126802EBC032D2E907459369526A33
:10B5B00081E83800CA6000BFF0E70000F403002013
:10B5C0002DE9F04104460E4617461D460CB9BDE86C
:10B5D000F081641E0748006800EBC4303030AA08D0
:10B5E0007A4300EB82012A463046F5F7BCF800BFEB
:10B5F000EDE70000F4030020012003210A4A117046
:10B6000001210A4A11704FF6FF7101EAC001084A90
:10B6100011800849084A11600921084A1170C100C7
:10B62000074A11607047000090020020910200203C
:10B6300088020020000402408C02002092020020B8
:10B64000940200200EB50D49098889B2ADF80010AA
:10B650000B49098889B2ADF802100A490988C1F579
:10B66000F041064A1268114401914FF470110291A1
:10B670009DE80E0080E80E000EBD0000FC090020D1
:10B68000000A0020C20900200EB50C490988ADF857
:10B6900000100B490988ADF8021009490988C1F565
:10B6A0008051064A1288114401914FF48031029171
:10B6B0009DE80E0080E80E000EBD0000C0090020CD
:10B6C000C20900200EB50C490988ADF800100B49DD
:10B6D0000988ADF802100A490988C1F58051064A67
:10B6E0001288114401914FF4803102919DE80E00BF
:10B6F00080E80E000EBD0000E0090020E2090020F5
:10B70000C209002010488079104A02EB40100168FD
:10B710000D48007900F0020008B90020704701F0E0
:10B72000004008B10020F9E701F4004028B901F415
:10B73000007010B101F4807010B94FF0FF30EDE7E8
:10B74000C1F30D40001FE9E7044001201040012033
:10B7500001464FF0FF307047014600202C4A9142CD
:10B7600003D2B1F1006F00D350E02A4A914204D2D3
:10B77000274A914201D3082048E0274A914204D247
:10B78000244A914201D3102040E0244A914204D23D
:10B79000214A914201D3182038E0214A914204D233
:10B7A0001E4A914201D3202030E01E4A914204D229
:10B7B0001B4A914201D3282028E01B4A914204D21F
:10B7C000184A914201D3302020E0184A914204D215
:10B7D000154A914201D3382018E0154A914204D20B
:10B7E000124A914201D3402010E0124A914204D201
:10B7F0000F4A914201D3482008E00F4A914204D2F7
:10B800000C4A914201D3502000E0582070470000BC
:10B81000004000080080000800C000080000010887
:10B8200000000208000004080000060800000808E4
:10B8300000000A0800000C0800000E087CB5044651
:10B840000B460125062C74D2DFE804F090031F3B61
:10B850005774002116E001EB41005C4E06EB4000FE
:10B860005E5C30F81600001201AE705401EB41002E
:10B87000564E06EB40005E5C10F816000DF8010015
:10B88000481C81B20329E6DB73E0002116E001EBDE
:10B8900041004F4E06EB40005E5C30F8160000128F
:10B8A00001AE705401EB4100494E06EB40005E5C76
:10B8B00010F816000DF80100481C81B20329E6DBE0
:10B8C00057E0002116E001EB4100424E06EB40003C
:10B8D0005E5C30F81600001201AE705401EB4100BE
:10B8E0003C4E06EB40005E5C10F816000DF80100BF
:10B8F000481C81B20329E6DB3BE0002116E001EBA6
:10B900004100354E06EB40005E5C30F81600001238
:10B9100001AE705401EB41002F4E06EB40005E5C1F
:10B9200010F816000DF80100481C81B20329E6DB6F
:10B930001FE01BE0002116E001EB4100274E06EB63
:10B9400040005E5C30F81600001201AE705401EB4E
:10B950004100224E06EB40005E5C10F816000DF828
:10B960000100481C81B20329E6DB02E04FF0FF3002
:10B970007CBD00BF9DF80400194E56F820001060F1
:10B980009DF8000005FA00F090809DF8000090718D
:10B990009DF8050056F8200090609DF8010005FA1A
:10B9A00000F090819DF8016096739DF806000C4EA2
:10B9B00056F8200010619DF8020005FA00F0908210
:10B9C0009DF8026096750020D2E7000000CF0308C2
:10B9D00012CF030824CF030836CF030848CF03084B
:10B9E000E00800200246094801684068C2E90010EA
:10B9F0000749506809684968884204D003480168CB
:10BA00004068C2E90010D2E900017047100200202E
:10BA10002802002001480068406870472802002082
:10BA200001468020086001487047000050D800207F
:10BA300001464FF0FF3070470A490888C0F30B00F9
:10BA400040F21942904201D1022070470888C0F3A9
:10BA50000B0040F21342904201D10120F5E7002093
:10BA6000F3E70000002004E008B5024800680090F9
:10BA700008BD000044D9030808B5024800680090DA
:10BA800008BD0000B0D9030808B50E480078A8B179
:10BA90000221012007F0C4FE0320012300900A4880
:10BAA00002680020014607F0C5FA11200AF0B4F937
:10BAB00064201CF0C5FA09F0EFFA02E00C200AF04D
:10BAC00009F908BD280400202C040020F0B50C461C
:10BAD000002500220023002197E0012606FA01F547
:10BAE00004EA0502AA427DD106684FEA410C032709
:10BAF00007FA0CF7BE430660CF0800F1200656F89F
:10BB000027604F074FEAD76C0F2707FA0CF7BE43A1
:10BB10004FEAD10C00F1200747F82C6086684FEA05
:10BB2000410C032707FA0CF7BE43866047680126DD
:10BB30008E40B7434760C6684FEA410C032707FAB7
:10BB40000CF7BE43C660334E8F0856F827308E0779
:10BB5000370F0F26BE4033402F4EB04201D1002692
:10BB600028E02E4EB04201D1012623E02C4EB042F7
:10BB700001D102261EE02B4EB04201D1032619E06E
:10BB8000294EB04201D1042614E0284EB04201D122
:10BB900005260FE0264EB04201D106260AE0254ECA
:10BBA000B04201D1072605E0234EB04201D108265C
:10BBB00000E009268F073F0FBE409E4224D18E072A
:10BBC000370F0F2606FA07F3124E8F0856F8276034
:10BBD0009E43104F4FEA910C47F82C60174E366881
:10BBE000964300E010E0154F3E603E1D36689643D8
:10BBF0003F1D3E603E1D366896433F1D3E603E1D24
:10BC0000366896433F1D3E60491C1029FFF465AF1E
:10BC1000F0BD00000838014000000240000402406E
:10BC200000080240000C02400010024000140240D4
:10BC300000180240001C024000200240003C01406D
:10BC4000F8B502460B460025002400200021E1E063
:10BC5000012606FA01F51E6806EA0504AC4273D116
:10BC60005E68022E02D05E68122E13D1CF0802F158
:10BC7000200656F827004E07F70E0F26BE40B043A9
:10BC80004F07FF0E1E69BE403043CF0802F1200669
:10BC900046F8270010684F000326BE40B0431E79C7
:10BCA00006F003064F00BE40304310605E68012E70
:10BCB00008D05E68022E05D05E68112E02D05E6844
:10BCC000122E13D190684F000326BE40B0434F00A0
:10BCD000DE68BE4030439060506801268E40B0431D
:10BCE0001E79C6F300168E4030435060D0684F0076
:10BCF0000326BE40B0434F009E68BE403043D06034
:10BD00005E6806F08056B6F1805FA8D100BF0026BD
:10BD10000096424E366846F48046404F3E603E46AE
:10BD2000366806F48046009600BF00BF3C4E8F0880
:10BD300056F827008E07370F0F26BE40B043394E06
:10BD4000B24202D1002629E063E0374EB24201D16F
:10BD5000012623E0354EB24201D102261EE0344EC8
:10BD6000B24201D1032619E0324EB24201D104267B
:10BD700014E0314EB24201D105260FE02F4EB242FF
:10BD800001D106260AE02E4EB24201D1072605E077
:10BD90002C4EB24201D1082600E009268F073F0F42
:10BDA000BE4030431E4E8F0846F82700264E3068AE
:10BDB000A0435E6806F48036B6F5803F00D120438C
:10BDC000214E3060361D3068A0435E6806F40036B0
:10BDD000B6F5003F00D120431B4E361D3060361DA6
:10BDE0003068A0435E6806F48016B6F5801F00D167
:10BDF0002043154E08363060361D3068A0435E681B
:10BE000006F40016B6F5001F00D120430E4E0C3686
:10BE10003060491C1029FFF41BAFF8BD44380240C4
:10BE200008380140000002400004024000080240BF
:10BE3000000C0240001002400014024000180240B2
:10BE4000001C024000200240003C01400148006804
:10BE500070470000980B002010B504460CB9012073
:10BE600010BD607B20B900202073204600F01AF836
:10BE70000220607345F255502168086020684068D0
:10BE800020F00700616808432168486020688068E6
:10BE90006FF30B00A168084321688860012060737C
:10BEA0000020DDE7704770B50446002500BF207B09
:10BEB000012801D1022070BD0120207300BF0220A3
:10BEC0006073FFF7C3FF05460DE0FFF7BFFF401BA0
:10BED000B0F57A7F07D90320607300BF002020737C
:10BEE00000BF0320E7E72068C068C0F340000028D7
:10BEF000EBD14AF6AA20216808600120607300BFD8
:10BF00000020207300BF00BFD5E7014600BF087BBB
:10BF1000012801D1022070470120087300BF0220D0
:10BF200048734CF6CC400A6810604AF6AA200A68AA
:10BF300010600120487300BF0020087300BF00BFDD
:10BF4000E9E770B5044600F0A5F94FF47A71B0FB4B
:10BF5000F1F5284600F072FC00222146501E00F048
:10BF600002F8002070BD2DE9F05F80460D461646B0
:10BF7000002717F00DFB074639462A46334601F0E5
:10BF80000700C0F1070ABAF1040F02D94FF0040A02
:10BF900001E0C0F1070AD14600F1040ABAF1070F27
:10BFA00002D24FF0000A01E0A0F1030AD4464FF09C
:10BFB000010A0AFA09FAAAF1010A0AEA020A0AFAC5
:10BFC0000CFA4FF0010B0BFA0CFBABF1010B0BEA77
:10BFD000030B4AEA0B042146404617F0E1FABDE89C
:10BFE000F09F000070B504460E460025A748006883
:10BFF00000F00F00B0426FD2A4490E7008460068EE
:10C0000000F00F00B04201D0012070BD207800F098
:10C010000200022807D19E48006820F0F000A168C5
:10C0200008439B490860207800F0010000283ED0BA
:10C030006068012807D1964808380068C0F340407E
:10C04000B8B90120E1E76068022802D060680328DF
:10C0500007D18F4808380068C0F3406048B9012014
:10C06000D3E78B4808380068C0F3400008B90120C6
:10C07000CBE78748006820F00300616808438449E3
:10C080000860FFF7E3FE05466068012810D108E06C
:10C09000FFF7DCFE401B41F28831884201D90320C2
:10C0A000B3E77B48006800F00C000428F0D1CDE035
:10C0B0006068022811D108E0FFF7C8FE401B41F27A
:10C0C0008831884201D903209FE77148006800F059
:10C0D0000C000828F0D1B9E024E06068032810D1F2
:10C0E00008E0FFF7B3FE401B41F28831884201D9D6
:10C0F00003208AE76648006800F00C000328F0D1AE
:10C10000A4E008E0FFF7A2FE401B41F2883188421C
:10C1100001D9032079E75E48006800F00C00002890
:10C12000F0D193E0207800F00200022807D15848AF
:10C13000006820F0F000A1680843554908602078A5
:10C1400000F00100002877D06068012807D150482E
:10C1500008380068C0F34040B8B9012055E760686E
:10C16000022802D06068032807D1494808380068CF
:10C17000C0F3406048B9012047E7454808380068E7
:10C18000C0F3400008B901203FE74148006820F0B3
:10C190000300616808433E490860FFF757FE054603
:10C1A0006068012810D108E0FFF750FE401B41F203
:10C1B0008831884201D9032027E73548006800F01C
:10C1C0000C000428F0D137E06068022810D108E0A4
:10C1D000FFF73CFE401B41F28831884201D9032021
:10C1E00013E72B48006800F00C000828F0D123E08A
:10C1F0006068032810D108E0FFF728FE401B41F2D9
:10C200008831884201D90320FFE62148006800F008
:10C210000C000328F0D10FE008E0FFF717FE401BE9
:10C2200041F28831884201D90320EEE618480068BF
:10C2300000F00C000028F0D114490E700846006888
:10C2400000F00F00B04201D00120DEE6207800F0BF
:10C250000400042807D10E48006820F4E050E1688B
:10C2600008430B490860207800F00800082808D12E
:10C270000748006820F46040216940EAC100044991
:10C2800008600F20FFF75DFE0020BEE6003C024084
:10C290000838024010B500F019F80949096801F0A2
:10C2A000F001F02292FAA2F2B2FA82F2D140054AEB
:10C2B000515CC840044908600846006810BD000091
:10C2C000083802404CDA03089C0B002070B50021AE
:10C2D000002200230020274C246804F00C0424B121
:10C2E000042C04D0082C41D103E0234840E023482B
:10C2F0003EE0204C241F246804F03F011D4C241F05
:10C30000246804F4800484B11C4CB4FBF1F5194C8E
:10C31000241F246847F6C076344096FAA6F6B6FA8B
:10C3200086F6F44005FB04F20FE0134CB4FBF1F584
:10C33000104C241F246847F6C076344096FAA6F6BF
:10C34000B6FA86F6F44005FB04F20A4C241F246872
:10C3500004F440344FF4403595FAA5F5B5FA85F567
:10C36000EC40641C6300B2FBF3F001E0024800BF44
:10C3700000BF70BD083802400024F40040787D0101
:10C3800070B586B006460C46154646BB00BF002079
:10C3900000902848006840F00100264908600846DF
:10C3A000006800F00100009000BF00BF88150190F8
:10C3B000022002900320049000200390059001A920
:10C3C0001D48FFF73DFC1B482838006820F0EC6052
:10C3D00044EA0501084317492839086027E000BFEF
:10C3E000002000901348006840F0040011490860E4
:10C3F0000846006800F00400009000BF00BF481528
:10C4000001900220029003200490002003900590E8
:10C4100001A90A48FFF714FC06482838006820F0F4
:10C42000784044EAC501084302492839086006B04B
:10C4300070BD000030380240000002400008024099
:10C4400038B504460025207800F00100002860D0AF
:10C45000F648006800F00C0004280DD0F34800688E
:10C4600000F00C00082813D1F048001F006800F409
:10C470008000B0F5800F0BD1EC4808380068C0F39D
:10C480004040002845D06068002842D1012038BDD6
:10C490000020E649891F0870FFF7D8FC054606E032
:10C4A000FFF7D4FC401B642801D90320EFE7DF48E5
:10C4B00008380068C0F340400028F1D12079DB49FA
:10C4C000891F0870606890B1FFF7C0FC054606E060
:10C4D000FFF7BCFC401B642801D90320D7E7D348F1
:10C4E00008380068C0F340400028F1D011E0FFF7A1
:10C4F000ADFC054606E0FFF7A9FC401B642801D906
:10C500000320C4E7C94808380068C0F34040002849
:10C51000F1D1207800F00200022869D1C3480068F8
:10C5200000F00C0058B1C148006800F00C00082869
:10C5300021D1BE48001F006800F48000D8B9BB4874
:10C5400008380068C0F3400020B1E068012801D03D
:10C5500001209CE7B5480838006820F0F800F82270
:10C5600092FAA2F2B2FA82F2216991400843AF49ED
:10C57000083908603CE0E06828B30120AC49086055
:10C58000FFF764FC054606E0FFF760FC401B6428EB
:10C5900001D903207BE7A54808380068C0F34000B4
:10C5A0000028F1D0A1480838006820F0F800F822EF
:10C5B00092FAA2F2B2FA82F22169914008439B49B1
:10C5C0000839086014E0002099490860FFF73EFC34
:10C5D000054606E0FFF73AFC401B642801D903201A
:10C5E00055E7924808380068C0F340000028F1D1B0
:10C5F000207800F0080008282CD16069A8B101203B
:10C600008C490860FFF722FC054606E0FFF71EFC98
:10C61000401B642801D9032039E784486C30006846
:10C62000C0F340000028F1D014E0002081490860E8
:10C63000FFF70CFC054606E0FFF708FC401B6428EA
:10C6400001D9032023E779486C300068C0F340002B
:10C650000028F1D1207800F0040004286FD100BF39
:10C660000020009071483830006840F080506F49D9
:10C67000383108600846006800F08050009000BF24
:10C6800000BF6D48006840F480706B490860FFF798
:10C69000DDFB054606E0FFF7D9FB401B642801D906
:10C6A0000320F4E66448006800F480700028F2D0AB
:10C6B00000205E4968310870FFF7C8FB054608E0B6
:10C6C000FFF7C4FB401B41F28831884201D90320A7
:10C6D000DDE6564868300068C0F340000028EFD11E
:10C6E000207A524968310870A068A0B1FFF7AEFB0C
:10C6F000054608E0FFF7AAFB401B41F2883188425B
:10C7000001D90320C3E6494868300068C0F34000FF
:10C710000028EFD013E0FFF799FB054608E0FFF78C
:10C7200095FB401B41F28831884201D90320AEE6D7
:10C730003E4868300068C0F340000028EFD1A0698F
:10C74000F0B33A48006800F00C00082869D0A069EE
:10C75000022850D1002036490866FFF777FB0546CE
:10C7600006E0FFF773FB401B642801D903208EE627
:10C770002E4808380068C0F340600028F1D1D4E9A1
:10C780000701084347F6C07292FAA2F2B2FA82F2A7
:10C79000616A914008430122A16AC2EB51014FF442
:10C7A000403292FAA2F2B2FA82F2914008434FF07C
:10C7B000706292FAA2F2B2FA82F2E16A914000E06B
:10C7C00031E008431949091F08600120184908662B
:10C7D000FFF73CFB054606E0FFF738FB401B6428EB
:10C7E00001D9032053E6114808380068C0F34060BF
:10C7F0000028F1D017E000200D490866FFF726FB5E
:10C80000054606E0FFF722FB401B642801D9032000
:10C810003DE6064808380068C0F340600028F1D1C2
:10C8200001E0012033E6002031E600000838024034
:10C8300000004742800E47420070004070B5044639
:10C840002546681EB0F1807F01D301200FE0681EED
:10C850004FF0E02148610F214FF0FF3016F0A0FEAD
:10C8600000204FF0E021886107200861002070BDA2
:10C8700010B504460CB9012010BD607C20B9002021
:10C880002074204600F018F802206074D4E90101F9
:10C890000843216849686FF308010843216848602C
:10C8A0002068006820F07F00E16808432168086084
:10C8B000012060740020DFE77047014600BF087C5C
:10C8C000012801D1022070470120087400BF022016
:10C8D00048740868006840F080000A681060012011
:10C8E000487400BF0020087400BF00BFEBE70000E1
:10C8F00001460448007810B10248007870470020D3
:10C90000FCE70000D20300200020014908707047B6
:10C91000D203002070B506460D4614460C48007838
:10C92000844209DD0A4802780A492846F3F71BFFCA
:10C9300000200749087004E0224606492846F3F71C
:10C9400012FF03480078001B0149087070BD000009
:10C95000D2030020A01E002010B51D48007800F072
:10C96000020020B11B4800681B4908600DE0184810
:10C97000007800F0010020B11848006816490860EE
:10C9800003E0174800681449086016480068401C16
:10C9900014490860084600680F490968884216D99A
:10C9A0000020104908601048006840B10F4908692C
:10C9B0000421FEF75FFC00200B49086007E00B49EB
:10C9C00008690421FEF758FC01200749086010BDE2
:10C9D00098090020880900208C0900208409002083
:10C9E000800900209009002094090020E008002020
:10C9F00010B5082001F054FC10B101201049087056
:10CA000008F008F800F06CF900F06EFFFBF784FB0B
:10CA1000012000F01DF80E2000F08AFD094CF5F70A
:10CA2000B9FDC4E90001F6F767FA0749086000F0AC
:10CA30006BF9FFF701F80549088000F031FE10BDE1
:10CA400024000020100200201400002026000020F6
:10CA500070B505466DB10121880406F0B7FB0121D0
:10CA6000080706F0C3FB012005F0BCFE012005F01D
:10CA7000C5FE064C4AF611212068884202D00846BD
:10CA8000206002E001200249086070BDFC4F0240B6
:10CA90002000002070B590B004460D461646E068B0
:10CAA000012106F093FB2068F7F770FBA068019066
:10CAB0006068001D029003954020049005200590B9
:10CAC000002006904FF480600790002008900990A5
:10CAD0000A904FF400300B9000200E900F900C90B5
:10CAE0000D90206801A9F7F7C1FC207C31460AF0BF
:10CAF000CFFC207C8DF80000A07C8DF80100A07C8C
:10CB00008DF8020001208DF80300684605F072FBE5
:10CB100010B070BD0048704794D8030800487047B3
:10CB2000B0D8030810B5002005490870084605492B
:10CB30000860032000F00EFA01200349087010BDC0
:10CB400000800010F4030020F003002010B5002244
:10CB5000064942F2107001F05DFF0549087000219E
:10CB600004481BF04DFB0449086010BD19890208F8
:10CB70005E03002004B80308600300201CB50446CF
:10CB8000E41CE27AE17854F8030CFEF7ADFAE27A9D
:10CB9000A17A6068FEF7A8FAB4F8010000900220BC
:10CBA0008DF804008DF8050000208DF806000120A6
:10CBB0008DF8070054F8030C6946FEF74DFA2089FA
:10CBC000009060686946FEF747FA208A00900120CD
:10CBD0008DF805008DF8040000208DF80600012076
:10CBE0008DF80700E0686946FEF736FA218AE068AA
:10CBF000E41EFEF73FFB1CBDF8B504460E46174683
:10CC0000102C23D2DFE804F008090A0B0C0D0E12D9
:10CC100014151617181C1D1E00BF00BF00BF00BF53
:10CC200000BF00BF04F10B00C5B20FE02F250DE0DF
:10CC300000BF00BF00BF00BF04F13000C5B205E077
:10CC400000BF00BF04F13700C5B200BF00BF3946C6
:10CC500028460AF01DFC8DF800508DF80160082070
:10CC60008DF8020001208DF80300684605F0C2FA35
:10CC7000F8BDF8B505460E461746102D1DD2DFE863
:10CC800005F008090A0B0C0F1011121315161718CE
:10CC9000191A00BF00BF00BF00BFA81DC4B20CE03E
:10CCA00000BF00BF00BF00BF172406E000BF00BFE9
:10CCB00000BF00BF00BF282400BF00BF3946204688
:10CCC0000AF0E6FB8DF800408DF8016007208DF832
:10CCD000020001208DF80300684605F08BFAF8BDCC
:10CCE00010B50748074908600420486040F6FF7106
:10CCF00004488160FFF7B0F80248FFF706F910BD5D
:10CD000000300040E40C00201CB5042000900120FD
:10CD10008DF8040002208DF8050000208DF8060033
:10CD200001208DF807000D4908696946FEF794F95E
:10CD300032200B4908607D200A4908600C200A490E
:10CD40000860012209490A2001F064FE08490870C0
:10CD5000084600780BF0C6FD1CBD0000E00800206E
:10CD600080090020840900208809002059C9010891
:10CD70009909002010B5044600F00AF9002109487D
:10CD80001BF03EFA0849086001200849087000229B
:10CD900007494FF4FA6001F03DFE06490870064865
:10CDA000046010BD28D10308EC090020F40900201C
:10CDB0002D8902080C0A0020100A002070B586B0E8
:10CDC0000446002560E000261DE004EB840047498E
:10CDD00001EB001005EB850100EB810006EB8601FD
:10CDE0000844007920F08000803004EB84013F4A41
:10CDF00002EB011105EB850201EB820106EB8602D5
:10CE000011440871761C042EDFDB01200022CDE9DD
:10CE100001020390049004EB8401344B03EB0111F5
:10CE200005EB850301EB8302691C01EB810140F6F0
:10CE3000D86303EB410104EBC40303EB041301EBE0
:10CE40008301009088B20D23042109F071FA012CAE
:10CE500019D104EB8401254B03EB011105EB85038C
:10CE600001EB8302691C01EB810140F6D86303EBFF
:10CE7000410104EBC40303EB041301EB830188B20B
:10CE800004210AF01BF96D1C042D9CDB01200022FB
:10CE9000CDE901020390049004EB8401144B03EBF1
:10CEA000810204EBC40101EB041140F6D86303EBEB
:10CEB0008101009088B20723042109F039FA012C7E
:10CEC00010D104EB84010A4B03EB810204EBC40193
:10CED00001EB041140F6D86303EB810188B2042111
:10CEE0000AF0B8F8002006B070BD000038F000204D
:10CEF00010F0002010B5FFF70DFE0C490860FFF799
:10CF00000DFE0A4948600A480A4908600A48486014
:10CF10000A4888600A48C8600A4808610A49054802
:10CF200041610A4981610A49C16110BDF80A0020C6
:10CF3000F5A80108F0EF002031A901086DA901084A
:10CF4000A9A90108E5A9010821AA01085DAA01080B
:10CF500099AA010870B5044623460A4A002140F206
:10CF6000E930F6F7DDFB0546074805800623054A4C
:10CF70004FF4004140F2E930F6F702FC0546034861
:10CF8000058070BD294902080C0400200E04002011
:10CF90003EB504239A0302A90320FDF713FA029871
:10CFA000401C00283FD104234FF4883201A90320FC
:10CFB000FDF708FA0198401C48B900205249086062
:10CFC00052490860524908605249086095E00423BC
:10CFD000514A69460320FDF7F5F90098401CA0B9B5
:10CFE00004234D4A803A01A90320FDF7EBF91F20E5
:10CFF0004549086020204549086047F2DF704449F0
:10D00000086044490198086077E000203E490860C4
:10D0100020203E49086047F2E0703D4908603D49E4
:10D020000098086069E004233B4A69460320FDF745
:10D03000C9F9012414E0E00100F58032042302A9BB
:10D040000320FDF7BFF90298401C10B92E48046078
:10D0500009E0C4F30B0010B901201AF0F1FF641CC1
:10D06000B4F5F04FE7D300BF0098401C88B9601EAC
:10D07000C00100F58032042301A90320FDF7A2F9C5
:10D080000020224908602248046022490198086073
:10D0900033E01D480068401CC00100F580320423C5
:10D0A00001A90320FDF78EF917480068441C20E011
:10D0B0001A480460E00100F58032042302A903202D
:10D0C000FDF780F90298401C60B110480460C4F577
:10D0D000F0400D49096808440D4908600D49019860
:10D0E000086009E0C4F30B0010B901201AF0A8FF92
:10D0F000641CB4F5F04FDBD300BF05480068400A5C
:10D10000074908603EBD0000FC090020000A00201D
:10D11000040A0020F009002080FF3C00080A0020DB
:10D12000140A0020F8B50423344A69460320FDF7A9
:10D1300049F90098401C08B9002600E001260423A4
:10D140002F4A69460320FDF73DF90098401CF0B9CD
:10D1500036B100202B49088010202B4908804BE075
:10D1600004232A4A69460320FDF72CF90098401C45
:10D1700028B9002023490880234908803CE040F674
:10D18000FF702049088000201F49088034E00124F6
:10D190002EE01B4800EB0412042369460320FDF730
:10D1A00011F90098401CE8B916490C80B6B925461B
:10D1B00012E06D1CB5F5805F00DB0025104800EB28
:10D1C0000512042369460320FDF7FCF80098401C73
:10D1D00010B10D490D8000E0EBE702E000200A49A4
:10D1E000088008E0E0B210B901201AF029FF641CA1
:10D1F000B4F5805FCDDB00BFF8BD0000F40F3E004A
:10D2000004003E00C0090020C2090020E4FF3E00E7
:10D21000F8B504233F4A69460320FDF7D3F8009888
:10D22000401C08B9002600E0012604233A4A69465A
:10D230000320FDF7C7F80098401CF8B936B100206C
:10D240003649088010203649088061E00423314ABD
:10D25000103A69460320FDF7B5F80098401C28B93C
:10D2600000202E4908802E49088051E040F6FF70CA
:10D270002A49088000202A49088049E0012443E027
:10D2800028480068401C27490860234800EB041226
:10D29000042369460320FDF795F80098401C60BB05
:10D2A0001E490C802EBB254621E01F480068401C0B
:10D2B0001D49086008460068B0F57A7F04D1002057
:10D2C000086001201AF0BCFE6D1CB5F5805F00DB24
:10D2D0000025114800EB0512042369460320FDF7E1
:10D2E00071F80098401C10B10D490D8000E0DCE79A
:10D2F00002E000200A49088009E0C4F30B0010B9DD
:10D3000001201AF09DFE641CB4F5805FB8DB00BFFD
:10D31000F8BD0000F4FF3D0004003D00E0090020DE
:10D32000E2090020D8090020DC09002010B5FFF731
:10D33000F9FE0120034908700121034800681AF032
:10D3400047FF10BDCE090020600300201FB5044632
:10D350000121202005F04AFF14480BF099FC45F20A
:10D36000072002900020ADF80400ADF80C00ADF8E5
:10D37000060001210D480BF06AFC01A90B480BF0D7
:10D3800033FF37208DF800008DF8014000208DF824
:10D39000020001208DF80300684604F02BFF0122F3
:10D3A000114602480BF0FAFD1FBD000000140040BA
:10D3B00010B5002102481AF023FF0249086010BD91
:10D3C000CCD80308540B00202DE9F0418AB0044664
:10D3D0000F46904620685049884203D020684F4944
:10D3E000884204D16068012105F020FF03E06068F5
:10D3F000012105F0FBFE4A48B0FBF7F5B7F5165FD3
:10D400000CD905F2D6604749088005F2EE2046495E
:10D41000088005F2D6604549088013E005F0010058
:10D4200018B1012000EB550600E0760806EB8500F8
:10D430003C49088006EB45003B49088006EB850027
:10D440003A49088020680BF023FC4FF6FF700890E3
:10D450005320ADF81C000020ADF82400ADF81E00EC
:10D46000206807A90BF0C0FE0020ADF80800ADF859
:10D470000A002C48008804900220ADF814002068AF
:10D4800002A90BF097FD206800210BF0D3FD0020CE
:10D49000ADF80800ADF80A00ADF80A00224800888F
:10D4A00004900220ADF81400206802A90BF0CCFD16
:10D4B000206800210BF01CFE0020ADF80800ADF83C
:10D4C0000A00ADF80A001948008804900220ADF85F
:10D4D0001400206802A90BF019FE206800210BF04F
:10D4E00067FE207A414609F0D3FF207A8DF80400C8
:10D4F000A07A8DF8050000208DF8060001208DF837
:10D50000070001A804F076FE206802210BF097FBCB
:10D510000AB0BDE8F08100000000014000040140B5
:10D5200080969800C40A0020C60A0020C80A00207D
:10D530001FB50446062009F053FF01211B4800686F
:10D5400005F054FE1A4800680BF0A2FB40F2E730E9
:10D5500002905320ADF804000020ADF80C00ADF8A7
:10D56000060001A9124800680BF03EFE0121104898
:10D5700000680BF06CFB0F490F48007809F088FF3A
:10D580000D4800788DF800008DF801408DF80240BC
:10D5900001208DF80300684604F02CFE012211469C
:10D5A000034800680BF0FAFC1FBD0000A009002032
:10D5B0009C090020D9F80208A40900202DE9F84FA1
:10D5C0000446884691461E46DDE90AA52068304992
:10D5D000884204D16068012105F028FE03E06068FC
:10D5E000012105F003FE20680CF0E4FB0EB90027D2
:10D5F00001E04FF48057274800EB0510C0F8008089
:10D60000244800EB05108780234830F81900214991
:10D6100001EB0511C880214830F816001D4901EBC7
:10D620000511088100201B4901EB051188810C20A0
:10D63000184901EB05114881164A02EB05112068D3
:10D640000CF048FE2068012240F225510CF01CFE2F
:10D650002068012280210CF0A0FB207A514609F0BD
:10D6600017FF207A8DF80000A07A8DF801000020C5
:10D670008DF8020001208DF80300684604F0BAFD21
:10D68000206840F226610CF06CFBBDE8F88F0000CA
:10D690000010014094E6002008D6030802D60308D3
:10D6A00010B588B0802074490860022048604FF0AF
:10D6B000A06088600120C86070480078F8B105A8B3
:10D6C00006F0F8FA00208DF8150005A813F02CFCE0
:10D6D0004FF400510320FCF71BFC694A102148025B
:10D6E000FCF74EF9049001208DF81500644A1021D2
:10D6F0008003FCF745F9049005A813F015FC0320FE
:10D7000006F034FD5F4908705F49C86812F060F8A0
:10D7100000F086F95D4908605B48006880280AD0FF
:10D7200059480068A22806D057480068A42802D0AB
:10D7300002F006FE9AE05449886805F06DF8544AF4
:10D740001168514A1068F5F7BDFE52490860524809
:10D7500000904F4803684C4850490268032006F087
:10D76000C5FD039007F0AAFFF5F71CFD4C490860C2
:10D77000012006F02DFD4349087006F02BFB02F056
:10D78000DFFD08F01FFF4748808C80B24549098CB7
:10D7900089B2444A928B92B2424CCDE90021029068
:10D7A000248BA3B23F4CA48AA2B23E4C248AA1B2DD
:10D7B0003C4CA489A0B209F0AFFD052000F0CAFCE2
:10D7C000012140F6641000F0A5F800F07DF8FFF7A5
:10D7D000ADFD354AD189907F00F0AEFC334800782A
:10D7E00040B1334890F83D0020B1012130483D3030
:10D7F00000F062FA2E48007820B100212C4800F099
:10D800005BFA0BE008F0EEFD274CA37F227F617FDF
:10D81000A06900F04DFC012004F026FC012000F07E
:10D8200015FE00F0EFFE2348006818B900202249D9
:10D830000968087021480078C0F3800000B115E045
:10D8400084201349086008460068842807D1FFF740
:10D8500069F91B49486BFFF78DFA00F097F8FFF75D
:10D86000A7FD00F089FF00F025F900BF154907204A
:10D8700001F054F808B010BD6CDF0020440900200E
:10D880007CDF00203408002044DD00204008002018
:10D8900054DD002038080020BCD90020B0DC002076
:10D8A0001800002018DD0020B8DE00204F0B0020FB
:10D8B000D8DE002020000020C806002044080020F8
:10D8C00044D50020B9A3020810B5FFF7A1FC012040
:10D8D000034908700421034800681AF079FC10BD60
:10D8E000E90900206003002010B50121C80205F0FD
:10D8F0007DFC064806490860002048601021044865
:10D9000081604021C160FEF7B3FF10BD002C0040D4
:10D91000F40C002070B505460C460F480580002029
:10D920000E4908800E480088401C0D4908800D48AB
:10D9300004700D48047000210C481AF061FC0C4979
:10D9400008600C480C4908600C480D4908600D48F7
:10D95000008A0D49088070BD50010020520100204E
:10D96000F40000204B0100204C01002058B70308B0
:10D9700024010020D039001068010020D44100109B
:10D980006C01002018DD0020E401002010B51748CC
:10D9900017490860174818490860F4F7D9FA17487A
:10D9A000008881B216480068FDF766FCF6F724F897
:10D9B00009F0E4FD08F08EFB124B134A13490020D6
:10D9C000FAF7E2FD0D220F491148F2F711FF114954
:10D9D000086A01210BF03BF91E20FAF7F3FA002147
:10D9E0000D481AF00DFC0D49086010BD994601085C
:10D9F0001C060020813E0108180600204806002071
:10DA00004C060020C4D00020ECD00020342200209E
:10DA1000D8D00020BC0800207CCC0308780400206B
:10DA200010B52048007850B1042005F0EDFD1E49E6
:10DA30000860062005F0E8FD1C4908600FE00020A2
:10DA40001949086008460168042005F0E9FE002035
:10DA50001649086008460168062005F0E1FE1248F4
:10DA6000006858B1124840690E2807D100200E49BD
:10DA7000086008460168042005F0D2FE0A480068E4
:10DA8000032807D9002008490860084601680420D7
:10DA900005F0C6FE0021062005F0C2FE034800681E
:10DAA00010BD000090000020D0050020D40500200B
:10DAB00080DD00201CB5012000908DF804000220BC
:10DAC0008DF8050000208DF8060001208DF8070074
:10DAD0002249C8686946FDF7BFFA21480068401C22
:10DAE0001F4908600220009001208DF804000220E8
:10DAF0008DF8050000208DF8060001208DF8070044
:10DB00001649C8686946FDF7A7FA15480068401C21
:10DB1000134908600420009001208DF804000220C1
:10DB20008DF8050000208DF8060001208DF8070013
:10DB30000A49C8686946FDF78FFA09480068401C21
:10DB40000749086001220749104600F063FF0649B3
:10DB50000870084600780AF0C5FE1CBDE0080020E9
:10DB6000280B0020E14401082C0B00202DE9FC418A
:10DB700007460C4615461E464FF00108E1B23846EE
:10DB800007F07CFD08FA04F000908DF804508DF841
:10DB9000056000208DF806006846FAF7FFFABDE838
:10DBA000FC81000010B503481AF0AAFA0249086087
:10DBB00010BD0000F0B703089C02002010B5034818
:10DBC0001AF09EFA0249086010BD000000B8030870
:10DBD000500300201CB51048FEF7D0FF0F4A104933
:10DBE0001048FEF757FF104A4FF416510F48FFF741
:10DBF000EBFB01200E4900231A46CDE900104FF43B
:10DC000016510C48FFF7DAFC01210B481AF0F8FA1C
:10DC10000A4948601CBD000062D80308D5430108CA
:10DC200078EA00204FD80308458F020844D803083B
:10DC300075A1020877D8030834D80308D40A002055
:10DC40001CB5124800881249A1F813000846FEF7D7
:10DC500095FF104A10491148FEF71CFF104A4FF477
:10DC600016511048FFF7B0FB00200F49034602464B
:10DC7000CDE900104FF416510C48FFF79FFC00212E
:10DC80000B481AF0BDFA0B4908601CBDBA0A002007
:10DC9000A40A00208D43010878E90020E3D5030899
:10DCA000ED8E0208D8D5030861A00208F6D5030856
:10DCB00034D80308D40A00202DE9F04106460D4669
:10DCC000012D01DDBDE8F081012D00D100BFFFF77E
:10DCD00011F9707838B9307C28B9F07F18B996F806
:10DCE0002E0000287ED00024C9E1C4EB0411701C72
:10DCF000405C05EB850101EBC501E94A02EB8101BE
:10DD000004EB840202EBC4021144487105EB850068
:10DD100000EBC500E24901EB800004EB840101EB5C
:10DD2000C4010844407901287DD1C4EB0411701C62
:10DD30000844D0F8010005EB850101EBC501D84A84
:10DD400002EB810104EB840202EBC4021144C1F82E
:10DD50000600C4EB0411701C0844407905EB8501F2
:10DD600001EBC501CE4A02EB810104EB840202EB18
:10DD7000C40211448872C4EB0411701C08448079F9
:10DD800005EB850101EBC501C54A02EB810104EBFE
:10DD9000840202EBC4021144C872C4EB0411701C6B
:10DDA0000844007A05EB850101EBC501BC4A02EB92
:10DDB000810104EB840202EBC40211440873C4EB3A
:10DDC0000411701C0844C07905EB850101EBC50105
:10DDD000B34A02EB810104EB840202EBC40211445A
:10DDE000087100E059E1C4EB0411701C0844807A0A
:10DDF00040B205EB4501AB4A02EBC10104EB440222
:10DE000001F81200C4EB0411701C0844407A40B2BF
:10DE100005EB4501A34A02EBC10104EB440201EB0F
:10DE20004201487000E020E0C4EB0411701C08447B
:10DE3000B0F80B0005EB45019A4A02EBC10104EB77
:10DE4000440201EB42014880C4EB0411701C0844F9
:10DE5000B0F80D0005EB4501924A02EBC10104EB5D
:10DE6000440201EB4201888008E1C4EB0411701CFC
:10DE7000405C401EC7B2C4EB0411701C0844D0F8CB
:10DE80000100B0F5166F34D2874850F82700C08AD9
:10DE900005EB850101EBC501814A02EB810104EB31
:10DEA000840202EBC4021144C1F806007E4850F817
:10DEB0002700007E05EB850101EBC501784A02EBE6
:10DEC000810104EB840202EBC4021144887276489B
:10DED00050F82700407E05EB850101EBC501704A33
:10DEE00002EB810104EB840202EBC4021144C8720C
:10DEF00037E0C4EB0411701C0844D0F8010005EBB6
:10DF0000850101EBC501664A02EB810104EB840245
:10DF100002EBC4021144C1F80600C4EB0411701CEA
:10DF20000844407905EB850101EBC5015C4A02EB31
:10DF3000810104EB840202EBC40211448872C4EB39
:10DF40000411701C0844807905EB850101EBC501C3
:10DF5000534A02EB810104EB840202EBC402114438
:10DF6000C872C4EB0411701C0844C07990B1C4EBB2
:10DF70000411701C0844C07905EB850101EBC50153
:10DF8000474A02EB810104EB840202EBC402114414
:10DF9000087110E0444850F82700807E05EB8501A9
:10DFA00001EBC5013E4A02EB810104EB840202EB66
:10DFB000C40211440871C4EB0411701C0844007AB7
:10DFC00090B1C4EB0411701C0844007A05EB850184
:10DFD00001EBC501324A02EB810104EB840202EB42
:10DFE000C4021144087310E02F4850F82700C07E87
:10DFF00005EB850101EBC501294A02EB810104EB28
:10E00000840202EBC40211440873274850F8270029
:10E01000007840B205EB4501224A02EBC10104EB56
:10E02000440201F81200204850F82700407840B21E
:10E0300005EB45011B4A02EBC10104EB440201EB75
:10E0400042014870184850F82700408805EB450108
:10E05000144A02EBC10104EB440201EB4201488087
:10E06000114850F82700808805EB45010D4A02EB66
:10E07000C10104EB440201EB42018880641C042CC2
:10E08000FFF633AE2846FEF799FE15B1FFF7A2FD65
:10E0900001E0FFF7D5FD0548066000BF12E600006D
:10E0A00010E90020E0E80020F80A0020D00A002053
:10E0B0002DE9FC4104460D4616461F4612480770DE
:10E0C000124800881249A1F813000846FEF756FDD1
:10E0D000104A11491148FEF7DDFC114A214611484A
:10E0E000FFF772F90020104933462A46CDE90010A7
:10E0F00021460E48FFF762FA00210D481AF080F819
:10E100000C490860BDE8FC81CA0A0020BA0A002058
:10E11000A40A00208D430108E0E70020E3D50308AE
:10E12000558E0208D8D50308D99E0208F6D50308F3
:10E130000CD60308BC0A002070B505460C460348FF
:10E140000480002102481AF05BF870BDEC0A002040
:10E1500084D8030810B58AB0044604200190012039
:10E160008DF8080002208DF8090000208DF80A00C3
:10E1700001208DF80B004349886801A9FCF76CFF6A
:10E18000404988680421FDF775F8C82019F058FF48
:10E190003C4988680421FDF76FF8C82019F050FF4A
:10E1A000002221463D20FDF7DEFE0423364A0221EF
:10E1B000C80117F0A9FB17F00FFC3449087009AA31
:10E1C0000021084604F028FA08AA0121002004F0E2
:10E1D00023FA642019F034FF04232B4A0221C801DA
:10E1E00017F092FB2A48007820BB07A806F05EFBD8
:10E1F000042307AA0221C80117F0BAFB03A806F0FE
:10E2000065FB062303AA00214FF4807017F0B0FBD2
:10E2100006A806F079FB042306AA0321980117F04B
:10E22000A7FB05A806F032FB042305AA19469801AE
:10E2300017F09EFB0423144A0221C80117F064FB67
:10E240000423144A0221C80117F05EFB0423114A7B
:10E25000121D0321980117F057FB04230D4A0832C1
:10E260001946980117F050FB06230B4A00214FF482
:10E27000807017F049FB0021084819F0C1FF0AB06F
:10E2800010BD0000E0080020F7000020FB00002087
:10E290001000002074DD00205108002048B703085A
:10E2A00030B58FB0054600245F4860490860012101
:10E2B000080704F09BFF012004F094FA002005F009
:10E2C000A3F943F2F421884256D000205749096847
:10E2D0000860012005F08CF80BE0012019F0B0FE79
:10E2E000641C41F28830844203DD4FF0FF300FB0F0
:10E2F00030BD412005F05CF80028EED04FF480706E
:10E3000005F098F8FF204A4908607F2049490860D5
:10E31000012005F089F805F053FA464800680D9091
:10E32000434800680E9000200C900CA805F03AF9C4
:10E3300013204149C87001204870112088700620C0
:10E340000870012005F070F900203C49C8702020B9
:10E35000487000208870012005F0CAF943F2F421CA
:10E36000002005F05DFA0021012005F059FA002196
:10E37000032005F055FA21E00120314908700320FF
:10E3800005F042F92F490860084600680C2804DCB3
:10E390000846006810F10C0F02DA002029490860D5
:10E3A000012005F03BF800BF612005F001F80028CE
:10E3B000FAD0012005F038F805F002FA002005F047
:10E3C0003DFA05F06FF838B943F2F521002005F069
:10E3D00027FA6FF001008AE705F08CF81749002052
:10E3E00005F0B8F81449002005F08EF8134880783D
:10E3F00001901248407802901048007803900E482F
:10E40000807804900C484078401E05900A48C078F7
:10E41000643006900020099001A8F2F792FA0A49A8
:10E420000860002063E70000F04F024098000020E1
:10E43000D4000020D0000020B4000020B000002054
:10E440009000002094000020AC00002010B52DEDBD
:10E45000028B86B004464F484F4908604F49086018
:10E4600008F04AFF4E4800784E4908714C48417800
:10E470004C4841714A4881784A4881714848C1787E
:10E480004848C1719FED480BB0EE408AF0EE608ABB
:10E490009FED470B53EC102B51EC180B1CF044FB79
:10E4A00041EC180B53EC182B9FED430B51EC100B68
:10E4B0001CF09CFD41EC180B9FED410B53EC102B15
:10E4C00051EC180B1CF07CFA41EC180B51EC180BBA
:10E4D0001CF0B2FC3C4908600420FEF737FF3B48C3
:10E4E00000683B49C1F805003A48006838B13A482D
:10E4F000007A00F0020010B1012038490860354868
:10E50000006800283BD0FDF777F835480088019077
:10E5100000208DF8080002208DF8090001208DF8F8
:10E520000B0001A92F480068FCF796FD2E480178E2
:10E530002E48007807F0A2F82D48006803900020CC
:10E540008DF810000C208DF8110001208DF81200BC
:10E5500003A8F9F723FE27492748007808F098FF19
:10E56000254800788DF8140000208DF815008DF8EE
:10E57000160001208DF8170005A803F03BFE1F4888
:10E58000C07F18B100211E4819F03AFE06B0BDEC5C
:10E59000028B10BD1002002024020020280200205F
:10E5A00098020020080200200000000000405F40A8
:10E5B0000000000080842E41000000000000F041B7
:10E5C000000000000000E03F300200209400002026
:10E5D000141100208002002018DD00208402002099
:10E5E000880200208C02002090020020910200206E
:10E5F000940200206927020892020020B8DE002061
:10E60000B0B7030810B59AB00121080204F00EFE5D
:10E610000121880504F0DAFD002001904E480290A7
:10E620004E480390002004904D480088022802D1F3
:10E630000120059001E002200590002006904FF493
:10E6400080600790400008908000099040110A9077
:10E650004FF440300B9000200C9001200D900020D2
:10E660000E900F9001A93F48F5F700FF0020109091
:10E670004FF47060139000201290119010A8F3F7DF
:10E6800001F9002014908DF854008DF85500169073
:10E690001790189032480088022803D101208DF885
:10E6A000640002E001208DF8640014A92A484C3867
:10E6B000F3F75AF92A480088022807D107230122D4
:10E6C000122125484C38F3F779F906E00723012297
:10E6D000122121484C38F3F771F90120F3F7D0F9F2
:10E6E0000120F3F7E3F9B0EE040A1F4880ED000AB9
:10E6F00090ED000ADFED1D0A80EE201A1C4880ED27
:10E70000001A012240F2052113484C38F3F71CF996
:10E7100012208DF8000000208DF8010007208DF8F0
:10E72000020001208DF80300684603F063FD01221A
:10E7300010494FF47A7000F06DF904460121064843
:10E740004C38F3F794F804484C38F3F793F9204623
:10E750000AF0C8F81AB010BD4C2001407400002027
:10E7600026000020706402406800002000F07F4511
:10E77000600000208592020800B5A5B00121480282
:10E7800004F054FD0121082004F030FD0120239005
:10E7900002208DF8910003208DF8900000208DF864
:10E7A000930023A95548FCF757FC55480AF070FA26
:10E7B00020A80AF05DFD43F6187021900020ADF806
:10E7C0008000ADF88800ADF8820020A94C480AF01E
:10E7D0000BFD6020ADF86C000120ADF86E0041F635
:10E7E0008B701D900220ADF878001BA944480AF0F8
:10E7F000E1FB0022114642480AF010FA4FF0007087
:10E800000190404802904048039000200490682006
:10E810000590002006904FF480600790400008901B
:10E820008000099040110A9040020B9000200C904B
:10E8300001200D9000200E900F9001A93348F5F7AC
:10E8400015FE01213148F5F795FC002011904FF499
:10E850007060149000201390129011A8F3F712F832
:10E860000020159001208DF8580000208DF85900E7
:10E870004FF0805017904FF02060189000201990B2
:10E8800001208DF8680015A91E484C38F3F76CF884
:10E890000723012200211B484C38F3F78FF8012190
:10E8A00018484C38F2F7E3FF19493A2008F0F0FD18
:10E8B0003A208DF8400003208DF841008DF8420089
:10E8C00001208DF8430010A803F094FC01221021D0
:10E8D0000E48F5F7A3FD01210A484C38F2F7F5FF81
:10E8E000012108484C38F2F7E5FF0021094819F0EA
:10E8F00087FC0949086025B000BD00000000024007
:10E90000000C00404C21014030E3002040640240F4
:10E910002D99020838D10308580A002070B5044622
:10E920000D460D4805600D48047000200EF0E4FC13
:10E930000B490860002221464320FDF714FB00200C
:10E940000CF0A0F8064908600021064819F058FCB0
:10E950000549086070BD00006403002074030020B6
:10E960007803002014B8030870030020024602B1A7
:10E9700011B96FF0040070470748807A00F0010079
:10E9800038B90548026041600020034B188101201E
:10E9900098720020EFE70000F83F012030B585B005
:10E9A00005461848006840F480401649086016483B
:10E9B000006840F400001449086002200190002023
:10E9C0000290032003900B200490104C09E0206873
:10E9D000F9F72EFCA088009069462068FDF730F911
:10E9E00008340A4848308442F1D1094800210160C6
:10E9F000416081600560012005490871002005B073
:10EA000030BD0000443802400438014068D9030892
:10EA10000440012030B503460B4C20782478641C58
:10EA2000094D2C70094C04EB00142360074C04EBD7
:10EA300000146360054C04EB0014A160034C04EB6C
:10EA40000014227330BD0000AC0900208CDF0020D0
:10EA500001460348405C034A525C801AC0B27047CA
:10EA6000590100205801002002480349401AC0B251
:10EA7000704700005B0100205A0100200146034856
:10EA8000405C034A525C801AC0B2704755010020B6
:10EA90005401002001460348405C034A525C801A3E
:10EAA000C0B27047570100205601002001460348BC
:10EAB000405C034A525C801AC0B270475D0100207E
:10EAC0005C0100200146044850F8210008B90020EC
:10EAD00070470120FCE70000EC0000202DE9F8431E
:10EAE00005460F4690469946089E012D04D0042DF8
:10EAF0000DD0052D16D10BE04B464246394628462F
:10EB0000009605F0EDFC04462046BDE8F88300BF02
:10EB10004B46424639462846009605F0ABFF044670
:10EB20002046F2E7B5F57A7F09DD4B464246394685
:10EB30002846009605F0F8FE04462046E5E76FF00B
:10EB400001042046E1E700002DE9FC410546884626
:10EB500017461E463E2D5BD1022F05D0042007F03C
:10EB6000B9F80120BDE8FC813088544908800020B4
:10EB7000534B3246014600905048008805F056FD40
:10EB8000044654B1E01C18B90C2007F0A3F802E0C9
:10EB9000032007F09FF80120E4E70120494908809D
:10EBA00047480068B0F5707F09D94FF47070019044
:10EBB00043480068A0F570704149086005E040488E
:10EBC0000068019000203E490860032001AB3E4AE6
:10EBD00000903C4801883948008805F027FD04462C
:10EBE00038480088401C3749088054B1E01C18B9E7
:10EBF0000C2007F06FF802E0032007F06BF801200B
:10EC0000B0E74146019800B206F0AAFF0020A9E74C
:10EC1000232D50D12B480088042801D12949088090
:10EC20002748006878B9022001AB274A00902548A0
:10EC3000018822480088FFF751FF0446112007F0A1
:10EC4000EBF800208EE71E480068B0F5707F09D908
:10EC50004FF4707001901A480068A0F57070184960
:10EC6000086005E01648006801900020144908601B
:10EC7000032001AB144A0090124801880F48008815
:10EC800005F0D4FC04460F480088401C0D4908805C
:10EC900054B1E01C18B90C2007F01CF802E0032066
:10ECA00007F018F801205DE74146019800B206F030
:10ECB00057FF002056E7002054E70000BC03002067
:10ECC0009003002094030020541A00202DE9F04105
:10ECD00005460C4616461F4622462821024806F0E5
:10ECE00005FEBDE8F0810000C0DC00202DE9F04108
:10ECF00006460C4615461F462DB1042006F0EAFFD5
:10ED00000120BDE8F08122464B21024806F0EEFDCD
:10ED10000020F6E780DD00202DE9F04106460C4694
:10ED200015461F462DB1042006F0D4FF0120BDE892
:10ED3000F08122461921024806F0D8FD0020F6E7AE
:10ED4000CBDD00202DE9FC410546884617461E46CE
:10ED50003E2D64D1022F05D0042006F0BBFF012018
:10ED6000BDE8FC813088614908800020604B324654
:10ED7000014600905D480088FFF7B0FE044654B19C
:10ED8000E01C18B90C2006F0A5FF02E0032006F0F5
:10ED9000A1FF0120E4E70020564908600120564900
:10EDA000088053480068B0F5707F09D94FF470703F
:10EDB00001904F480068A0F570704D49086005E06B
:10EDC0004B4800680190002049490860032001ABCE
:10EDD0004A4A00904848018844480088FFF77EFE70
:10EDE0000446444800680199084442490860424882
:10EDF0000088401C4049088054B1E01C18B90C2020
:10EE000006F068FF02E0032006F064FF0120A7E798
:10EE10004146019800B206F0A3FE0020A0E7232D92
:10EE200062D135480088042801D133490880304830
:10EE30000068334908602E48006878B9022001ABA9
:10EE40002E4A00902C48018828480088FFF746FE8B
:10EE50000446112006F0E0FF002081E72448006806
:10EE6000B0F5707F09D94FF47070019020480068A8
:10EE7000A0F570701E49086005E01D48006801900B
:10EE800000201B4908601A4800681E4908600320DA
:10EE900001AB1A4A00901848018814480088FFF70F
:10EEA0001DFE044614480088174908601148006890
:10EEB000019908440F4908600F480088401C0E491A
:10EEC000088054B1E01C18B90C2006F003FF02E0E2
:10EED000032006F0FFFE012042E74146019800B200
:10EEE00006F03EFE00203BE7002039E7BC0300208F
:10EEF00090030020AC03002094030020541A00204B
:10EF0000B4030020B8030020B00300202DE9F04135
:10EF100006460C4615461F462DB1042006F0DAFEC3
:10EF20000120BDE8F08122460621024806F0DEFC01
:10EF30000020F6E7510800202DE9F04106460C4676
:10EF400015461F462DB1042006F0C4FE0120BDE881
:10EF5000F08122460C21024806F0C8FC0020F6E7AA
:10EF600074DD00202DE9F04105460C4616461F468B
:10EF700007480068074908600548D0F80500486060
:10EF80002146082006F0ECFD0020BDE8F0810000DD
:10EF9000080D0020541A00202DE9F04105460F46C7
:10EFA00090461E463E2D02D130880E4908800D48FD
:10EFB0000088012802D0032810D107E033464246DA
:10EFC0003946284600F010F8044607E0334642462A
:10EFD0003946284600F0F8F8044600BF00BF204636
:10EFE000BDE8F081D00300202DE9FC47804689462A
:10EFF00014461D464FF0FF36B8F13E0F2AD12F467A
:10F000003D4638886949088078681030684908604A
:10F01000012068490880224629466748F1F7A3FB8A
:10F0200066480460664804800194002001AB2A46CB
:10F03000014600905D48008812F05AFF06461EB94E
:10F04000112006F0E9FE02E0032006F043FE002056
:10F05000BDE8FC8724B9112006F0DEFE0020F7E7AA
:10F060005549574A1288881822462946F1F77BFBF2
:10F0700052480068204451490860514800882044A3
:10F080004F4908804D48006849490968884233D093
:10F090004B480088FF2804DC112006F0BDFE00204C
:10F0A000D6E74FF480700190042001AB424A0090F3
:10F0B000404801883D48008812F01AFF06463D4846
:10F0C0000088401C3B4908803D480088A0F58072BC
:10F0D0003C493948F1F747FB39480088A0F5807072
:10F0E000374908801EB9112006F096FE02E0032081
:10F0F00006F0F0FD0020ABE731480088B0F5807FD6
:10F1000020DD4FF480700190042001AB2A4A00906A
:10F11000284801882548008812F0EAFE064628485B
:10F120000088A0F58070019004200090214800889C
:10F13000401C81B201AB234A1C48008812F0D8FE63
:10F1400006460DE01E4800880190042001AB1A4AD3
:10F150000090184801881548008812F0C9FE06463C
:10F1600026B1032006F0B6FD012071E7144800889F
:10F170000190022001AB104A00900E4801880B4814
:10F18000008812F0B5FE06465EB106F10A0018B915
:10F19000022006F09FFD02E0032006F09BFD012007
:10F1A00056E7112006F038FE002051E796030020B4
:10F1B0009003002094030020541A0020980300209C
:10F1C0009C030020541B00202DE9FC478046894603
:10F1D00014461D464FF0FF3677480068401C7649BC
:10F1E0000860B8F13E0F3BD174480068744908606C
:10F1F0002F463D4638887349088078681030724938
:10F200000860012071490880224629467048F1F7BC
:10F21000AAFA70480460704804806B480068019046
:10F22000002001AB2A46014600906648008813F092
:10F2300049FF06461EB9112006F0EEFD02E003204C
:10F2400006F048FD5D4800686449086008460068AB
:10F250005B490968401A624908600020BDE8FC87E4
:10F2600024B9112006F0D8FD0020F7E758495A4A82
:10F270001288881822462946F1F775FA5548006821
:10F28000204454490860544800882044524908806A
:10F29000504800684C490968884233D04E4800887D
:10F2A000FF2804DC112006F0B7FD0020D6E74FF45C
:10F2B00080700190032001AB454A009043480188CB
:10F2C0004048008813F0FEFE064640480088401C77
:10F2D0003E49088040480088A0F5807241493C487A
:10F2E000F1F741FA3C480088A0F580703A4908805F
:10F2F0001EB9112006F090FD02E0032006F0EAFCA2
:10F300000020ABE734480088B0F5807F20DD4FF463
:10F3100080700190032001AB2D4A00902B4801889A
:10F320002848008813F0CEFE06462B480088A0F53A
:10F33000807001900320009024480088401C81B216
:10F3400001AB284A1F48008813F0BCFE06460DE0BA
:10F35000214800880190032001AB1D4A00901B4802
:10F3600001881848008813F0ADFE064626B1032038
:10F3700006F0B0FC012071E71748008801900420D6
:10F3800001AB134A0090114801880E48008813F021
:10F3900099FE06465EB106F10A0018B9022006F091
:10F3A00099FC02E0032006F095FC012056E71120AD
:10F3B00006F032FD002051E7CC030020A809002010
:10F3C000C003002096030020900300209403002037
:10F3D000541A0020980300209C030020C40300203E
:10F3E000C8030020541B00200EB56BE04FF4C87119
:10F3F000002018F0F9FE8DE8070005F039FD0098AF
:10F40000402802D1FBF7C4F85BE0019C04F0010046
:10F41000F8B12D48007870B94FF4FA7018F010FE6A
:10F420002A490868102118F0D3FE022028490860F4
:10F4300005F032FE0DE003212648006818F01AFF9F
:10F4400004F00AFA05466FF001012248006818F03E
:10F4500011FF04F0020098B103211E48006818F063
:10F4600009FF09F075FA054615B901201A49087017
:10F470006FF001011748006818F0FCFE05B121E0AB
:10F4800004F0040098B103211248006818F0F2FE5D
:10F4900009F038FA054615B900200F4908706FF0D9
:10F4A00001010C48006818F0E5FE05B10AE004F01F
:10F4B000080008B109F00EFF04F0100008B109F0CF
:10F4C0000BFA00BF92E70000380000202C0100205A
:10F4D000E400002008000020390000202DE9F0475A
:10F4E00006468946174638E19E48006800287DD1C7
:10F4F00000BF9D4800689D4908603078682801D0A9
:10F50000BDE8F08770789A49086008460068801C5A
:10F51000484519D1C7EB071101EB8101954A02EB70
:10F5200081004A463146F1F71EF9C7EB071101EB9E
:10F530008101904A02EB81003A46494600F022F9E7
:10F5400000208D490860DBE789480068801C484539
:10F5500014D9C7EB071101EB8101864A02EB810048
:10F560004A463146F1F7FFF801207E49086082489B
:10F57000C0F80090006881490860C1E77C480068D5
:10F58000851C4C464FF0000822E006EB0801C7EB53
:10F59000071202EB8202774B03EB82002A46F1F757
:10F5A000E2F8A9B2C7EB071202EB8202714B03EB40
:10F5B00082003A4600F0E6F8641B002C08DDA844FF
:10F5C00008F10100305C6A49086008460068851C43
:10F5D000AC42DADAB4B106EB0801C7EB071202EB72
:10F5E0008202644B03EB8200224600E010E0F1F758
:10F5F000BAF8614804600068604908600120594910
:10F60000086004E00020574908605B490860A5E0F5
:10F61000554800685A490860084600685349096817
:10F62000401AB0F57A7F07D900204E490860524948
:10F630000860524908605CE74F480068012803D120
:10F6400030784B49086009E0C7EB071000EB8000F9
:10F65000484901EB80004078454908604648006809
:10F6600000EB090142480068801C814217D2C7EBB9
:10F67000071101EB81013F4A02EB81013F4A126809
:10F6800088184A463146F1F76EF83B48006848440E
:10F6900039490860084600683849086030E734484E
:10F6A0000068851C3448006809EB00044FF000082E
:10F6B00033E0324B1B68EA1A06EB0801C7EB07136D
:10F6C00003EB8303DFF8ACC00CEB8303DFF8ACC0C3
:10F6D000DCF800C003EB0C00F1F745F8A9B2C7EB6A
:10F6E000071202EB8202234B03EB82003A4600F042
:10F6F00049F8641B002C10DD08EB05001F49096860
:10F70000A0EB010808F10100305C194908600846C7
:10F710000068851C002019490860AC42C9DAB4B100
:10F7200006EB0801154A1268C2EB021202EB8202D4
:10F73000104B03EB82004A46F1F715F80120094906
:10F7400008600D48046000680C49086006E000206D
:10F750000449086008490860D2E6C5E600BF00BF5A
:10F76000CEE600008C010020A80900209C010020AA
:10F7700090010020D449001094010020980100203D
:10F78000A00100202DE9FC4105460F461446A8784B
:10F7900000F0010008B9492607E0A87800F003004E
:10F7A000012801D1532600E05526492E3AD0532E88
:10F7B00027D0552E24D1A878072806D0132817D093
:10F7C000432809D083281AD10DE0E44951F82400D8
:10F7D000012118F0FDFC12E0E04951F82400042159
:10F7E00018F0F6FC0BE00020DD4941F8240006E0AB
:10F7F000DA4951F82400022118F0EAFC00BF00BFEA
:10F80000A8E1A888D74921F81400084630F8140068
:10F81000D54931F81410884203D10020D34941F86A
:10F82000240097E1A888CF4921F81400084630F851
:10F830001400CD4931F81410884203D10020CB497F
:10F8400041F824006889CA490988884211D068892A
:10F850004FF6FF7188420CD0C649085D09F070F878
:10F86000C54951F82400102118F0B2FC0620C34904
:10F870000860C34830F81400801CC14921F8140006
:10F88000A879792873D00EDC642871D006DC2D2885
:10F8900011D032286FD0332868D1B7E0672869D0FB
:10F8A0007828F9D147E17A3805285FD2DFE800F0FF
:10F8B000F1F0EFEEED00287A04EB4401B14A02EBDF
:10F8C0004111B14A125D02EB420201EB42010871A3
:10F8D000E87B00F08000C8B104EB4400A94901EBCB
:10F8E0004010A949095D01EB410100EB410000799D
:10F8F00040F0800004EB4401A24A02EB4111A24A0D
:10F90000125D02EB420201EB42010871E86820F04F
:10F910007F4004EB44019B4A02EB41119A4A125D7D
:10F9200002EB420201EB42010860E87B00F00100BB
:10F9300004EB4401934A02EB4111934A125D02EB3E
:10F94000420201EB420148718F48005D401C8E4924
:10F9500008550846005D102801DB002008557F4946
:10F9600051F824004FF4006118F032FCF0E0E3E0BD
:10F9700087E000E0B9E0287A04EB8401834A02EBD7
:10F980004111834A125D02EB820201EB42010871D0
:10F99000E86820F07F4004EB84017C4A02EB4111CF
:10F9A0007B4A125D02EB820201EB42010860D5F84E
:10F9B0000F8004EB8400754901EB40107449095D28
:10F9C00001EB810100EB4100C0F80580E87C04EB0D
:10F9D00084016E4A02EB41116D4A125D02EB820214
:10F9E00001EB420148726A48005D401C68490855B5
:10F9F0000846005D102801DB00200855574951F8E2
:10FA000024004FF4005118F0E3FBA1E0287A04EB46
:10FA1000C401604A02EB01115F4A125D02EBC202AF
:10FA200011440871E86820F07F4004EBC401594A92
:10FA300002EB0111584A125D02EBC2021144086048
:10FA4000D5F80F0004EBC401524A02EB0111524AEF
:10FA5000125D02EBC2021144C1F805004E48005D80
:10FA6000401C4D4908550846005D102801DB002068
:10FA700008553A4951F824004FF4804118F0A8FB8A
:10FA800066E0E87B142805DA62E05AE058E056E0C8
:10FA900054E052E0287A062815D100203F49085545
:10FAA0003F4850F82400E97B143901228A40104372
:10FAB0003B4941F82400084650F8240001280CD1A5
:10FAC0003849087009E0012034490855E87B1438AA
:10FAD00001218140344840F82410204951F8240085
:10FAE0004FF4807118F074FB32E0287A06280CD0AD
:10FAF0002049085D08F024FF1F4951F82400102117
:10FB000018F066FB07201D490860284905F10F0021
:10FB10000AF05DF8254801680091406801460190AF
:10FB2000009819F031FE0D4951F824004FF480611E
:10FB300018F04EFB0CE000BF00BF00BF00BF00BFCD
:10FB400000BFB81F81B22246A81D00F035F900BFE2
:10FB500000BF00BF00BFBDE8FC8100002001002005
:10FB60008401002088010020700100207C01002019
:10FB7000E60100207801002024010020E40000209C
:10FB800072010020004B001043010020604B001068
:10FB900045010020004C001047010020A401002076
:10FBA000A801002042010020AC010020EC0100204F
:10FBB0008AB018F047FB6D49086000216C4818F0C6
:10FBC0001FFB81466B48C0F80090CDE00022012168
:10FBD000084619F0A1FE06460120029002AA022161
:10FBE000304615F001FC02AA0121304615F0FCFB5D
:10FBF00004466148008800BA000CADF80E000120F0
:10FC0000ADF80C0000200490102203A9304614F037
:10FC1000C9FF04460121304615F068FD044600275F
:10FC200014E000221146304614F0AEFD0546002DCA
:10FC300000DD0CE00A2018F003FA7F1C44F6206077
:10FC4000874203D9FF204D49086062E0E9E700BF21
:10FC50000AE0304615F020F90446201D18B90120AD
:10FC600018F0EEF900E000E0F3E700BF2E4644484C
:10FC70000660002043490860434908600120434969
:10FC800008701F200123324600900020014603F037
:10FC9000D1F900203E4908603E4908603E4908808D
:10FCA0003E4908803E49088030E00021084618F0AF
:10FCB0009BFA07AB07C3DDF8208008F0100000B105
:10FCC00025E0012340F2DC523649304618F0A5FB0E
:10FCD0000446201D18B9012018F0B2F916E0002CD6
:10FCE0000EDC3149087808F02BFE00202A490880F4
:10FCF0002E4800782E49087009202049086006E047
:10FD0000A1B200222748FFF7E9FB00BFCDE700BF03
:10FD100000BF1DE02548007825490870304615F0E1
:10FD2000BBF80446201D08B1E01D18B9012018F0E9
:10FD300087F90DE011480068FF2808D01F20002334
:10FD400000900E4802681846194603F073F900E067
:10FD5000E0E700BF00200A4908600C490870154917
:10FD60000870642018F06CF930E700002C010020C6
:10FD700078B703082001002050010020E400002093
:10FD8000EC000020A8010020AC01002008010020A8
:10FD90007C010020840100207001002072010020FD
:10FDA0008801002070000010780100204C01002024
:10FDB0004B010020420100202DE9F0410546884614
:10FDC000144628787838062877D2DFE800F0C5FE98
:10FDD00003F0EFEEA87805280AD1FE4921F81400B7
:10FDE000FD4951F824004FF4007118F0F1F9B2E028
:10FDF000287B00F00F00012804D002286AD00628D2
:10FE00007BD187E000262FE0F44800EB0610008845
:10FE1000B5F80910884226D1F04800EB0610007BA7
:10FE2000611C0840F8B1ED4800EB06108078EC4901
:10FE300008550120E94901EB0611C881E74800EBAC
:10FE400006100088E74921F81400E44800EB06108A
:10FE50000088E54921F814000020E44908550120F4
:10FE6000E349085504E0761CE24800888642CBDB73
:10FE700000BFE0480088864210D1B5F80900DA4991
:10FE800021F814002020DC4921F81400D24951F84F
:10FE900024004FF4004118F09BF91AE0D048005DAF
:10FEA00060B92220D44921F81400CB4951F824002C
:10FEB0004FF4004118F08CF90BE0CFE10120CE495E
:10FEC00021F81400C44951F824004FF4004118F0FF
:10FED0007FF93FE0C34830F81400B5F809108842B4
:10FEE0000CD10220C44921F81400BB4951F8240068
:10FEF0004FF4004118F06CF90BE02AE02220BE49D3
:10FF000021F81400B44951F824004FF4004118F0CE
:10FF10005FF91FE0B34830F81400B5F809108842C3
:10FF20000BD10420B44921F81400AB4951F8240046
:10FF30004FF4004118F04CF90AE08020AE4921F856
:10FF40001400A54951F824004FF4004118F040F97D
:10FF500000E000BF00BF81E10020A8490860A87848
:10FF60000D2801D0BDE8F081A888A54909888842FC
:10FF700000D0F7E7B5F80900A24921F81400D5F838
:10FF80000B0020F07F40A04941F8240000209F4949
:10FF900008550CB9012700E000279D48C05D40B11D
:10FFA00022209C4921F8140008E037E0E1E08CE0D1
:10FFB0000BE04FF48060974921F81400864951F80E
:10FFC0002400802118F004F948E1A8780D2800D019
:10FFD000C8E7A8888A490988884200D0C2E7E87A39
:10FFE0008D490855E86820F07F408C4941F824008D
:10FFF00000208B4908608B4908608B4941F8240038
:020000040802F0
:100000008A4908554FF40060824921F8140072496A
:1000100051F82400802118F0DBF81FE180480068C7
:10002000401C7F490860A8780D2800D09AE7A8886E
:1000300073490988884200D094E7B5F809007149EE
:1000400031F81410884200D08CE7E87A7249095DD3
:10005000884200D086E7764830F91400401C00B989
:1000600080E7002628E0704850F82400B0F5006FC3
:1000700000D377E706F10D00285C6E4951F8241093
:10008000694A52F8242088546848015D06F10D0041
:10009000285C0844654908555C48015D06F10D007F
:1000A000285C0844594908555F4850F82400401C12
:1000B0005D4941F82400761C287BB042D3DC5948C6
:1000C0000068401C57490860C8E04C480068401C64
:1000D0004A490860A8780D2800D043E7A888484915
:1000E0000988884200D03DE7B5F80900454931F854
:1000F0001410884200D035E7E87A4749095D884204
:1001000000D02FE74A4830F91400401C00B929E715
:10011000287B032819D14548005D697B884200D0BF
:1001200020E7414850F824003C4951F82410884207
:1001300000D017E70820374921F81400264951F864
:100140002400802118F044F812E0287B01280FD108
:100150002E48005D697B884200D003E710202D49BE
:1001600021F814001C4951F82400802118F030F8BF
:1001700074E0A8780D2800D0F4E6A8882049098802
:10018000884200D0EEE6B5F80900174931F814109E
:10019000884200D0E6E6287B00F00F00032816D145
:1001A000E87A254951F82410884200D0DAE6104850
:1001B000005D401C0E49085502200F4921F814002B
:1001C000054951F824004FF4004118F001F8287B4C
:1001D00034E0000040010020200100200000001059
:1001E000B4010020B6010020BE010020DD01002086
:1001F000D9010020E8010020B2010020FC0100200C
:10020000E6010020B8010020D0010020DB01002021
:1002100009010020B0010020D8010020D4010020F5
:10022000180100201C01002060010020DA010020DC
:10023000BA01002068010020C401002000F00F0076
:1002400001280AD12120074921F81400064951F854
:1002500024004FF4004117F0BBFF00BF00BF00BFF8
:1002600080E60000B20100202001002002464FF489
:100270008040106040110860012070477047000006
:1002800070B504460D46164627480460032C41D33A
:10029000832C0BD26A02E01E4FF4781303EB40214B
:1002A00033460320F9F73CFF012070BDB4F5817F90
:1002B0000CD86A02A4F183004FF4741303EB4021BD
:1002C00033460320F9F72CFF0120EEE717480068BA
:1002D000801E032101EBC010154908600846006824
:1002E000844211D313480068401C124908606A0216
:1002F0000F480068201A4FF4803303EB4021334647
:100300000320F9F70DFF0CE06A020B493046F0F7C5
:100310002AFA06E06A02094800EB44213046F0F769
:1003200022FA0120C1E70000DC030020D8030020EE
:10033000D4030020E003002028BE030828B80308E7
:100340007FB5474C47480068474908604748006800
:100350004749086047480068C1F80500434880687D
:10036000C1F80A0043488068C1F837003E48006879
:10037000C1F80F0040480068C1F841003F480068DC
:10038000000E4861084640693D49096808433849FC
:1003900048613C480068C1F8190002A8FBF722FB3D
:1003A00036480068012808D0012000903048012319
:1003B0004269DDE9020102F03DFE3348007818B1E0
:1003C0004FF4807006F08EFB3048007818B14FF47F
:1003D000007006F087FB2E48006810B9022006F076
:1003E00081FB2C48006818B94FF4005006F07AFBE6
:1003F0002948007818B94FF4804006F073FB27486D
:10040000007818B14FF4004006F06CFB24480078E7
:1004100010B9402006F066FB2248007818B94FF466
:10042000806006F05FFB12492068C1F81E0060681A
:10043000C1F82300A06888620C484068C1F82D000C
:100440000C484068C1F832000848C068C863044DD1
:10045000123528881449088000F028F87FBD000074
:10046000107AFF1F04C000087408002044DD00203B
:1004700080DD002054DD00206C0800202C000020CE
:100480004008002028000020340800203508002003
:1004900014000020180000200C030020240000207D
:1004A00068080020690800203C0800200449054A2B
:1004B00012680A600448024A0168C2F805107047D1
:1004C000CBDD00203A000020F07F00081FB508F0C7
:1004D00003FB0646B61C4EE0322017F0B1FD642146
:1004E000002017F081FE01AB07C30198402828D1F6
:1004F0002148006820B321480078A8B908F0ECFA38
:100500000446B44223D36846FBF78AFA054605B988
:1005100031E02846009912F0B7FB01201849086025
:1005200015480068261812E008F0D6FA0446154867
:10053000006800F57A70844209D300200F490870E2
:1005400005E0029F07F0010008B1F7F753FD0E48E0
:10055000007838B100200C490870F7F74BFD3220C5
:1005600017F06EFD0948007820B100200749087097
:10057000F7F7E0FC00BFAFE7100A0020F509002004
:10058000F4040020F8090020180A0020190A0020AD
:100590002DE9F04104460E46072E03D24FF0FF30FE
:1005A000BDE8F081608810B16FF00100F8E7A7881E
:1005B000384604F065FC0746B01FB84202D06FF021
:1005C0000200EDE7134821680160A1888180A179CC
:1005D0008171F01FC1B20F4AD21DE01D00F020F85A
:1005E000054665B1691C88B204F04AFC0949888057
:1005F000E81D82B20848006805F054FC80460748B0
:10060000007828B14FF47A7017F01AFD04F044FD19
:100610004046C5E7A4EE0020F00A0020CB0A0020E7
:100620002DE9F74F2DED028B94B00746154638782B
:100630002870387810287CD008DC01280DD00328D9
:1006400078D0042877D0062876D1B9E3412874D031
:10065000422873D06428F7D1FEE31798052805DAFD
:10066000002014B0BDEC028BBDE8FE8FB7F801008E
:1006700004F006FC8146B7F8030004F001FC0646CE
:1006800000241AE004EB8400FE4931F8200004EB5A
:100690008401FC4A02EB81014988084480B212902F
:1006A00004EB8400114631F82000484503DC129821
:1006B000814500DA05E0601C84B2F348007884428A
:1006C000E0DB00BF04F0FF08EF480078804503D16D
:1006D0000220EE49087016E004EB8400E94931F885
:1006E000200004EB8401E74A02EB810149880844B9
:1006F00009EB0601884203DA0320E449087002E0AE
:100700000020E2490870E148007800287ED1E048E6
:10071000007800287BD03046F11706EB5171C1F309
:10072000C70BF11706EB5171C910A6EBC10151B10E
:1007300005E0FDE384E084E0FBE3FBE3FBE30BF196
:10074000010000F0FF0B85F801B004EB8400CD49F7
:1007500001EB8000C068CF49086008460068C01CF3
:10076000B8BB41464846F1F7D5F9CB4908600020AF
:100770001190A8701390002426E0C7480068005D1F
:1007800000F001000B90A81C1199415C9DF84C20D1
:100790000B9890400143CAB2A81C119942549DF88D
:1007A0004C00072809D11198401C1190002013908B
:1007B0000022A81C1199425404E09DF84C00401CF2
:1007C000C0B21390601C84B2B442D6DB0BF1020AB3
:1007D00033E0FFE713AA41464846F1F77DF9AF49F8
:1007E000086000241FE0AD480068005D9DF84C10D3
:1007F0000841A91C08559DF84C0090B1A848006814
:1008000000EB440080789DF84C1001E014E00FE00C
:10081000C1F108018840A91C095D0843C1B2A81CA8
:100820000155601C84B25C45DDDB0BF1020A04E07B
:10083000062096490870BEE2FDE70AF0FF0010E7C7
:1008400000BF1798052801DA00200AE7B7F8010071
:1008500004F016FB8146B7F8030004F011FB0646CE
:100860007D2E03DD0320894908708AE0387804284A
:1008700043D100241AE004EB84008A4931F82000B7
:1008800004EB8401874A02EB81014988084480B265
:10089000129004EB8400114631F82000484503DC37
:1008A0001298814500DA05E0601C84B27E48007829
:1008B0008442E0DB00BF04F0FF087B4800788045FD
:1008C00003D10220714908705AE004EB8400754995
:1008D00031F8200004EB8401724A02EB810149885F
:1008E000084409EB0601884203DA032067490870CF
:1008F00046E000206549087042E000241AE004EB5D
:1009000084006A4931F8200004EB8401674A02EB55
:1009100081014988084480B2129004EB840011469A
:1009200031F82000484503DC1298814500DA05E0E3
:10093000601C84B25E4800788442E0DB00BF04F0B3
:10094000FF085B480078804503D102204F490870BA
:1009500016E004EB8400554931F8200004EB8401D3
:10096000524A02EB81014988084409EB060188429A
:1009700003DA03204549087002E00020434908706B
:1009800000BF4248007800287AD14148007800280A
:1009900077D070064FEA106B3878032808D108EB3F
:1009A0008800424901EB8000C0683A49086007E0CE
:1009B00008EB88003B4901EB8000C06835490860BE
:1009C000B8F1050F04D13B480078401C3949087044
:1009D0003048006809900998401D062870D2DFE869
:1009E00000F0FEFDAE8125033878032806D141468C
:1009F0004846F1F7A3F82A49086005E04146484611
:100A0000F1F7C4F82649086085F801B000240AE02F
:100A10002349096831F8140004F032FAA91C21F8BE
:100A20001400601C84B2B442F2DBBAE1414648468D
:100A3000F1F7EAF82049086085F801B000244BE09E
:100A400004EB84001C49096808440079C00938B9DE
:100A500004EB84001849096808440068109003E01A
:100A60009FED160A8DED100ABDF840000F900F980B
:100A700004F006FAA91C21F82400BDF8420020E089
:100A80009AE195E130E60020730A0020700A002008
:100A9000810A0020940A0020880A0020840A00208D
:100AA0008C0A002000E40020710A0020CCE5002020
:100AB000720A0020900A0020780A0020FFFF7F7F42
:100AC00000E10F900F9804F0DBF9A91C042202FB4F
:100AD00004114880601C84B206EBD671B4EB610F40
:100AE000AEDB5EE141464846F1F764F8F54908603F
:100AF00085F801B000241CE004EB8400F14909688A
:100B0000084400680E90BDF838000F900F9804F06C
:100B1000B7F9A91C21F82400BDF83A000F900F98EE
:100B200004F0AEF9A91C042202FB04114880601CE9
:100B300084B206EBD671B4EB610FDDDB31E14146E7
:100B40004846F1F761F8E049086085F801B00024F3
:100B500029E004EB8400DC49096808440079C009F5
:100B600038B904EB8400D84909680844006810903B
:100B700003E01FED2E0A8DED100ABDF840000F9026
:100B80000F9804F07DF9A91C21F82400BDF842005B
:100B90000F900F9804F074F9A91C042202FB0411B1
:100BA0004880601C84B206EBD6714910891EA142B0
:100BB000CFDC04EB8400C449096808440D9007F0B9
:100BC0008BFF0E900D9800880F900F9804F058F945
:100BD000A91C21F82400BDF8360001E00AE040E03D
:100BE0000F900F9804F04CF9A91C042202FB041189
:100BF0004880D6E001AA41464846F0F7F3FF089046
:100C000085F801B0002429E004A90898FAF7A9FBA7
:100C10000390002002901BE0BDF8040058B904AA1C
:100C2000029932F8110004F02BF9A91C21F81400E4
:100C3000601C84B204E0BDF80400401E80B2019044
:100C40000298401C80B202900398401E80B203902C
:100C500003980028E0D108980C300890B442D3DB08
:100C60009FE041464846F0F7CFFF9849086085F875
:100C700001B0002420E09548006890ED000A8DED59
:100C8000100ABDF840000F900F9804F0F9F8A91C65
:100C900021F82400BDF842000F900F9804F0F0F8FE
:100CA000A91C042202FB0411488088480068001D2A
:100CB00086490860601C84B206EBD671B4EB610F04
:100CC000D9DB6EE0387803280CD141464846F0F76E
:100CD00049FF7E49086041464846F0F7ADFF7C4930
:100CE00008600BE041464846F0F78EFF7749086000
:100CF00041464846F0F7B4FF7549086085F801B0F1
:100D000000244AE07148006890ED000A8DED100A59
:100D10009DED100A5FED970AB4EE600AF1EE10FA4D
:100D200027D06B480068408800EE100AB8EE400AF1
:100D3000DDED100A30EE200A8DED100A64480068DF
:100D4000008800B20C900C9817F034FBDDED100A0F
:100D500020EE200A8DED100A9DED100AF6EE000A35
:100D600030EE200ABCEEC00A10EE100A80B20F90DE
:100D700002E04FF6FF700F9054480068001D534981
:100D8000086053480068001D514908600F9804F03E
:100D900077F8A91C21F8140001E0B442B2DB00BFCF
:100DA00000BF00BF022000EB46001FFA80FA04E0FB
:100DB00006204849087057E256E20AF0FF0050E466
:100DC00097F805A01798062801DA002049E4B7F83B
:100DD000010004F055F88146012600241AE004EBD6
:100DE00084003D4931F8200004EB84013A4A02EBCB
:100DF00081014988084480B2129004EB84001146B6
:100E000031F82000484503DC1298814500DA05E0FE
:100E1000601C84B2314800788442E0DB00BF04F0FB
:100E2000FF082E480078804503D102202949087028
:100E300002E00020274908702648007800287BD16E
:100E400027480078E8B308EB8800234901EB8000CD
:100E5000C0681F49086000E0F8E108460068A8B9CA
:100E600041464846F0F76AFE1E49086000240AE041
:100E70006100891D785A04F003F81A49096821F8BD
:100E80001400601C84B2B442F2DB7FE04146484665
:100E9000F0F768FE0D49086041464846F0F7CCFE81
:100EA0000B49086008EB88000B4901EB8000008AC1
:100EB00028B141464846F0F741FE0A49086000243F
:100EC00062E078E07C0A0020780A0020740A0020A2
:100ED000940A0020700A0020CCE50020720A00204D
:100EE000810A00208C0A002008EB8800E44901EB0D
:100EF0008000008A40B16100891D785A03F0C0FF6C
:100F0000E049096821F814006100891D785A03F04E
:100F1000B7FF00EE100AB8EE400A8DED100ADA486D
:100F20000068008800B20C900C98404200B204E0C7
:100F300046E093E15BE170E141E017F03BFADDED63
:100F4000100A20EE200A8DED100ACF480068408874
:100F500000EE100AB8EE408A9DED100A30EE480A05
:100F60008DED100A9DED100AC848006880ED000A5A
:100F7000C6480068001DC5490860C3480068001DD8
:100F8000C1490860601C84B2B442ADDBC04800684F
:100F900020B131464846BE4A12689047484603F0A1
:100FA0006FFFA5F80100304603F06AFFA5F80300C3
:100FB0004FF0050A03E00620B649087054E100BF6F
:100FC00097F805A01798062801DA002037E417984B
:100FD000801F504501DA002031E4B7F8010003F02A
:100FE0004FFF8146B7F8030003F04AFF06467D2E07
:100FF00003DD0320A749087043E000241AE004EB56
:1010000084009F4931F8200004EB84019C4A02EBE4
:1010100081014988084480B2129004EB8400114693
:1010200031F82000484503DC1298814500DA05E0DC
:10103000601C84B2984800788442E0DB00BF04F072
:10104000FF0895480078804503D102209149087037
:1010500016E008EB88008A4931F8200008EB880187
:10106000874A02EB81014988084409EB060188425E
:1010700003DA03208749087002E0002085490870E0
:1010800000BF84480078E8BB84480078D8B308EBF8
:1010900088007B4901EB8000C0687B4908600846F6
:1010A0000068A8B941464846F0F748FD7549086010
:1010B00000240AE06100891D785A03F0E1FE7149BD
:1010C000096821F81400601C84B2B442F2DB71E0BC
:1010D0006D480068401CE8B341464846F0F742FDC1
:1010E0006A49086041464846F0F7A6FD664908602F
:1010F00008EB8800624901EB8000008A40B141465C
:10110000484601E06FE06AE0F0F718FD5D490860CD
:1011100000244DE008EB8800594901EB8000008A6B
:1011200040B16100891D785A03F0AAFE554909684B
:1011300021F814006100891D785A03F0A1FE00EE29
:10114000100AB8EE400A8DED100A4F48006800887A
:1011500000B200E02EE00C900C98404200B217F074
:1011600029F9DDED100A20EE200A8DED100A46481F
:101170000068408800EE100AB8EE400AB0EE408ADF
:101180009DED100A30EE480A8DED100A9DED100A13
:101190003E48006880ED000A3C480068001D3B495D
:1011A000086039480068001D37490860601C84B237
:1011B000B442AFDB3648006820B131464846344A75
:1011C00012689047484603F05BFEA5F801003046E0
:1011D00003F056FEA5F803004FF0050A04E00620D0
:1011E0002C49087040E03FE00AF0FF00E7E517985F
:1011F00006280ED10AAA2946384600F071FD254975
:1012000008700846007818B99DF828A05046D6E521
:1012100028E003201F49087024E02149179808702E
:101220000846007807280DDB0A462946384600F0B4
:1012300097FE184908700846007830B94FF0070A41
:101240005046BCE50320134908700BE02946384698
:10125000144A126890474FF03C0A03E001200D4900
:10126000087000BF00BF00BF287840F080002870E1
:101270000848007868704FF0020A50469FE5000069
:10128000CCE500208C0A0020940A0020740A00207B
:101290009C0A0020700A0020720A0020810A0020A7
:1012A000800A0020A00A0020F8B504460E46002758
:1012B00040F22230844213D1C548007878B102212F
:1012C000012002F0ADFA032001230090C14802681A
:1012D0000020014601F0AEFE0120BF490870F8BDB4
:1012E000B4F5497F03D10120BC490870F7E740F20B
:1012F0002D3084421DD1B9480078D0B9B849097859
:1013000049B1B8490868C11700EB91718910B44A16
:101310001278914202DC0120B1490870B04840784F
:10132000032802DD0020AE4948700120AB49087057
:10133000D5E741F2F810844202D105F04BFBCEE72D
:10134000002539E16019A0F561701F286ED2DFE831
:1013500000F01014181C20246E7F6D6DBB6DC86DDD
:10136000D46DE06DF36DFE6DF06DEF6DEE6DED6DB6
:10137000EC000F2004F04EFFB1E7012004F04AFF1B
:10138000ADE7022004F046FFA9E7042004F042FF85
:10139000A5E7082004F03EFFA1E79FED930A9348DC
:1013A00080ED000A9FED900A10EE100A8F49C1F8F7
:1013B00005009FED8D0A10EE100AC1F80A009FED9E
:1013C0008A0A10EE100AC1F80F009FED870A10EE8E
:1013D000100A48619FED840A10EE100AC1F8190046
:1013E0009FED810A10EE100AC1F82D009FED7E0AD4
:1013F00010EE100AC1F832009FED7B0A10EE100AC1
:10140000C1F81E009FED780A10EE100AC1F8230003
:101410009FED750A10EE100A886240F6FF7088632F
:1014200010F01CF802F0E2FD06F0A8FCC2E07048E3
:10143000407E20F001006E4948760846407E00223A
:1014400013460146009040F6DC30F2F791F8B1E027
:10145000684800680078D0B16748007800F0010063
:1014600088BB01206349096808706348007820F050
:101470000100401C604908700846007800221346AD
:101480000146009040F61C40F2F772F81BE05A4803
:10149000007800F00100B0B10020564909680870DA
:1014A0005648007878B95448007820F00100524935
:1014B000087008460078002213460146009040F666
:1014C0001C40F2F755F875E04D4890ED000A47488A
:1014D00080ED000A806B20F00100444988630127F9
:1014E00068E0474840684149C1F805000846806BFC
:1014F00020F00200886301275CE0414880683B4996
:10150000C1F80A000846806B20F0040088630127B8
:1015100050E03B48C0683549C1F80F000846806B71
:1015200020F008008863012744E03CE02FE028E039
:1015300020E018E00BE0FFE7314800692B494861E3
:101540000846806B20F010008863012732E02C48A9
:1015500040692649C1F819000846806B20F0200038
:101560008863012726E0264880692049C1F81E00CB
:1015700001271FE02248C0691C49C1F82300012748
:1015800018E01F48006A19498862012712E01C48C8
:10159000406A1649C1F82D000846806B20F480701F
:1015A0008863012706E01648806A1049C1F83200B6
:1015B000012700BF00BF6D1CB542FFF6C3AE0FB1DF
:1015C0000FF04CFF02F012FD06F0D8FB00BF86E6DC
:1015D000280400202C040020CB0A0020B0040020A6
:1015E0001004002034CC03080000000054D900206F
:1015F00039D90020C8060020F2060020C4060020C9
:1016000090D900202DE9F04704460D4690461F462C
:10161000DDE9089A207800F0800020B1207800F001
:101620008000BDE8F087207803280CD004DC012876
:1016300007D0022854D105E0042805D010284FD146
:1016400031E000BF4CE000BF2078B84201D011204B
:10165000E7E76178A81E814201D01220E1E7B9F1E5
:10166000000F12D0524629462046F0F7E7FF1E49E8
:101670000880605B03F004FC1C4908801A4800885D
:101680000988884201D01320CBE7002606E0A11983
:10169000488803F0F5FB28F80600B61CA81EB042E7
:1016A000F5DC0020BDE72078B84201D01120B8E772
:1016B000B9F1000F12D0524629462046F0F7BEFF7E
:1016C00009490880605B03F0DBFB08490880064895
:1016D00000880988884201D01320A2E70020A0E7F3
:1016E00000BF00209DE70000980A00209A0A002011
:1016F00086B08046444624B10121FE4808F041FBF3
:1017000003E00121FC4808F03CFBDEE20025D6E2C4
:1017100004EB840000EBC400F84901EB800005EB0A
:10172000850101EBC5010844407900B9C6E204EB2C
:10173000840000EBC400F14901EB800005EB85015A
:1017400001EBC50108444079042800DDB6E204EB52
:10175000840000EBC400E94901EB800005EB850142
:1017600001EBC50108440068E5490968081A04EB63
:10177000840101EBC401E14A02EB810105EB850222
:1017800002EBC5021144097988427CD904EB84003C
:1017900000EBC400D94901EB800005EB850101EBAA
:1017A000C5010844407900286DD0D548006804EB95
:1017B000840101EBC401D14A02EB810105EB8502F2
:1017C00002EBC5021144086004EB840000EBC40086
:1017D000CA4901EB800005EB850101EBC501084416
:1017E000D0F80600C749096888427DD004EB840020
:1017F00000EBC400C14901EB800005EB850101EB62
:10180000C5010844807A48B90020BF4901EB0411A2
:101810008880BD4901EB0411088120E04FF480501D
:10182000B94901EB0411888004EB840000EBC4008B
:10183000B24901EB800005EB850101EBC5010844CD
:10184000807A012805D18002AF4901EB041108819B
:1018500005E04FF4C060AC4901EB0411088104EBD2
:10186000840000EBC400A54901EB800005EB850175
:1018700001EBC5010844C07A30B90020A24901EB50
:101880000411C88006E014E24FF400509E4901EBB9
:101890000411C88004EB840000EBC400974901EBFD
:1018A000800005EB850101EBC5010844D0F8060076
:1018B000954901EB041108602CB1934910318D4812
:1018C00008F008FD03E090498B4808F003FD04EBA5
:1018D000840000EBC400894901EB800005EB850121
:1018E00001EBC501084400E003E0D0F8060085499B
:1018F000086004EB4400854901EBC00005EB45019D
:1019000010F81160012E06D0032E05D0042E04D04D
:10191000102E7CD147E000BF00BF04EB840000EB39
:10192000C400764901EB800005EB850101EBC501A0
:101930000844007B764901EB04210870744800EBF1
:101940000420467004EB4401704A02EBC10105EB30
:10195000450201EB4201488803F092FA6C4901EB21
:101960000421488004EB4401684A02EBC10105EB05
:10197000450201EB4201888803F082FA644901EBD9
:1019800004218880624901EB04200621F0F73AFE29
:101990008346584603F074FA5D4901EB0421C88080
:1019A0004FF0080979E0DFF86CC10CEB041C5CF81F
:1019B0002530C5EB051EDFF860C1DCF800C00CF176
:1019C000010C1CF80E2004EB440CDFF840E10EEB98
:1019D000CC01DFF83CC10CEB042C0CF1070098475C
:1019E000074604EB840000EBC400444901EB80008F
:1019F00005EB850101EBC5010844007B444901EB7F
:101A000004210870424800EB0420467000E043E0E7
:101A100004EB44013D4A02EBC10105EB450201EB39
:101A20004201488803F02CFA394901EB042148802F
:101A300004EB4401354A02EBC10105EB450201EB21
:101A40004201888803F01CFA314901EB04218880A7
:101A500004EB44002D4901EBC00005EB450100EB10
:101A6000410000794006000E294901EB04218871EC
:101A7000FA1DD1B2264A02EB0420F0F7C3FD8346DB
:101A8000584603F0FDF9224901EB0422F91D50529A
:101A9000881C1FFA80F900E010E100BFACB1802182
:101AA0001E48F9F7E9FB1E491E48F2F749FB0122DF
:101AB00010211C48F2F7B2FC1B491A48F2F740FB10
:101AC00049461848F2F702FD3CE0184801881848DA
:101AD000F9F7D2FB17491848F2F732FB012210211F
:101AE0001548F2F79BFC15491348F2F729FB4946C4
:101AF000114825E0004400400010014010E900209A
:101B0000AC000020DC0A002094E60020E0E8002081
:101B100078E90020F0EF0020D00A0020000C0240FD
:101B2000000001A0A060024000802020BA0A00202E
:101B300000040240000040A0B86402400080002879
:101B4000F2F7C4FC4FF47A71002016F04DFB03ABA2
:101B500007C35E4800EB0420C01C5D490860039881
:101B600040281DD104EB840000EBC400594901EB6F
:101B7000800005EB850101EBC50108444079CDE902
:101B8000000404EB4400544901EBC00005EB45019F
:101B900000EB4103002240212846F8F79BFF88E034
:101BA000049802904D4830F81400042864DD04EBDA
:101BB000840000EBC400474901EB800005EB850180
:101BC00001EBC5010844007B404901EB0421097881
:101BD00088421CD004EB840000EBC4003D4901EBBB
:101BE000800005EB850101EBC50108444079CDE992
:101BF000000404EB4400384901EBC00005EB45014B
:101C000000EB4103002210212846F8F763FF2F481C
:101C100000EB042000780121304ACDE9001012F8D1
:101C20001420D21ED1B2294A02EB0422501C3346A2
:101C3000274A1268FFF7E6FC824604EB840000EBBB
:101C4000C400244901EB800005EB850101EBC501CF
:101C500008444079CDE9000404EB44001E4901EB3F
:101C6000C00005EB450100EB4103194851460268ED
:101C70002846F8F72FFF1CE004EB840000EBC400BB
:101C8000144901EB800005EB850101EBC501084417
:101C90004079CDE9000404EB44000F4901EBC0009A
:101CA00005EB450100EB4103002220212846F8F70F
:101CB00011FF4FF4FA7016F0C3F900BF6D1C042D2C
:101CC000FFF626AD462016F0BBF91FE578EB0020A5
:101CD000E00A002010E90020E0E80020E40A0020EB
:101CE0002DE9F04786B005460E469146B5F801004D
:101CF00003F0C6F88246B5F8030003F0C1F837498F
:101D0000088095F80580B8F1F60F03DD032006B0D2
:101D1000BDE8F087CDF8148000245BE0304800EB8C
:101D200004100088504554D12D4800EB0410806801
:101D300000284AD02948008898B9002000902848F7
:101D400000EB041005AB01AAD0F808C023480188B5
:101D50005046E04707462349059808600FB1042024
:101D6000D5E720480068404505D9CDF8148000200B
:101D70001D49087005E01B480068059001201A49BC
:101D8000087006200090164800EB041005ABF21D09
:101D9000D0F808C0114801885046E047074611486E
:101DA00000680599401A0F49086087B90E48007805
:101DB0007070D5F80100C6F802000598B07105985A
:101DC000C01D89F800000020A1E704209FE73846E5
:101DD0009DE7641C052CA1DB022098E7240B002062
:101DE000C8F10020200B00201C0B002086B0AAE0C8
:101DF00000220121084617F08FFD064601200590BC
:101E000005AA0221304613F0EFFA05AA0121304657
:101E100013F0EAFA04464C48008800BA000CADF80A
:101E200006000120ADF8040000200290102201A954
:101E3000304612F0B7FE04460121304613F056FC3E
:101E40000446002714E000221146304612F09CFCA4
:101E50000546002D00DD0CE00A2016F0F1F87F1C8D
:101E600044F62060874203D9FF20384908604AE0E1
:101E7000E9E700BF0AE0304613F00EF80446201DE3
:101E800018B9012016F0DCF800E000E0F3E700BF2D
:101E90002E462F4806602E20012332460090002057
:101EA000014601F0C7F82B4800682B49086027E07D
:101EB00001234FF496722949304616F0AEFA0446D3
:101EC000201D70B92348006823490968401A3C283E
:101ED00003D909201D49086013E0012016F0B0F86D
:101EE0000EE0002C03DC09201849086009E01948BD
:101EF00000681949086021461848FEF749FB00BFF1
:101F0000D6E700BF00BF19E0304612F0C5FF044617
:101F1000201D08B1E01D18B9012016F091F80DE060
:101F20000A480068FF2808D02E20002300900748A8
:101F300002681846194601F07DF800E0E4E700BFAA
:101F4000642016F07DF853E7EC0A0020E40000203E
:101F5000F00A0020AC000020F40A002078ED0020F8
:101F60002DE9F04F87B004460F469046608802F096
:101F700087FF8146A08802F083FF824694F806B06E
:101F8000BBF1F60F03DD032007B0BDE8F08F00259D
:101F90005FE0324800EB05100088484558D12F48D3
:101FA00000EB05108068002850D0BAF1000F15D161
:101FB000D4F80B00069000200090284800EB051094
:101FC00006AB02AA5146D0F808C04846E04706468C
:101FD0000020234908600EB10420D5E7607821492C
:101FE0000870CDF818B0062000901C4800EB0510D2
:101FF00006ABE21D5146D0F808C04846E047064609
:1020000016BB184800787870D4F80200C7F80200B0
:10201000A079B871072088F800001248007888B1CC
:10202000072000900D4800EB051006ABE21D51465D
:10203000D0F808C04846E04706460EB90020A3E79E
:102040000420A1E700209FE704209DE704209BE7F0
:102050006D1C052D9DDB022096E7000078F1002025
:10206000200B00201C0B0020014908707047000065
:10207000810A00200EB50121484806F0E8FD012143
:10208000474807F07EFE88E04FF0FF31042016F04D
:10209000ABF88DE807000021404807F0A2F80221C4
:1020A0003E4806F0CCFD04213C4806F0C8FD3D4802
:1020B0000088012801D1012400E00024394801886A
:1020C0003948F0F761FB00B9022484B9364800783A
:1020D0003649087033480078C01EC1B2334A521CDA
:1020E0003148401CFEF79CFA3149088002E000208C
:1020F0002F4908802E480088C0B32D480088401C16
:102100002B49088008460188284804F0DDFB284850
:102110000088801C264908804FF0FF31022016F00D
:1021200063F88DE80700234801882348F9F7A4F8ED
:1021300022492348F2F704F8012210212048F2F73F
:102140006DF92048008840F001001E4908801848B9
:1021500001881B48F2F7BAF91B480078E8B14FF440
:102160007A7015F06DFF02F097FF16E0FFE700218F
:102170000A4807F036F80221084806F060FD0421FD
:10218000064806F05CFD0121044806F060FD0122CE
:1021900040F22551024808F077F875E70004004046
:1021A00000100140C20A0020B4E60020E0E7002051
:1021B000CE0A0020BA0A0020000402400080002855
:1021C000B8640240CC0A0020CB0A002070B5054656
:1021D0000CE0284612F060FE0446201D08B1E01D08
:1021E00018B9012015F02CFF00E000E0F1E700BF76
:1021F00070BD000070B5002100230F22C4781CB30D
:10220000174C246804F4E064C4F5E064C4F30721C7
:10221000C1F10404E3B20A4144789C40E1B28478FD
:10222000144021430C07210E0E4C057861550478AB
:1022300004F01F050124AC4005786D11AD0005F1D7
:10224000E025C5F8004109E0047804F01F050124E9
:10225000AC40054D0678761145F8264070BD00006B
:102260000CED00E000E400E080E100E00249014301
:10227000024A1160704700000000FA050CED00E012
:10228000024A0A400243024B1A60704780FFFF1F58
:1022900008ED00E006F020FC1B49086001201B4906
:1022A000087030E04FF47A7015F0CAFE1848C07F0D
:1022B00048B306F011FC044613480068201A3C2875
:1022C00021D91448007800F0080018B10120124903
:1022D000087002E0002010490870104800780E498C
:1022E000097888420FD00C48007820B94FF480500C
:1022F00004F0F8FB03E04FF4805002F0F7FD0648CD
:10230000007806490870CDE7FC000020E8000020B6
:10231000B8DE002020020020010100200001002082
:1023200010B54FF0A04040694FF0A041896900EA24
:10233000010420460AF096F810BD000010B586B0E2
:10234000044604F0010080B12848F6F733F84FF452
:1023500080500190022002900020039004900A20F7
:10236000059001A92148F9F76BFC04F0020080B147
:102370001E48F6F71FF84FF400600190022002900B
:102380000020039004900A20059001A91748F9F74E
:1023900057FC04F0100080B11448F6F70BF84FF426
:1023A00080600190022002900020039004900A2097
:1023B000059001A90D48F9F743FC04F0040090B121
:1023C0000B48007802280ED10848F5F7F3FF4FF4C8
:1023D000007001900020029003900490059001A9E4
:1023E0000248F9F72DFC06B010BD000000000240C5
:1023F000740B002010B5044604F0010020B14FF426
:1024000080510F48F9F762FB04F0020020B14FF44D
:1024100000610B48F9F75AFB04F0100020B14FF4AB
:1024200080610748F9F752FB04F0040038B1054811
:102430000078022803D101020148F9F747FB10BDDB
:1024400000000240740B002030B52DED028B83B0EC
:102450000546B0EE408A002444E0264800EBC40064
:102460000079E8BB6846F9F7BDFA0120214901EB84
:10247000C401087100201F4941F834001E4800685B
:1024800000EBC43085621C48006800EBC43080ED6E
:10249000088A1948DDE90021006800EBC430C0E972
:1024A000062142F228301449096801EBC431086161
:1024B00010211148006800EBC430416100200D4933
:1024C00041F83400012C02D101200C4908604FF67C
:1024D000FF700B490860601C03B0BDEC028B30BD7F
:1024E000FFE7641C022CB8DB01D10020F4E74FF0B9
:1024F000FF30F1E7E41E0020F40300200004002078
:10250000FA0300200021034A02EBC0021171024AC3
:1025100011547047E41E0020F80300202DE9F04715
:102520002DED068B814636494846F9F735F8344893
:10253000D0E90021104618F0D7FC41EC1A0B3148C5
:1025400090ED000B53EC102B51EC1A0B18F05AFFC6
:1025500019F0BEF806460F46294AC0C22849484627
:1025600000F0AAFC4FF0000841E01823424626493B
:102570004846F9F725F800242FE0234850F8245066
:1025800000EE105AB8EEC00AB0EE408A1F4800EBC9
:10259000840090ED000A20EE080AB0EE408A1C4844
:1025A000407848B9032C11DA1A4890ED000A28EE59
:1025B000000AB0EE408A09E004F0010030B9154885
:1025C00090ED000A28EE000AB0EE408A0E4800EBBB
:1025D000840080ED008A601CC4B2062CCDDB182379
:1025E00042460949484600F077FC08F1010840F2EC
:1025F00053508045B9DBBDEC068BBDE8F087000089
:1026000098D40020A804002080D40020D8220020E4
:1026100010040020580500202DE9F04104460D4625
:1026200016461548006900F01C0747F0010040EA13
:10263000C42040EA851010490861F9F707FC80467C
:1026400000BF0D48006900F0010000B905E0F9F78E
:10265000FDFBA0EB08000228F3D300BF0648006989
:1026600000F0010028B90448406930800020BDE82E
:10267000F0816FF00200FAE7008002402DE9F0419E
:1026800005460E4617461948007900F0020018B9B1
:102690004FF0FF30BDE8F0811548006900F01C08DC
:1026A00048F0010040EAC52040EA86101049086160
:1026B000F9F7CCFB044600BF0D48006900F00100AB
:1026C00000B904E0F9F7C2FB001B0228F4D300BFF5
:1026D0000748006900F0010020B9054840693880CA
:1026E0000020D7E76FF00200D4E70000044001208B
:1026F000008002402DE9F04105460E461746184875
:10270000007900F0020018B94FF0FF30BDE8F08109
:1027100014484761006900F01C0848F0030040EAD3
:10272000C52040EA86100F490861F9F78FFB04467F
:1027300000BF0C48006900F0010000B904E0F9F79F
:1027400085FB001B0228F4D300BF0648006900F097
:10275000010008B90020D9E76FF00200D6E70000B9
:102760000440012000800240F0B41648164A016877
:102770001648D0F800C0F1B9154B186A006800215E
:10278000144DA0FB057601FB056500FB0150124CC2
:10279000241A894101D211494018114993F8404047
:1027A00021F8140004F10100C0B283F840004FF09A
:1027B0000D0321F81030106840EA0C001060F0BCE6
:1027C0007047000084020020143C01409402002065
:1027D0000802002040420F0020A10700C0BDF0FF0A
:1027E000601100204FF4807191FAA1F1B1FA81F1EA
:1027F000014A42F82100704700000E424FF4007178
:1028000091FAA1F1B1FA81F1024A02EB8101C1F81A
:102810008000704700000E4201B56846C178032968
:102820000BDB01210B4A11709FED0B0A0B4981ED67
:10283000010A9FED0B0A81ED020AC178042904DB2D
:102840004FF48071074A118002E02021054A11806F
:1028500008BD00004F0B00208FC241422409002018
:1028600000805E45BA0A002038B5044624B1012C28
:102870005DD0022C5AD117E02E48807A00F001007A
:1028800010B94FF0FF3038BD2A48807A20F002009E
:10289000284988724FF400600881084602890021A7
:1028A000436808469847EEE72248807A00F0010026
:1028B00010B94FF0FF30E6E71E48807A00F00200C2
:1028C00008B10020DFE71B486A46022103680020A8
:1028D0009847BDF80000222802D06FF00300D2E72D
:1028E00014486A460321036800209847BDF8000099
:1028F0004FF6F0710840B0F5AB5F02D06FF0030007
:10290000C1E700200B49088108460289002143687D
:102910000846984710B14FF0FF30B4E70548807A79
:1029200040F00200034988720020ACE700BF6FF05E
:102930000300A8E7F83F0120F8B5064626B1012EAE
:102940007ED0022E7BD17EE000BF002000909E480A
:10295000006840F000709C4908600846006800F07C
:102960000070009000BF00BF00BF0020009008462C
:10297000006840F0806008600846006800F08060F1
:10298000009000BF00BF00BF002000900846006814
:1029900040F0006008600846006800F000600090A9
:1029A00000BF00BF88482038006840F000708649AA
:1029B0002039086000BF00BF00BF00BF8248203838
:1029C000006820F000708049203908603D20002810
:1029D00017DB00F01F02012191407C4A430942F8B5
:1029E000231000BF00BF00BFBFF34F8F00BF00BF69
:1029F00000BF00BF00BF00BFBFF36F8F00BF00BFAD
:102A000000BF00BF00207249C861724908606E486B
:102A1000006820F000706C4908600846006820F0EB
:102A2000806008600846006820F0006008606A481E
:102A3000007920F0020068490871C2E000E0BDE0C2
:102A40006FF00300F8BD6448007900F0010010B990
:102A50004FF0FF30F6E76048007900F0020000B167
:102A6000AFE000BF002000905748006840F00070C1
:102A7000554908600846006800F00070009000BFEB
:102A800000BF00BF002000900846006840F0806052
:102A900008600846006800F08060009000BF00BF3A
:102AA00000BF002000900846006840F00060086009
:102AB0000846006800F00060009000BF00BF444876
:102AC000006840F001004249086000BF40480068CB
:102AD00000F001000028F9D13D48006840F0800076
:102AE0003B490860F9F7D6FB04463C48844201D3D1
:102AF000102516E03A48844201D3042511E03948F4
:102B0000844201D300250CE03748844201D30C25D0
:102B100007E03648844201D3082502E04FF0FF3039
:102B200090E7334805614FF4204031490860202088
:102B30004860802088610020086448648864C86414
:102B4000086548658865C8650846C06B40F4027032
:102B5000C86312F0E5FB12F017FC4FF0FF301C4980
:102B600048612448C8614FF4031023490860234892
:102B70001F49C1F80C013D20002807DB00F01F02AF
:102B8000012191401E4A430942F8231000BF3D2015
:102B9000002809DB00F01F02012191404209920048
:102BA00002F1E022C2F8001100BF00200A4988604B
:102BB0000846007940F00200087102E06FF003005F
:102BC00040E700BF00203DE73038024080E100E0F0
:102BD00000900240008702400440012080D1F008AC
:102BE00000E1F50500879303C00E160240787D01D1
:102BF000008002404100010010810240600002009C
:102C000080E200E02DE9F34184B00746002419E09A
:102C100005A8005D03A9085503A8005D302141EA1D
:102C200010110720A0EB4400401E01AA115403A874
:102C3000005D00F00F0040F030000721A1EB4401DF
:102C40005054641C042CE3DBB84672B6F5F706FD5D
:102C50000646092E01D0F6F7AFFCF5F77BFD002400
:102C600010E001AA115D08EB4400F5F725FD0546CB
:102C7000092D06D0F5F716FD62B6284606B0BDE868
:102C8000F081641C082CECDBF5F70CFD62B6092022
:102C9000F4E700002DE9F04106460D46144600BF5A
:102CA0003C4911F81400FBF70DFF10B90220BDE8F4
:102CB000F081394830F81400384931F8141088424E
:102CC00008DD354830F81400344931F81410401A42
:102CD000471007E0314830F814002F4931F814103C
:102CE000401A47102E480088874202D3012015F071
:102CF000A7F92B4800888742D2D26820254931F8AD
:102D00001410284A02EB41210870281D214931F88E
:102D1000141002EB412148701F4830F814001D497F
:102D200031F8141002EB412148801F4830F814009C
:102D3000184931F8141002EB41218880164830F808
:102D40001400801C144921F81400124931F81410A1
:102D500002EB4121881D2A463146EDF704FDAB1DEB
:102D60009AB20C4B33F81430DFF838C00CEB432127
:102D7000084B13F8140003F061F880460B48006814
:102D80000B4941F82400094800680A4941F8240029
:102D900040468CE75201002070010020880100208D
:102DA00012010020140D002072010020AC00002050
:102DB000800100207C0100202DE9F04105460E46EF
:102DC00014466820374931F81410374A02EB412184
:102DD00008700E20334931F8141002EB412148707D
:102DE000324830F814002F4931F8141002EB412119
:102DF00048802F4830F814002A4931F8141002EBAB
:102E000041218880294830F81400801C274921F886
:102E100014006420234931F8141002EB4121887119
:102E20000120204931F8141002EB4121C8712148DA
:102E300000881C4931F8141002EB41214881002020
:102E4000184931F8141002EB41210873154931F883
:102E5000141002EB41214873124931F8141002EBAF
:102E60004121887306F114000E4931F8141002EB69
:102E70004121C8730B4830F81400114601EB402083
:102E80000581084A32F814200B4603EB4221054A1B
:102E900012F81400102202F0D1FF07463846BDE8B0
:102EA000F081000052010020140D0020700100206C
:102EB00072010020E601002070B500B970BD401E0F
:102EC000044A126802EBC03291E87800183278C2E6
:102ED00000BFF3E7F40300202DE9F04104460F465C
:102EE00016461D460CB9BDE8F081641E0749096805
:102EF00001EBC4313031AA08724301EB82002A464B
:102F00003946EDF730FC00BFEDE70000F403002088
:102F10002DE9F04105460E46144668203D4931F83A
:102F200014103D4A02EB412108701420394931F850
:102F3000141002EB41214870384830F8140035492C
:102F400031F8141002EB41214880354830F8140064
:102F5000304931F8141002EB412188802F4830F8B5
:102F60001400801C2D4921F814006720294931F8EC
:102F7000141002EB412188710120264931F8141008
:102F800002EB4121C87127480088224931F814100A
:102F900002EB4121488100201E4931F8141002EB58
:102FA000412108731B4931F8141002EB4121487389
:102FB000184931F8141002EB41218873154931F892
:102FC000141002EB412101F10F00314606F01CFE06
:102FD000104830F81400104901EB402005810D4ADB
:102FE00032F814200B4603EB42210A4A12F814006F
:102FF000162202F023FF07460B4800680B4941F8F0
:103000002400094800680A4941F824003846BDE810
:10301000F081000052010020140D002070010020FA
:1030200072010020E6010020AC0000208001002099
:103030007C0100202DE9FC4104460D4617469846C8
:103040002D480078401CC6B2102E00DB00262B480D
:10305000008886424DD0002184EA0100694008437F
:1030600006D027482449098800EB011030C00BE046
:103070006846F8F7B7FC224A1F4B1B8802EB031285
:10308000DDE90010C2E900101D481B49098800EB6A
:10309000011080F808809DF820001949164A12880E
:1030A00001EB021148729DF821101548124A12884E
:1030B00000EB021081729DF8221011480E4A12880E
:1030C00000EB0210C1720E480B49098800EB011099
:1030D000C760094806800088102802DB00200649E6
:1030E00008800848007820B101210748006815F0E1
:1030F0006FF8BDE8FC810000C8090020CA09002063
:1031000030E00020CE090020600300202DE9FC41C2
:1031100004460D4690461F4628480078401CC6B21B
:10312000102E00DB002626480088864243D000216E
:1031300084EA01006940084306D022481F490988F3
:1031400000EB011030C00BE06846F8F74BFC1D4A5D
:103150001A4B1B8802EB0312DDE90010C2E90010D4
:1031600018481649098800EB011007729DF82000E5
:103170001449124A128801EB021148729DF821107D
:1031800010480E4A128800EB021081729DF822103E
:103190000C480A4A128800EB0210C17207480680E8
:1031A0000088102802DB002004490880042106481A
:1031B000006815F00DF8BDE8FC810000E40900206E
:1031C000E609002030E100206003002029B1064A12
:1031D00012680243044B1A6004E0034A12688243F7
:1031E000014B1A60704700003038024029B1064A8E
:1031F00012680243044B1A6004E0034A12688243D7
:10320000014B1A60704700004038024029B1064A5D
:1032100012680243044B1A6004E0034A12688243B6
:10322000014B1A60704700002038024029B1064A5D
:1032300012680243044B1A6004E0034A1268824396
:10324000014B1A60704700004438024029B1064A19
:1032500012680243044B1A6004E0034A1268824376
:10326000014B1A6070470000243802402DE9F041FC
:1032700000210024002602278C460225DFF8208149
:10328000D8F8008008F00C0121B1042907D00829E2
:103290004AD109E0DFF80C81C0F8008049E0DFF88E
:1032A0000881C0F8008044E0DFF8F480A8F1040849
:1032B000D8F80080C8F3805CDFF8E480A8F1040847
:1032C000D8F8008008F03F05BCF1000F0DD0DFF802
:1032D000D080A8F10408D8F80080C8F38812324BD7
:1032E000B3FBF5F302FB03F60DE0DFF8B880B8FBA3
:1032F000F5F2DFF8AC80A8F10408D8F80080C8F334
:10330000881302FB03F6DFF89880A8F10408D8F8C8
:103310000080C8F3014808F101084FEA4807B6FBEE
:10332000F7F8C0F8008004E0DFF87880C0F800808B
:1033300000BF00BFDFF86880D8F8008008F0F00117
:103340000909DFF8688018F80140D0F8008028FAF1
:1033500004F8C0F80480DFF84880D8F8008008F44A
:10336000E051890ADFF8448018F80140D0F8048061
:1033700028FA04F8C0F80880DFF82480D8F8008024
:1033800008F46041490BDFF8248018F80140D0F8B8
:10339000048028FA04F8C0F80C80BDE8F081000031
:1033A000083802400024F40040787D013E000020EF
:1033B00010B501460022002300204A11012A02D143
:1033C0000A4C236808E0022A03D1084C70342368B1
:1033D00002E0064C7434236801F01F02012494407B
:1033E0001C400CB1012000E0002010BD003802405C
:1033F0000021094A11701170012802D0042808D157
:1034000003E00121044A117004E00521024A117011
:1034100000E000BF00BF70477038024001490860FB
:1034200070470000800E4742014908607047000065
:103430003C0E4742002100F44072B2F5407F08D1B3
:10344000094A116821F4F811084A02401143064A5A
:103450001160054A68321268C0F30B031A43024B2D
:1034600068331A607047000008380240FFFCFF0F05
:10347000014600BF080900EB8000420001F00F0088
:103480001044C0B270470146002204E0501CC2B292
:10349000A1F10A00C1B20A29F8DA100741EA106066
:1034A0007047000008B50022009200200021104A59
:1034B000126802F04002CAB9421E0D4B1A6000BFEA
:1034C0000B4A126802F04001009A521C0092009AC6
:1034D000B2F5803F01D00029F2D0054A126802F00F
:1034E00040020AB1012002E0002000E0012008BDF6
:1034F0000C2800400348006820F080000149086063
:10350000704700000C28004070B506460C460025A8
:103510000E4800680E4900EA0105280CE070C5F36A
:103520000420607005F03F00A070C5F342302070A9
:103530005EB9E078FFF79CFFE0706078FFF798FFD6
:103540006070A078FFF794FFA07070BD0428004061
:103550003FFFFF0070B506460C4600250F48006887
:103560000F4900EA0105C5F305402070C5F30620A8
:10357000607005F07F00A07005F48000000CE07022
:103580005EB92078FFF774FF20706078FFF770FF56
:103590006070A078FFF76CFFA07070BD002800403D
:1035A0007F7F7F0030B504460025CA20154908609A
:1035B00053200860FFF776FF00B91DE011481C3862
:1035C000006820F040000F491C3908600846006878
:1035D000216808430B491C3908600A491439A0685E
:1035E000086008460068A18840EA0140054914398E
:1035F0000860FFF77FFF0125FF2002490860284689
:1036000030BD00002428004008B50146002000908D
:1036100004480090009800EB81000090009800683A
:1036200008BD0000502800402DE9F04105460C4639
:10363000002600274DB9607800F01000102804D152
:10364000607820F010000A30607005B908E06078FA
:10365000FFF70EFF0646A078FFF70AFF064600BFF9
:1036600055B1E0780004617840EA0120A178084370
:10367000217840EA413611E0E078FFF704FF4FEA95
:1036800000486078FFF7FFFE48EA0028A078FFF7BF
:10369000FAFE48EA0008207848EA4036CA20124973
:1036A000086053200860FFF7FDFE08B9002714E00A
:1036B0000E4830400C4920390860FFF71BFF0A48CC
:1036C0001C38006800F0200030B900F079F808B923
:1036D000002702E0012700E00127FF2002490860DF
:1036E0003846BDE8F0810000242800403FFFFF007D
:1036F0002DE9F04105460C46002600274DB92E481D
:10370000006800F0400000B102E00020E07000BF5F
:103710000DE02948006800F0400020B12078FFF754
:10372000A7FE064602E00020E07000BF00BF55B1D2
:1037300020780004617840EA0120A1780843E1780C
:1037400040EA014611E02078FFF79DFE4FEA00486D
:103750006078FFF798FE48EA0028A078FFF793FE0C
:1037600048EA0008E07848EA0046CA2012491C31BD
:10377000086053200860FFF795FE08B9002713E0A2
:103780000E4830400C4908390860FFF7B3FE0A487C
:10379000006800F0200030B900F012F808B90027E6
:1037A00002E0012700E00127FF2003491C310860E7
:1037B0003846BDE8F0810000082800407F7F7F0088
:1037C00008B50022009200200021CA22134B1A6083
:1037D00053221A60114A183A126822F0A0020F4BC5
:1037E000183B1A6000BF0D4A183A126802F0200117
:1037F000009A521C0092009AB2F5003F01D00029B5
:10380000F1D0064A183A126802F020020AB10120EB
:1038100000E00020FF22014B1A6008BD2428004070
:1038200008B500220092044A0092009A02EB80023E
:103830000092009A116008BD5028004018B1FF2185
:10384000044A116004E0CA21024A11605321116048
:10385000704700002428004030B587B005F06CF8B0
:103860003F48006800903F4803683F483F4902686E
:10387000032000F03BFD06909DF81800C00978B3C6
:10388000FCF75EFD03F046FD3948006839490860E1
:103890003948D0F8460020F002043748D0F84600F6
:1038A000A04202D03448C0F846400220019032487D
:1038B00090F84A008DF800002F48463001680491C6
:1038C0008088ADF814002C484130016802910079DD
:1038D0008DF80C000E20DDE9032301F0FBFE32E041
:1038E000FFE79DF81800C0439DF8181060F3000131
:1038F00006911B48006800901A4803681A481B4943
:103900000268032000F0F2FC0690FCF719FD01208C
:103910000190194890F84A008DF80000164846308A
:10392000016804918088ADF81400134841300168A3
:10393000029100798DF80C000E20DDE9032301F0DF
:10394000C9FE6FF0010504F0C8FF1DB901200B4945
:10395000087002E0FF2009490870002007B030BD60
:103960003808002054DD002044DD002008DD002060
:10397000A80900207808002080DD00206B080020C6
:10398000002070473EB505460E242046002817DB70
:1039900000F01F02012191401C4A430942F8231004
:1039A00000BF00BF00BFBFF34F8F00BF00BF00BF0D
:1039B00000BF00BF00BFBFF36F8F00BF00BF00BFDD
:1039C00000BF134908694FF40041F7F755FC022086
:1039D0001049088000208DF808008DF809008DF846
:1039E0000A00202202A90B48008801F0B1FD002046
:1039F0000090084901900988C8B24FF4803304222E
:103A0000032101F0FFFB20203EBD000080E100E02B
:103A1000E00800204603002010B501211748006887
:103A200014F0CAFBEFF7E8FF15481649086016487E
:103A300016490860EEF78CFA03F0A0FD02F04AFB8D
:103A4000134B144A14490020F4F79EFD0D2210492F
:103A50001248ECF7CDFE1249086A012105F0F7F88B
:103A60001E20F4F7AFFA00210E4814F0C9FB0349F9
:103A700008601E20F4F7A6FA10BD000078040020AC
:103A8000994601081C060020813E01081806002006
:103A9000C4D00020ECD0002034220020D8D0002058
:103AA000BC0800207CCC030810B515480078C0F392
:103AB000400020B900210120F4F7D4FA03E00121ED
:103AC0000846F4F7CFFA0E480078C0F3800020B91A
:103AD00000210220F4F7C6FA03E001210220F4F7E6
:103AE000C1FA0748007800F0010020B90021042045
:103AF000F4F7B8FA03E001210420F4F7B3FA10BD9B
:103B0000300B00200EB5064634466CE04FF0FF3116
:103B1000002014F069FB8DE80700334804605CE086
:103B20000021102014F060FB8DE80700019F07F0D2
:103B30001000B8B12D49085D04F002FF00202C49A7
:103B400021F814002B48005D2B49085500202B4913
:103B500041F8240051F82400FEF738FB00202849E2
:103B600008553BE040F277126243264B03EB82019B
:103B7000224A52F82400012340F2DC5214F04DFC9A
:103B80000546281D18B9012014F05AFA25E0002D29
:103B900017DC1649085D04F0D3FE0020144921F813
:103BA00014001448005D144908550020134941F8D9
:103BB000240051F82400FEF709FB002010490855A5
:103BC0000CE0E2B2A9B240F277136343DFF834C0ED
:103BD0000CEB8300FBF782FC00BFA1E700BF4FF4B2
:103BE0007A7014F02DFA91E700020020780100208D
:103BF000700100204C0100204B010020EC0000204F
:103C0000090100207000001038B5044626480078ED
:103C100020F0080024490870244810232449026831
:103C20002046F6F7CFFB22480088012811D1204812
:103C300040884FF6FC7188420BD11B48007820F079
:103C40000100194908700846007820F00800083083
:103C5000087015480078C0F3C000E8B91348102375
:103C6000134942682046F6F7ADFB11480088012849
:103C700012D10F4840884FF6FC7188420CD10A4897
:103C8000007820F00100401C0749087008460078C1
:103C900020F00800083008700348006800909DF884
:103CA0000010084638BD000044080020140300201E
:103CB00008DD00202DE9F04186B006463B4801684A
:103CC0003B48006814F03EFA8046B8F1000F04D07B
:103CD0006FF0060006B0BDE8F081364A1168364A3A
:103CE0001068F0F713FA354A1168354A1068F0F792
:103CF0000DFA72208DF800002F49086803A9F0F72B
:103D0000E3FB2F4908686946F0F7DEFB2A4908689B
:103D10000B21F0F7D7FB2A4908680B21F0F7D2FBFB
:103D20002848008881B228480068F7F7A3FA22499A
:103D300008680121F0F71EFA214908680121F0F70F
:103D400019FA2248076800BF214A11681A4A106808
:103D5000F0F7C8FA044624B91C480068C01B0A28BA
:103D6000F2D31848008881B217480068F7F784FA40
:103D7000114908680021F0F7FDF911490868002190
:103D8000F0F7F8F914B94FF0FF3509E0DDF80D0050
:103D90003060DDF811007060BDF81500308100253D
:103DA0000348006814F0C2F9284693E70003002096
:103DB000FC020020E4170020C0170020F0170020AC
:103DC000B4170020400300203C030020A809002075
:103DD000CC17002010B500F005F800F093F8002093
:103DE00010BD00002DE9F04100253F4C3F480688FA
:103DF0000C273B4632462146012000F035FA45B2F9
:103E0000C5BB94ED000A10EE101A08460FF09AFB9D
:103E100000B1012594ED000ADFED350AB4EE600A29
:103E2000F1EE10FA00D1022594ED010A10EE101AFD
:103E300008460FF087FB00B1032594ED010ADFED82
:103E40002C0AB4EE600AF1EE10FA00D1042594EDCC
:103E5000020A10EE101A08460FF074FB00B1032599
:103E600094ED020ADFED220AB4EE600AF1EE10FAD8
:103E700000D104251C4890ED000ADFED1E0AB4EEC7
:103E8000E00AF1EE10FA01DD012000E0002000EE72
:103E9000100AB8EEC00ADFED180AB4EEE00AF1EE3F
:103EA00010FA00D30525B5B10F48144B0ECB0EC048
:103EB000124890ED010A0C4880ED010A0F4890ED80
:103EC000020A094880ED020A00200D4908704020CE
:103ED00002F008FE05E0012009490870402001F0C9
:103EE00005F82846BDE8F081ACDE00202403002060
:103EF000FFFF7F7F6666663FCDCC8C3F24090020A4
:103F0000680800202DE9F041002631480788314D2E
:103F10004FF0C40843463A462946022000F0A4F96F
:103F200046B2C6BB032419E005EB840090ED000AFD
:103F300010EE101A08460FF005FB08B101260FE03D
:103F400005EB840090ED000ADFED230AB4EE600A71
:103F5000F1EE10FA01D1022602E0641C312CE3D309
:103F600000BF032419E005EB840090ED000ADFEDAB
:103F70001B0AB4EEE00AF1EE10FA0AD305EB840056
:103F800090ED000ADFED160AB4EEE00AF1EE10FA49
:103F900002DD032603E003E0641C182CE3D300BF1A
:103FA00066B1C4220F490B48ECF722FC00200E49F1
:103FB00008704FF4806002F095FD05E001200A4989
:103FC0000870800200F092FF3046BDE8F0810000EA
:103FD00026030020ACD50020FFFF7F7FCDCC4C3FD7
:103FE0009A99993F94CC0308690800202DE9F04381
:103FF0002DED088B8DB04FF030094B464FF4C04289
:1040000001A90320F6F7DEF9064606BB00241BE0F3
:1040100001A800EB840090ED000A10EE101A08468B
:104020000FF090FA08B1012610E001A800EB84001F
:1040300090ED000ADFED460AB4EE600AF1EE10FAE8
:1040400001D1022602E0641C0B2CE1DB00BF3EB173
:104050002C2101A8ECF728FC9FED3E0A8DED0C0AFF
:10406000DFF8F480002407E001A850F82400C8F825
:10407000000008F10508641C0B2CF5DB36490C9890
:1040800088630846D0F82D503448006817F0A4FA29
:1040900041EC190B3048D0F83210084617F09CFA62
:1040A00041EC1B0B2E4890ED000B53EC102B51EC08
:1040B0001B0B16F09BFF41EC1A0B53EC192B16F05F
:1040C00033FD41EC180B16F049FC0746384617F053
:1040D00083FA41EC1B0BB0EE4B0AF0EE6B0A0FF0CB
:1040E000DFFBB0EE409AF0EE609A284617F074FAC3
:1040F00041EC1A0B53EC192B16F078FF41EC180B1E
:1041000016F02CFC17490860384617F065FA41ECA8
:104110001B0BB0EE4B0AF0EE6B0A0FF031FCB0EE69
:10412000409AF0EE609A284617F056FA41EC1A0BC6
:1041300053EC192B16F05AFF41EC180B16F00EFC3D
:104140000949086030460DB0BDEC088BBDE8F0832E
:10415000FFFF7F7F0000804F54D900206CCC030804
:1041600048CC0308AC050020B005002070B504461B
:1041700010231548154902682046F6F723F905462D
:104180003DB100201149086048608860C860401E49
:1041900070BD0E480068401C38B10C484068401C97
:1041A00018B10A488068401C08B90120F0E70748A8
:1041B000006828B10548406810B10448806808B913
:1041C0000220E5E70020E3E71C03002044DD002097
:1041D00070B50546012D35D12048007858B32048E8
:1041E000008881B21F4B10220120F4F7ABFC04467B
:1041F00034B100201B49086048608860401E70BDD3
:1042000018480068401C38B116484068401C18B176
:1042100014488068401C08B90120F0E71148006884
:1042200028B11048406810B10E48806808B90220D3
:10423000E5E70020E3E700200A490860486088605D
:10424000C41F07E0002007490860486088606FF0DD
:10425000070400BF00BF2046D1E700000D03002087
:104260001C03002054DD00202DE9FC47054689464B
:1042700017469846012D02D0022D04D101E00326F5
:1042800005E0012603E06FF00200BDE8FC8700BFF7
:1042900007EB0802082369463046F6F793F8044610
:1042A000F4B90098401C88B1012D02D0022D0CD128
:1042B00007E00D490198C1F80A000098C1F80F0005
:1042C00003E009490098486100BF00BF43463A46F1
:1042D00049463046F6F776F804460CB90020D4E794
:1042E0004FF0FF30D1E70000CBDD00202DE9FC4787
:1042F00081460D4616461F46DDF828803946304671
:1043000002F0A8FB00206E49C1F80500C1F80A00C0
:10431000C1F80F000846007920F0800008710846B7
:10432000407A20F0800166484172807B20F0800155
:1043300063488173C07C20F080016148C174B8F18A
:10434000000F03D120205E49086050E04846FFF787
:104350005BFC01905B480078C0F3C00070B96FF05F
:104360000400594908605748007820F00400001DF7
:104370005449087010205249086038E051480078CC
:1043800000F00100514A52F8201043462A464846A0
:1043900000F08AFE04464A4804604B4804608CB131
:1043A0003946304602F056FB4648007820F00400BB
:1043B000001D444908700846007820F00200801C67
:1043C000087014E03F48007820F0800080303D49BC
:1043D00008703F49A86808603A48007820F0020059
:1043E000384908700846007820F004000870344905
:1043F00003C90A46CDE90001014643F2C820EFF7A0
:10440000A5FA2F48D0F805100091407A8DF80400E5
:1044100043F2C920019AEFF799FA2948D0F80A1017
:104420000091C089ADF8040043F2CA20019AEFF769
:104430008DFA2348D0F80F100091C07C8DF804004D
:1044400043F2CB20019AEFF781FA1E480078C0F3BF
:10445000800018B1802002F045FB02E0802000F0CF
:1044600045FD1C48806A0C2822DC1A48806A10F13D
:104470000C0F1DDB1748806A17490968884217D05E
:10448000164841681348806A134A1268801AC0EBC4
:104490004012C2EB002001EB0010104948600D48AB
:1044A000806A0D490860084601680320FFF7B8F9E3
:1044B0000448006801909DF804100846BDE8FC8798
:1044C000C0DC002044080020640800201403002001
:1044D0006C08002018DD002094000020100200204D
:1044E0002DE9F05F81460F4690461C46DDF828A076
:1044F000B9F1010F70D1BAF1070F6DD2DFE80AF000
:10450000042C4A4C8C8C6D00454920680860454855
:10451000007800F00100444951F820201023414662
:104520000320F5F74FFF064616B13046BDE8F09F71
:10453000B8F800504D4502D06FF00400F6E7D8F807
:10454000045005F110002060B5F5803F02D36FF0F4
:104550000500EBE70020E9E72068C8B12068B0F566
:10456000006F02D94FF4006500E025682D480078FF
:1045700000F001002C4951F82010781E4FF4006320
:1045800003FB00122B4641460320F5F71BFF0646AE
:104590003046CBE70020C9E72068D0B12068B0F5ED
:1045A000707F02D94FF4707500E025681D480078CF
:1045B00000F001001C4951F82010781E4FF4707370
:1045C00003FB00122B4641460320F5F7FBFE06468F
:1045D00000E000263046A9E71EE01248007800F00F
:1045E0000100114951F820000D49096801FB070B32
:1045F000206878B10A4920680968884202D90848C9
:10460000056800E025682B465A4641460320F5F729
:10461000D9FE0646304689E76FF0040086E70000C1
:104620003004002044080020140300202DE9FF4F2F
:104630008DB0834691461C46DDF868A0BBF1060F9D
:104640007ED1BAF1070F7BD2DFE80AF00438AD372C
:10465000B1B13200584920680860012057490870FC
:1046600004F03AFA564908605648007804F03AF9DE
:104670006846F6F7E7FF9DE807000AAB07C30C980A
:1046800010305149086008460068103020600C98CE
:1046900020304E4908604E490C98086004F01CFA1E
:1046A00003900398C9F80C00002011B0BDE8F08F0A
:1046B0000E98401C80B20E9000BF00BFBAF1010FEF
:1046C00002D14FF4006607E0BAF1030F02D14FF4B4
:1046D000707601E0384806682068002862D02068BB
:1046E000B04201D9374600E027684D460E980128B0
:1046F00025D1ADF818B00020ADF81A003248006896
:10470000079004A8F7F76EF90598099031480088DA
:1047100080B2ADF820003048008880B2ADF82200A9
:104720004FF480302D4908601035102206A9484604
:10473000ECF719F8103F2A4800682A49086000E0A1
:1047400035E0B84622480068C8B121480068874271
:1047500002D91F48D0F80080224B42461F4801680A
:104760002846F6F78FFE1D48006840441B49086044
:1047700017480068A0EB08001549086001E04FF0F9
:1047800000081348006858B9454416480068286076
:104790001048C068686014480068E860002084E73A
:1047A000002082E700BF0020044908707DE7002058
:1047B0002060401F79E700001C0A0020F509002056
:1047C000F80900205E030020280A0020300A00209B
:1047D000200A002044DD002054DD00202C0A0020A7
:1047E000400A0020440A002028CC030870B5024685
:1047F00023488079234D05EB401083680C461AB995
:1048000011B16FF0040070BD1D48007900F0020086
:1048100010B94FF0FF30F6E706E0186810605868EE
:1048200050600832083308390729F6D804E01888A0
:104830001080921C9B1C891E0129F8D809B1187898
:1048400010704FF000400E4DAD790E4E06EB451541
:1048500028600B488079401C094DA8712846807952
:10486000042801D10020A8710748406900F08000A9
:1048700020B18020044D68610020A8602046C2E776
:104880000440012010400120009002400649097AAE
:1048900001700549497A41700349897A817002495A
:1048A000C97AC17070470000B8DE00200649097857
:1048B000017005494978417003498978817002493E
:1048C000C978C17070470000B8DE00200021017077
:1048D0000E2141707221817009490978C17008491F
:1048E00049790171064909794171054989884FF66D
:1048F000FF72914202D1034909784171704700006B
:1049000044DD0020D90000200649097901700549DD
:10491000497941700349897981700249C979C17027
:1049200070470000B8DE00202DE9F05F80460E469B
:1049300091461C46DDF828A04FF0000BB8F57A7FB1
:1049400002DDB8F5FA6F03DD6FF00400BDE8F09FFB
:10495000BAF1070F56D2DFE80AF0040E24255555A8
:104960003D002A49206808602948006840681030E6
:1049700020605846EAE7206888B12068B0F5006FEB
:1049800002D94FF4006500E0256821480768701ED1
:1049900007EBC0272A4639464846EBF7E4FE58465F
:1049A000D4E72FE0206898B12068B0F5707F02D975
:1049B0004FF4707500E0256815480768701EC0EB5D
:1049C000001007EB80172A4639464846EBF7CBFE26
:1049D0005846BBE70E4807680C48006806FB00779E
:1049E000206868B1094920680968884202D90748E7
:1049F000056800E025682A4639464846EBF7B3FECD
:104A00005846A3E700BF0020A0E7000004040020F0
:104A1000F403002010B513480068E8B90BF082F8E1
:104A20001149086008460068012818D00F4800782E
:104A300048B10220FEF7E8FD0D490860084600680D
:104A4000401C086002E0012009490860084801682C
:104A50000220FEF7E5FE02E001200249086004485A
:104A6000006810BD300000202C00002090000020C5
:104A7000280000202DE9FF4F8DB0044692461D46C8
:104A8000DDF868B0042C01D0052C7CD1BBF1070FF8
:104A900079D2DFE80BF00446E145ECEC4000002061
:104AA0007549086075490860754928680860042CD4
:104AB0000AD10120734908706846F6F7E5FD9DE8C4
:104AC00007000AAB07C309E001206F490870684678
:104AD000F6F7F8FD9DE807000AAB07C36B480078BE
:104AE00003F000FF0C981030694908600846006820
:104AF0001030286067490C9808600C98203066498F
:104B0000086003F0E9FF03900398CAF80C00002046
:104B100011B0BDE8F08F0E98401C80B20E9000BF1F
:104B200000BF55480068401C53490860BBF1010FA5
:104B300002D14FF4006908E0BBF1030F02D14FF43A
:104B4000707902E04E48D0F80090286800286ED0B6
:104B50002868484501D94F4600E02F6856460E9810
:104B6000012839D1ADF818400020ADF81A004848A6
:104B70000068079004A8F6F735FF059809904748A4
:104B8000008880B200E072E0ADF820004448008860
:104B900080B2ADF82200042C04D14FF478104149C2
:104BA000086003E04FF474103E490860103610228C
:104BB00006A95046EBF7D7FD103F30480068401C6F
:104BC0002E49086008460068012801D902200860C3
:104BD0003548006835490860B8464746B8F1600F67
:104BE00000D160272448006840F21111884201D1A9
:104BF0002149086027480068D0B1264800688742EC
:104C000002D92448D0F80080284B42462548016844
:104C10003046F6F737FC23480068404421490860D5
:104C20001C480068A0EB08001A49086002E012E086
:104C30004FF000081748006858B946441B48006800
:104C400030601648C068706019480068F060002045
:104C50005EE700205CE700BF042C03D10020094977
:104C6000087002E0002008490870002050E700208A
:104C70002860401F4CE7000058040020500400202A
:104C8000300400205C0300205D0300205E03002050
:104C900040040020540400204404002044DD00208F
:104CA00054DD0020480400205C0400204C04002057
:104CB00028CC030810B51049C8680821F6F7C8FACF
:104CC00008B9012000E000200446204610F094F9C5
:104CD00000F0010040B10948007A28B1084909787C
:104CE00001F00F00F5F7C6FD054800780549C1F849
:104CF0000500204610BD0000E008002060DF002015
:104D00004E0B002037F2002070B504460D460A48CD
:104D1000008884420EDA094800EB041085700749C8
:104D200001EB0411087B00F0CBFF044800EB0410FA
:104D3000007B70BD0020FCE7E801002000000010AF
:104D4000F8B505460026002425E00120A0402840B3
:104D500000B3444890F83C00D8B1424890F8640051
:104D60000121A140084090B93F48005D00F00100DA
:104D700058B93D48C01D005D00F0010028B93A480F
:104D8000C01C005D00F0010020B1012602E00126F8
:104D900000E00126641C032CD7DB05F00F0000B1F6
:104DA00000BF082D31D12F4890F83D0060B32D4849
:104DB00090F8640030BB2D48D0F82D0000EE100AAA
:104DC000B5EEC00AF1EE10FA1AD12848D0F8320038
:104DD00000EE100AB5EEC00AF1EE10FA10D122482A
:104DE000C07800F0010048B91F48007900F00100C8
:104DF00020B91D48407900F0010030B1012604E0DF
:104E0000012602E0012600E001268EB11648407E10
:104E100020F00100401C144948760846407E0022DC
:104E200013460146009040F6DC30EEF7A1FB14E09B
:104E30000D48407E00F0010078B10B48407E20F024
:104E40000100094948760846407E00221346014683
:104E5000009040F6DC30EEF78BFB0EB90120F8BD78
:104E60000020FCE744D5002039D9002054D9002087
:104E700010B50248F7F717F810BD0000E40C002049
:104E800001B581B09DF805008DF800009DF8040083
:104E90008DF80100BDF800000CBD000070B505469E
:104EA0000C461646094800EB04100580074800EB45
:104EB00004108670054901EB0411087B00F000FF27
:104EC000024800EB0410007B70BD000000000010E1
:104ED0000346054800EB01100380034800EB011076
:104EE0004273062070470000C8F100201CB504463C
:104EF0006748D0F84600204000287DD06448D0F8AC
:104F00004600A0436249C1F8460001F1460001682D
:104F1000009100798DF804000F20019AEEF716FD3C
:104F20005C48F6F75FFD04F0020038B1062000236C
:104F30001A465849009003C9FEF77CF804F4005063
:104F400038B1072000231A465249009003C9FEF7E2
:104F500071F804F0800038B10A2000231A464D4948
:104F6000009003C9FEF766F804F0400038B10B204A
:104F700000231A464749009003C9FEF75BF804F086
:104F8000200038B1112000231A464249009003C97D
:104F9000FEF750F804F0080038B1122000231A463A
:104FA0003C49009003C9FEF745F804F0010038B110
:104FB0001A2000231A463749009003C9FEF73AF831
:104FC00004F0040038B10D2000231A463149009046
:104FD00003C9FEF72FF804F4006038B10E20002357
:104FE0001A462C49009003C9FEF724F804F010007B
:104FF00048B11020002300E047E01A462549009000
:1050000003C9FEF717F804F4804038B108200023E4
:105010001A462049009003C9FEF70CF804F48050AA
:1050200038B10F2000231A461A49009003C9FEF731
:1050300001F804F4806038B10C2000231A461549A9
:10504000009003C9FDF7F6FF04F4807038B1042026
:1050500000231A460F49009003C9FDF7EBFF04F443
:10506000007038B1052000231A460A49009003C990
:10507000FDF7E0FF04F4004038B11E2000231A467B
:105080000449009003C9FDF7D5FFF3F75FFA1CBD93
:1050900080DD0020B809002010B50248F7F70DFCAC
:1050A00010BD0000F40C00202DE9FF4F89B00C4624
:1050B000174699464FF0FF38A2461023224605A90D
:1050C0000998F5F77FF98346BBF1000F03D0042060
:1050D0000DB0BDE8F08F10340698401C08B90520CB
:1050E000F6E7002610E0A219012301A90998F5F7B7
:1050F00069F908F0FF009DF804104840264951F86E
:10510000200080EA1828761C0698B042EBD8079851
:10511000404502D04FF0FF30DAE700BF08232246B7
:1051200002A90998F5F74EF908340298401C40B9D5
:10513000A4EB0A0010380699884200D124E003202D
:10514000C6E7029881B24846F3F727FB054615B932
:1051500003980444E2E76868039988420BD00F493A
:105160000298C1F80A000398C1F80A006868C1F8FB
:105170000A000220ACE72246D5E901310998F5F78B
:1051800021F903980444C9E700BF1FB105A80FC85F
:1051900087E80F0000209BE728C80308C0DC002038
:1051A00000BF13480068401C11490860114800689E
:1051B0000FF0DCFC10F072F84FF47A7012F040FF40
:1051C0000D48007A00F005000528EAD10B48007868
:1051D00000F008000028E4D10948C079012803D173
:1051E00002210748C171DCE701210548C171D8E7F8
:1051F000340200201C02002018DD002020020020C4
:10520000080200202DE9FF4F91B082469046994652
:10521000DDF878B0BAF1010F06D0BAF1020F08D06C
:10522000BAF1030F0DD108E0374C4FF0C0652E46A0
:1052300007E0364C0025002603E0354C002500260B
:1052400000BF00BFB8F1070F04DD01218805FDF79D
:10525000BDFF03E001214805FDF7B8FFBBF1000FDA
:1052600001D05F4600E02B4F2B4850F828001090EB
:105270001098EEF78BFF019504F10C000290039754
:105280004020049001200590002006904FF480609B
:1052900007900020089009900A90CDF82C900E906D
:1052A0000F900C900D9001A91098EFF7DFF81F9860
:1052B00008B11F9F00E0174F1749129851F82000BE
:1052C00010901098EEF762FF019604F10C00029026
:1052D00003970020049001200590002006904FF4D1
:1052E000806007900020089009900A90CDF82C90DB
:1052F0000E900F900C900D9001A91098EFF7B6F852
:1053000015B0BDE8F08F00000030014000380040CB
:10531000003C0040200900207C08002021B10268E8
:1053200042F04002026004E002684FF6BF731A4088
:10533000026070472DE9F04106468846022E00D0F3
:10534000194F1A48056800BF0221384600F0A0F83E
:10535000044624B915480068401B0328F4D314B947
:105360000020BDE8F0814146384600F09EF800BFBD
:105370000121384600F08CF80028F9D00B48056868
:1053800000BF0121384600F083F8044624B90748DD
:105390000068401B0228F4D30CB90020E1E738462E
:1053A00000F07FF8DDE7000000380040A809002089
:1053B00070B505461848066800BF0221174800F07E
:1053C00067F8044624B914480068801B0228F4D307
:1053D0000CB9002070BD2946104800F066F800BFE7
:1053E00001210E4800F054F80028F9D00A48066858
:1053F00000BF0121094800F04BF8044624B90648D3
:105400000068801B1428F4D30CB90020E2E703489D
:1054100000F047F8DEE70000A8090020003C00404B
:1054200010B51AB143680B43436004E04368CC43B2
:10543000A4B22340436010BD10B504461148844215
:1054400008D101218014FDF701FF0021A014FDF710
:10545000FDFE16E00C48844208D101210014FDF73E
:10546000D5FE00212014FDF7D1FE0AE00748844252
:1054700007D10121C013FDF7C9FE0021E013FDF79C
:10548000C5FE10BD0030014000380040003C004027
:105490000246002093680B400BB1012000E0002081
:1054A00070470146C86880B27047C160704710B548
:1054B000002203689AB202F441520B884C882343BD
:1054C0008C882343CC8823430C8923434C89234372
:1054D0008C892343CC8923431A430260C3694FF26A
:1054E000FF742340C3610B8A036110BD70B504468D
:1054F00000BF1648006800F002000028F9D01348E9
:10550000006800F080000028F3D121460F480838D9
:10551000FFF7CBFF00BF0D48006800F00200002835
:10552000F9D00A48006800F080000028F3D101217A
:1055300006480838FFF7ACFF012804D103480838B3
:10554000FFF7AFFFC5B2284670BD0000083C004021
:105550002DE9F0418EB006468846174601AA41461D
:105560003046F6F76BF920B14FF0FF300EB0BDE8D2
:10557000F081012E04D0022E09D0032E15D10DE0AA
:105580003A4D01210803FDF751FE05240DE0384D89
:1055900001218803FDF72AFE052406E0354D01218F
:1055A000C803FDF723FE062400BF00BF9DF80A10C4
:1055B00022460198F5F798FD9DF8121022460398AF
:1055C000F5F792FD9DF81A1022460598F5F78CFD27
:1055D000BDF808000C9002208DF834008DF83500DD
:1055E00000208DF836008DF837000CA90198F5F7EA
:1055F00033FDBDF818000C900CA90598F5F72CFDAB
:10560000BDF810000C9002208DF834000CA903980E
:10561000F5F722FD2846FFF70FFF0020ADF81C002C
:105620004FF48270ADF81E000020ADF82000ADF8F8
:105630002200ADF824004FF40070ADF82600ADF85C
:1056400028700020ADF82A000720ADF82C0007A92B
:105650002846FFF72CFF012203212846FFF7E0FE32
:1056600001212846FFF75AFE00207FE70030014065
:1056700000380040003C00407047704730B50022C1
:105680008B071C0F0F2303FA04F20B4B8C1053F8FB
:1056900024309343084C8D1044F8253023468C1059
:1056A00053F824308C07240F00FA04F42343024CEF
:1056B0008D1044F8253030BD0838014010B5142253
:1056C00002490348EBF74FF810BD0000B8DE002098
:1056D00025D900200FB4F0B587B00446119D0026EF
:1056E0000E2707208DF800000320ADF802001648B1
:1056F0000088ADF8040002208DF80100ADF80640E6
:1057000000208DF808000D98CDF8090000208DF8D4
:105710000D00022D0DD1601C80B2ADF80E000020EE
:105720008DF810000F98CDF8110000208DF81500AD
:105730001627002239466846FDF7ACFA0646304681
:1057400007B0F0BC5DF814FBE60100201CB5002496
:1057500032E004EB8401264A11440A680092097978
:105760008DF8041004F57A6188B2DDE90012EEF7D5
:10577000BFF804EB84021E490F3111440A680092FD
:1057800009798DF8041004F6A37188B2DDE90012DE
:10579000EEF7AEF804EB840215491E3111440A6895
:1057A000009209798DF8041004F6A67188B2DDE93B
:1057B0000012EEF79DF8641C032CCADB0C482D3058
:1057C0000168009100798DF8040040F6A970019AF3
:1057D000EEF78EF80648D0F832100091C08EADF882
:1057E000040040F6AA70019AEEF782F81CBD000092
:1057F00054D9002070B506460C4615462B2D38D1DD
:105800003C20344908703448007848703348008898
:105810003C2816DD3248334A128881183C222D4834
:10582000001DEAF7A0FF2D4800883C382B4908806E
:105830002C4800883C302B4908803C202549488072
:1058400010E02748274A12888118244802882148F6
:10585000001DEAF788FF214800881E494880002083
:105860002149087040231B4A0021084607F08CFBA1
:105870002FE03C2017490870084645703C2C1ADD83
:10588000224631461648EAF76EFF3C20114948800F
:105890003C2213490F48001DEAF7AAFFA4F13C007F
:1058A0000E4908800C4805703C200E4908800120F4
:1058B0000D49087007E007494C80224631460548EB
:1058C000001DEAF750FF4023024A0021084607F076
:1058D0005BFB70BD101A00208203002080030020B3
:1058E000541A002084030020750300202DE9F0479E
:1058F0008246884616462B2E38D13C203F490870F8
:105900003F48007848703F4800883C2816DD3E48F4
:105910003E4A128881183C223848001DEAF723FFCE
:10592000384800883C3837490880384800883C307F
:10593000364908803C203149488010E03248334ADB
:10594000128881182F4802882C48001DEAF70BFFA7
:105950002C4800882949488000202D4908704023A0
:10596000264A0021084607F00FFB45E04FF6FF707E
:1059700000EA8805052095FBF0F085B23C201F4920
:105980000870084646700124002711E01AF8071035
:10599000601E1D4A1154E11704EB91718910A4EBAC
:1059A000810109B9781C87B2601C84B2781C87B267
:1059B000AC42EBDD3C2D02DD4FF03C0900E0A94696
:1059C0000E48A0F802903C220F49001DEAF710FF94
:1059D00040230A4A0021084607F0D6FA3C2D0BDD89
:1059E000A5F13C0007490880054806703C2007499E
:1059F0000880022006490870BDE8F087101A0020D0
:105A00008203002080030020541A00208403002019
:105A1000750300202DE9F05F8046894617462B2F3D
:105A200038D13C20474908704748007848704748BB
:105A300000883C2816DD4648464A128881183C22D8
:105A40004048001DEAF78FFE404800883C383F4937
:105A50000880404800883C303E4908803C20394955
:105A6000488010E03A483B4A12888118374802883B
:105A70003448001DEAF777FE3448008831494880F1
:105A800000203549087040232E4A0021084607F0BF
:105A90007BFA55E04FF6FF7000EA8905052095FB7B
:105AA000F0F085B23C202749087008464770012471
:105AB0004FF0000B00261FE018F80610601E244A65
:105AC0001154E11704EB91718910A4EB810179B9AC
:105AD00008EB0600407828B19FED200A1046584494
:105AE00080ED000A0BF104001FFA80FB701C86B2E7
:105AF000601C84B2701C86B2AC42DDDD3C2D02DD40
:105B00004FF03C0A00E0AA460E48A0F802A03C2252
:105B10000F49001DEAF76CFE40230A4A002108469F
:105B200007F032FA3C2D0BDDA5F13C000749088057
:105B3000054807703C200749088002200649087084
:105B4000BDE8F09F101A002082030020800300208F
:105B5000541A00208403002075030020FFFF7F7F7C
:105B600070B504460D462B2D38D13C203C490870B9
:105B70003C48007848703C4800883C2816DD3B488B
:105B80003B4A128881183C223548001DEAF7EBFD9C
:105B9000354800883C3834490880354800883C3016
:105BA000334908803C202E49488010E02F48304A75
:105BB000128881182C4802882948001DEAF7D3FD75
:105BC000294800882649488000202A490870402337
:105BD000234A0021084607F0D7F93FE03C2020493E
:105BE0000870084645707CB33C2C19DD3C20488089
:105BF0003C221E491A48001DEAF7FAFDA4F13C00B8
:105C000019490880174805703C201949088003206D
:105C10001849087018480088401C174908800CE093
:105C20000F494C80224611490D48001DEAF7E0FD5E
:105C300012480088401C114908804023084A00216E
:105C4000084607F0A1F909E0FFE700200449488071
:105C500040230A460021084607F096F970BD00006F
:105C6000101A00208203002080030020541A002014
:105C70008403002075030020860300208803002091
:105C800010B504460A48005D88B10A48007870B132
:105C9000094850F8240050B10520084921F81400A3
:105CA000054951F824004FF4007112F091FA10BD2B
:105CB0004B01002042010020200100204001002073
:105CC00010B5044604F0010010B10020FFF7D8FF22
:105CD00010BD000010B504463C2007490870F020B4
:105CE0004870012088700020C870084604710521A2
:105CF00005F052F810BD0000101A0020F0B5034660
:105D000015464248826803B111B96FF00400F0BD36
:105D10003E48007900F0020010B94FF0FF30F6E77E
:105D2000BAB93A4840793A4E06EB4010006800F0A4
:105D3000004010B16FF00100E9E734484079344E7B
:105D400006EB401082683148407906EB4010416014
:105D50000CE02E4840792E4E06EB40104068084477
:105D60002A4E76792A4F07EB4616706006E01868CF
:105D70001060586850600832083308390729F6D88F
:105D800004E018881080921C9B1C891E0129F8D8F9
:105D900019B113F8010B02F8010B05F0010018B15D
:105DA0001A4882600020B2E718484079184E06EB86
:105DB0004010006820F440041448C07908B144F44D
:105DC000400424F0844405F0020008B144F080440B
:105DD00044F000400D4E76790D4F07EB46163060CB
:105DE0000A484079401C094E7071304640790228BB
:105DF00001D1002070710020044EB0600220054ED9
:105E000070610020706000BF81E700000440012045
:105E1000904001200090024010B504463C20064905
:105E200008700846447000208870C8700421024839
:105E300004F0B2FF10BD0000101A00202DE9F0415F
:105E400004460E461746154850F8240010B90220A3
:105E5000BDE8F081124901EB44203A463146EAF7A9
:105E600082FC19E00E4A02EB44210C4A52F824004D
:105E700000233A4613F08AFB0546281D18B9012075
:105E800012F0DEF808E0002D01DA0120E0E7012041
:105E900012F0D6F80020DBE7E4E70000EC00002079
:105EA000140D00202DE9F04105460E46174616E078
:105EB00000233A463146284613F068FB0446201D6D
:105EC00018B9012012F0BCF809E0002C02DA012018
:105ED000BDE8F081012012F0B3F80020F8E7E7E711
:105EE00010B504460120034908552046FFF7C8FEB7
:105EF00010BD00004B01002010B51B4800680328AE
:105F000030D219480068401C1749086008460168EB
:105F10000420FDF785FC4FF48070144908600846A2
:105F200001680620FDF77CFC00BF00BF00BF00BF7A
:105F300000BFBFF34F8F00BF00BF00BF0C48006819
:105F400000F4E0600B490843001D0949086000BFE8
:105F500000BF00BFBFF34F8F00BF00BF00BF00BF37
:105F600000BFFDE710BD0000D0050020D4050020D3
:105F70000CED00E00000FA0570B504460D461CB9B2
:105F800015B16FF0040070BD4848007900F00200C0
:105F900010B94FF0FF30F6E74548406840F2044141
:105FA00088434349486000208860C86035B98864E8
:105FB000C864086548658865C865E4E72079617943
:105FC00040EA012040F0004039498864E07800064A
:105FD000A17840EA0140617840EA01202178084335
:105FE0003349C8646D1E2DB9002008654865886571
:105FF000C865C8E7A41D2079617940EA012040F016
:1060000000402B490865E0780006A17840EA01408D
:10601000617840EA012021780843254948656D1ED2
:106020001DB900208865C865ADE7A41D2079617998
:1060300040EA012040F000401D498865E0780006F4
:10604000A17840EA0140617840EA012021780843C4
:106050001749C8656D1E0DB9002094E7A41D1AE00C
:10606000062120460EF0B4FF860E06F0200048B14F
:106070000F48806806F01F020121914008430C4937
:10608000886006E00A48C0680121B1400843084919
:10609000C860A41D6D1E002DE2D10548406840F285
:1060A000044108430249486000206CE70440012095
:1060B0000080024070B50546002406E0044931F82E
:1060C0001400294600F056FF641C062CF6DB70BD58
:1060D00004D500204D48007820F007004B49087097
:1060E0000846007820F0380008700846008820F440
:1060F000E0700880464801784448407861F34300E6
:1061000042494870424841784048407861F306105F
:106110003E4948703E4881783C48B0F8010061F340
:10612000C9103A49A1F801000846C07820F03F00A4
:106130003F30C8700846007920F0400133480171B3
:10614000007920F0800131480171407920F003008E
:10615000401C2E4948710846407920F00400001D7B
:1061600048710846407920F0080008304871084618
:10617000407920F01000103048710846407920F036
:106180002000203048710846407920F0C00080305F
:106190004871502088710846C07920F0E0006030D6
:1061A000C8710846007A20F0030118480172007A8D
:1061B00020F00C000C30154908720846007A20F0D7
:1061C0003000303008720846007A20F040010F4855
:1061D0000172007A20F080010C480172407A20F0B0
:1061E00040004030094948720846407A20F080005B
:1061F00048720846807A20F03F0104488172C07AD4
:1062000020F03F010148C172704700003422002095
:106210005F05002070B52DED028B05462846FEF780
:106220008FFD00287CD00926002450E00120A040EA
:106230002840E8B304EB84013A480844006808EEBB
:10624000100A04EB840138480844006800EE100A84
:1062500070EE088A04EB840133480844006800EEBD
:10626000100A30EE080A314800EB8400D0ED000A35
:1062700030EE600A10EE100A04EB84022A49114441
:10628000086004EB840128480844006800EE100A06
:1062900038EEC00A10EE100A04EB840222490F39CE
:1062A0001144086004EB84001E490F39084400E0E3
:1062B0000BE0006804EB84011B4A1E3A114408609D
:1062C0001046806BB043114688637600641C032C33
:1062D000ACDB05F0080088B112480F38C06B1249DA
:1062E0001E39C1F82D000F480F38D0F84100C1F811
:1062F00032000846806B20F4407088630BF0AEF8E3
:10630000FDF774FE05F0080008B101F0C9F801F0CE
:1063100035FDFFF71BFA0020BDEC028B70BDFFE7D7
:106320001020F9E716D8002072D9002090D500205F
:106330002DE9F04F04460D4616461F46DDE90BAB2E
:10634000DDE9098925480088322802DB0020BDE804
:10635000F08F23482149098800EB01100460204890
:106360001E49098800EB011085801D481B490988DA
:1063700000EB0110C0F8066019481849098800EBC5
:106380000110877216481549098800EB011080F842
:106390000C8013481149098800EB011080F80D901A
:1063A0000F480E49098800EB011080F80EA00C4838
:1063B0000A49098800EB011080F80FB007480088EF
:1063C000401C064908800D9820B10121034800882F
:1063D00000F0D0FD01480088B9E700004E01002020
:1063E0006406001010B55A4A0221652000F066FECE
:1063F000584A10214FF47A7000F060FE564A10217E
:1064000040F24C4000F05AFE544A07214FF4166007
:1064100000F054FE524A0E2140F6741000F04EFE79
:10642000504A032140F6543000F048FE4E4A032102
:1064300040F6683000F042FE4C4A052141F29510CA
:1064400000F03CFE4A4A072141F6583000F036FE83
:10645000484A0F21012000F0FDFD474A0521282070
:1064600000F0F8FD454A022141F2A81000F0F2FDCB
:10647000434A1A2140F6C33000F07CFA414A012118
:1064800040F61C4000F076FA3F4A07214FF4617055
:1064900000F04AFD3D4A022141F2F81000F044FDAF
:1064A0003B480121026840F28B3000F03DFD394A43
:1064B0000B214FF47A6000F001FE374A162140F2BA
:1064C0008E3000F031FD354A082143F2C82000F03B
:1064D000C1FD334A022143F22C3000F0BBFD314AAA
:1064E000012140F2223000F01FFD2F4A022140F22C
:1064F0002D3000F019FD2D4801F0E4FA06232C4A56
:106500004FF480510120EDF73BF90623294A4FF45F
:1065100080310420EDF734F90623264A4FF4803108
:106520000520EDF72DF90623234A4FF47011184684
:10653000EDF726F90623214A4FF480510120EDF7AB
:10654000C5F806231E4AD9030320EDF7BFF810BD96
:10655000080D002044D7002094D70020E4D7002065
:1065600007D8002007D9002016D90020D0D8002055
:1065700010D5002080DD0020CBDD002037F2002088
:1065800039D90020F206002034D500201402002062
:10659000C806002054D9002090D90020C0DC00207B
:1065A000FA030020DC06002010040020A9120208D3
:1065B000E1440208754A02082D460208F11E03084C
:1065C000C530030830B585B00124002001210191B8
:1065D000CDE902140490032007239E4A0F21009066
:1065E0000120FFF7A5FE002001210191CDE9034024
:1065F0000723994A0291009005212820FFF798FE71
:10660000002002210122CDE901210D23CDE9034023
:106610000092924A6520FFF78BFE002003210123A0
:10662000CDE90130CDE9031007238D4A0091022105
:106630007820FFF77DFE01200190CDE9020404904F
:1066400003200723874A0421009043F2C820FFF764
:106650006FFE00200122CDE901200D23CDE903408A
:106660000092814A10214FF47A70FFF761FE7F4952
:10667000088000200122CDE901200D23CDE903404F
:1066800000927B4A102140F24C40FFF751FE7749BF
:10669000488000200122CDE901200D23CDE90340EF
:1066A0000092744A07214FF41660FFF741FE6F49CC
:1066B000888000200122CDE901200D23CDE903408F
:1066C00000926D4A0E2140F67410FFF731FE6749C3
:1066D000C8800120082101AA13C2049003200D23C1
:1066E000664A0146009040F65430FFF721FE5F49AC
:1066F00008810120082101AA13C2049003200D2360
:106700005F4A0146009040F66830FFF711FE574996
:10671000488100200122CDE901200D23CDE903406D
:106720000092584A052141F29510FFF701FE5649A3
:10673000088000200122CDE90120CDE9034003209B
:106740001E23524A1A21009040F6C330FFF7F0FD95
:1067500000200122CDE90120CDE9034003201E23C2
:106760004B4A0121009040F61C40FFF7E1FD00205C
:1067700001210191CDE902140723464A00910490BA
:10678000022141F2A810FFF7D3FD002002210122CF
:10679000CDE902140192049003200D233E4A0B21FF
:1067A00000904FF47A60FFF7C3FD00200F2101AA8B
:1067B00013C204900723394A0121009041F2F810D6
:1067C000FFF7B6FD002010210122CDE9021401924D
:1067D000049003200D23324A0721009041F65830DF
:1067E000FFF7A6FD2F480078C00908B1012500E099
:1067F000002523462C4A4FF480310120ECF730FF6E
:1068000023462A4A29460120ECF78AFF2346284AD4
:1068100001210620ECF784FF2346264A01210420AB
:10682000ECF77EFF2346234A01210520ECF778FF91
:106830000323214A19041846ECF712FF1F4800F001
:1068400061FB1F4800F064FB1E4800F067FB05B0C9
:1068500030BD000080DD0020CBDD0020080D0020D1
:1068600014110020C0DC002044D7002004D50020F3
:1068700094D70020E4D7002007D8002007D90020B3
:1068800016D90020D0D80020D806002039D9002001
:10689000F206002037F2002054D900201402002014
:1068A00010D5002044080020F11E0308E14402082E
:1068B0002D460208754A0208C5300308CD29010893
:1068C000C92C0108E12D010870B505460C46E1B25E
:1068D0002846EBF797FE06463046FEF7D1FA2853D6
:1068E00070BD00000F48C178022912DA81780229B0
:1068F00007DA0D4949680D4A116004210C4A1160FC
:106900000EE009490969094A11608021084A1160AD
:1069100006E005490969054A11608021044A1160B1
:10692000704700004CDD0020E00800202C03002010
:106930003003002001EE101AB8EE411AF0EE410AC1
:1069400001EE100AB8EE411AB0EE410A80EE201AAC
:10695000DFED061A21EE211AB0EE410ABCEEC01A94
:1069600011EE102A024B1A70704700000000C84256
:10697000A803002030B5154B1B78082B00DB30BD79
:10698000124B1B7803EB8303114C04EB83035980F8
:106990000E4B1B7803EB830324F823000B4B1B786F
:1069A00003EB830304EB83035A606FF00203074C8D
:1069B000247804EB8404064D05EB8404E360034B68
:1069C0001B785B1C014C237000BFD8E7730A0020C2
:1069D00030E600201FB569461D48006802F082F8C5
:1069E0009DF8040000F01F008DF80E009DF80500D2
:1069F00000F00F008DF80D009DF8060000F07F00FC
:106A00008DF80F009DF8040040098DF80C009DF8EA
:106A1000030000F01F008DF808009DF8020000F050
:106A20003F008DF80900BDF8000000F5FA704FF442
:106A30007A7190FBF1F0C0B28DF80A0003A9002032
:106A4000FCF7F2FD02A90020FCF752FE1FBD00007A
:106A50002402002070B504460D462C221549164824
:106A6000E9F7C6FEA22C1FD1202214491448E9F7E9
:106A7000BFFE3D2213491448E9F775FE3D22114936
:106A800011483D30E9F76FFE1048114AD2E9003154
:106A90009268C0E9003182600E480F4BD3E90021B3
:106AA0009B68C0E90113026068220C490C48E9F7B1
:106AB0009FFE70BDC0CD030818DD00206CCF030819
:106AC000B8DE002004D00308D8DE002054DF002008
:106AD000BCD0030860DF0020ECD0030858CD0308C9
:106AE00044D500201CB504466748D0F84600204035
:106AF00000287DD16448D0F8460020436249C1F89F
:106B0000460001F146000168009100798DF804000B
:106B10000F20019AECF71AFF5C48F4F763FF04F0CA
:106B2000020038B10620012300225849009003C911
:106B3000FCF780FA04F4005038B10720012300224A
:106B40005249009003C9FCF775FA04F0800038B18F
:106B50000A20012300224D49009003C9FCF76AFA7C
:106B600004F0400038B10B20012300224749009077
:106B700003C9FCF75FFA04F0200038B111200123AB
:106B800000224249009003C9FCF754FA04F00800BF
:106B900038B11220012300223C49009003C9FCF7C0
:106BA00049FA04F0010038B11A20012300223749C4
:106BB000009003C9FCF73EFA04F0040038B10D2040
:106BC000012300223149009003C9FCF733FA04F491
:106BD000006038B10E20012300222C49009003C927
:106BE000FCF728FA04F0100048B11020012300E05F
:106BF00049E000222549009003C9FCF71BFA04F480
:106C0000804038B10820012300222049009003C9A8
:106C1000FCF710FA04F4805038B10F200123002251
:106C20001A49009003C9FCF705FA04F4806038B1F2
:106C30000C20012300221549009003C9FCF7FAF942
:106C400004F4807038B10420012300220F49009021
:106C500003C9FCF7EFF904F4007038B105200123F3
:106C600000220A49009003C9FCF7E4F904F400404B
:106C700038B11E20012300220449009003C9FCF70B
:106C8000D9F9F1F763FC1CBD80DD0020B8090020B4
:106C90007FB504460E46154602A8F4F7A3FE9DF8FC
:106CA000040065F30000019004F6D33006EB4601C2
:106CB00008442B4600220090DDE90201FCF726FA89
:106CC00004F6D33106EB4602881801A90EC9ECF789
:106CD0004FFC06B30021224840F824102148005DF3
:106CE00065F300001F49085555B11F48D0F80A0048
:106CF000E11C01228A4010431B49C1F80A002EE022
:106D00001948D0F80A00E11C01228A409043164934
:106D1000C1F80A0023E00021144840F8241011486B
:106D2000C01E005D65F300000E49C91E08555DB127
:106D30000D48D0F8050004F10D0101228A401043EE
:106D40000949C1F805000AE00748D0F8050004F138
:106D50000D0101228A4090430349C1F805007FBD1F
:106D6000B4D400204CD9002028F20020D0D4002038
:106D70007FB505460C4602A8F4F734FE9DF80400E2
:106D800064F30000019005F6DA30234600220090FB
:106D9000DDE90201FCF7BAF905F6DA3001A90EC9FE
:106DA000ECF7E6FBDDB100201B4988611B48007E43
:106DB00064F300001949087644B11948D0F80A0074
:106DC00040F040001649C1F80A0023E01448D0F80A
:106DD0000A0020F040001249C1F80A001AE0002021
:106DE000104988610D48C07D64F300000B49C875E7
:106DF00044B10B48D0F8050040F400300849C1F810
:106E0000050007E00648D0F8050020F400300449EA
:106E1000C1F805007FBD0000A8D4002039D90020AA
:106E200028F20020C4D400207FB504460E46154643
:106E300002A8F4F7D7FD9DF8040065F30000019067
:106E400004F6CD3006EB460108442B4600220090A4
:106E5000DDE90201FCF75AF904F6CD3106EB4602F2
:106E6000881801A90EC9ECF783FBF6B1002021496F
:106E700041F824002048005D65F300001E490855D4
:106E80004DB11E48D0F80A100120A04001431B4814
:106E9000C0F80A102DE01948D0F80A000121A140DD
:106EA00088431649C1F80A0023E00020144941F83C
:106EB00024001148C01E005D65F300000E49C91E84
:106EC00008555DB10D48D0F8050004F10A01012212
:106ED0008A4010430949C1F805000AE00748D0F884
:106EE000050004F10A0101228A4090430349C1F8D8
:106EF00005007FBDA8D4002046D9002028F200203C
:106F0000C4D400200149086070470000340100200B
:106F100001490860704700003801002001490860FD
:106F2000704700003C01002010B5104B1B78052B6A
:106F300000DB10BD0D4B1B7803EB83030C4C04EB03
:106F400083035980094B1B7803EB830324F8230048
:106F5000064B1B7803EB830304EB83035A60034B5C
:106F60001B785B1C014C237000BFE2E7720A002013
:106F7000CCE50020F0B50D46002868D0461EB0B222
:106F8000334E06EB0016B288314E06EB0016B67A89
:106F90001E2E0DD006DC012E09D0072E26D00D2E78
:106FA00054D13BE0212E22D0242E4FD137E000BF18
:106FB000274E06EB0016D6F8061014E045B10E7801
:106FC000802707EAD6160F7866F3C7170F7007E019
:106FD0000E787F2747EAD6160F7866F3C7170F702B
:106FE000491C561CB2B2002AE8D12FE000BF184E4F
:106FF00006EB0016D6F806400DE02DB1267926F0F6
:1070000080068036267103E0267926F080062671F8
:10701000641D561EB2B2002AEFD117E000BF0C4E1D
:1070200006EB0016D6F806300DE02DB11E7926F0DD
:10703000800680361E7103E01E7926F080061E71E0
:107040005B1D561EB2B2002AEFD100BF00BFF0BDDB
:107050006406001030B5174B1B78172B00DB30BDD2
:107060004FF6FF7303EA4103124C247804EB8404C7
:10707000114D05EB840463800E4B1B7803EB8303F7
:107080002C4624F823000B4B1B7803EB830304EB03
:1070900083035A606FF00103064C247804EB8404E8
:1070A00005EB8404E360034B1B785B1C014C2370ED
:1070B00000BFD4E7710A002000E4002030B5174B70
:1070C0001B78172B00DB30BD4FF6FF7303EA41033B
:1070D000124C247804EB8404114D05EB8404638086
:1070E0000E4B1B7803EB83032C4624F823000B4B39
:1070F0001B7803EB830304EB83039A604FF0FF33A9
:10710000064C247804EB840405EB8404E360034B11
:107110001B785B1C014C237000BFD4E7710A002070
:1071200000E4002002460948807A00F0020010B90D
:107130004FF0FF307047012A01D1002102E06FF0CB
:10714000030100BF00BF0846F4E70000F83F01203C
:107150009FED1F0A10EE101A1E4A52F820201160EF
:107160009FED1B0A10EE101A1A4A083252F820201E
:1071700011609FED170A10EE101A164A103252F8DD
:1071800020201160134951F82010097921F0800165
:107190008031104A52F8202011710E49083151F8FF
:1071A0002010097921F0800180310A4A083252F812
:1071B000202011710749103151F82010097921F070
:1071C00080018031034A103252F82020117170473B
:1071D000FFFF7F7F24D10020014611B96FF004002A
:1071E00070470E48007900F0020010B94FF0FF30F0
:1071F000F6E708794A7940EA0220094A1064C8781B
:1072000000068A7840EA02404A7840EA02200A787A
:107210001043034A50640020E2E7000004400120CC
:107220000080024070B505460C46207810B1022857
:1072300013D108E000200C4908700C490870112097
:10724000FEF7EAFD0DE0012007490870022007491A
:1072500008701120FEF7E0FD03E00E20FEF73AFD76
:1072600000BF00BF70BD0000380000207C09002076
:1072700070B505461F48807A00F0020010B94FF043
:10728000FF3070BD1B48008900F4006405F0030066
:1072900010B1012804D100E005E044F4005402E0FC
:1072A0006FF00300EDE700BF05F0040010B1042803
:1072B00004D100E005E044F4807402E06FF00300C4
:1072C000DFE700BF05F0080008B144F4805405F082
:1072D000100008B144F4804405F0200008B144F4E3
:1072E0008064044804810289002143680846984765
:1072F000C7E70000F83F01200448007A00F00100D1
:1073000010B102200249C8707047000018DD00204B
:107310009802002070470000F0B505AC70CC08B1B1
:107320000A4F388009B10A4F39800AB1094F3A80B3
:107330000BB1094F3B800CB1084F3C800EB1084F98
:107340003E800DB1074F3D80F0BD0000E6010020FA
:10735000E40100200C0100200E010020100100209B
:10736000140100201201002070B505460C4620785B
:1073700020B101280FD0022824D119E0002014499F
:1073800008701449087014490870FCF78DFB11202F
:10739000FEF742FD1AE001200F49087000200F4956
:1073A000087001200A4908701120FEF735FD0DE034
:1073B0000120084908700220054908701120FEF7D5
:1073C0002BFD03E00E20FEF785FC00BF00BF70BD63
:1073D0007C09002038000020490B0020480B0020C9
:1073E000811E062941D2DFE801F0030E18222C3657
:1073F0004FF080411E4A116001211E4A11601C217C
:107400001D4A117031E01D49194A11600221194AC3
:1074100011601D21184A117027E01949144A1160A2
:107420000421144A11601E21134A11701DE01549F0
:107430000F4A116008210F4A116032210E4A117063
:1074400013E011490A4A116010210A4A11603621DD
:10745000094A117009E00D49054A11602021054AC9
:1074600011603721044A117000BF00BF704700004F
:107470009C090020A0090020A4090020000400406D
:1074800000080040000C00400010004000140040C4
:10749000024B03EB800211607047000040FE0120A8
:1074A00070B52DED088B2E48D0F82D40D0F8321055
:1074B000084614F091F841EC1A0B9FED2A0B53EC9F
:1074C000102B13F093FD41EC190B9FED280B53EC9F
:1074D000102B13F029FB41EC180B13F03FFA054673
:1074E000284614F079F841EC1B0BB0EE4B0AF0EE95
:1074F0006B0A0CF0D5F9B0EE409AF0EE609A204697
:1075000014F06AF841EC1A0B53EC192B13F06EFDD2
:1075100041EC180B13F022FA16490860284614F0C3
:107520005BF841EC1B0BB0EE4B0AF0EE6B0A0CF073
:1075300027FAB0EE409AF0EE609A204614F04CF82C
:1075400041EC1A0B53EC192B13F050FD41EC180BC6
:1075500013F004FA08490860BDEC088B70BD000008
:1075600054D9002044174154FB2109400000000079
:1075700000806640AC050020B00500202DE9F043F6
:107580002DED0C8B85B04FF4C070FE4908804FF490
:107590000070FD490880FD48006B10B93220FB499E
:1075A0000863FA48008EFA490880F848406B10B921
:1075B0001E20F6494863F548406B32214843400895
:1075C000F4490860FCF712FDF34890ED000B53EC12
:1075D000102B9FEDF20B51EC100B13F0A5FA9FED61
:1075E000F10B53EC102B13F09FFA13F0B7F9EF499E
:1075F00008600846D0ED000AE248008800EE100A54
:10760000B8EE400A20EE800ADFEDE90A20EE200AFB
:10761000DFEDE80A80EE201A11EE109A484613F0CA
:10762000DBFFE54A03C2002531E000EE105AB8EE58
:10763000400AF0EE000A20EE200A10EE101A08466A
:1076400013F0CAFF41EC1C0B9FEDDC0B53EC102B2D
:1076500013F0CCFC41EC1B0B9FEDD20B53EC102B29
:1076600013F062FA41EC1A0BB0EE4A0AF0EE6A0A25
:107670000CF086F9B0EE409AF0EE609A51EC190BDE
:1076800013F06CF9CF4941F82500681C85B2FF2D35
:10769000CBDDBE4890ED120A10EE101A084613F02A
:1076A0009BFF41EC1A0BB94890ED000A10EE101A3E
:1076B000084613F091FF41EC1B0B53EC1A2B13F00F
:1076C00033FA41EC190B13F049F9BF49086000F097
:1076D000E7FBAE4890ED000A10EE101A084613F0D2
:1076E0007BFF41EC1D0B9FEDB90B53EC102B13F0FE
:1076F0007DFC41EC1C0B9FEDB70B53EC102B13F0F2
:1077000075FC41EC1B0B9FEDB50B53EC102B13F0EC
:107710006DFC41EC1A0B9FEDB30B53EC102B13F0E7
:1077200065FC41EC190B13F019F908EE100A9748A3
:1077300090ED160AB5EEC00AF1EE10FA07D090ED02
:10774000160A20EE080AA94880ED000A06E09FED1F
:10775000A80A28EE000AA54880ED000A8B4890EDA3
:10776000170AB5EEC00AF1EE10FA07D090ED170A2D
:1077700020EE080A9D4880ED010A06E09FED9C0A74
:1077800028EE000A994880ED010A804890ED180A19
:10779000B5EEC00AF1EE10FA07D090ED180A20EE0F
:1077A000080A924880ED020A06E09FED910A28EE51
:1077B000000A8E4880ED020A9FED8E0A8E4880ED09
:1077C000000A002423E0894800EB840090ED000AC1
:1077D00010EE101A084613F0FFFE41EC1A0B9FED55
:1077E0007F0B53EC102B13F09FF941EC190B13F0A6
:1077F000B5F808EE100A804890ED000AB4EEC08A91
:10780000F1EE10FA01D280ED008A601C84B2032CE4
:10781000D9DB00242FE09FED790AF0EE408A0120A9
:107820007749085500207749085502251EE06F4822
:1078300000EB840090ED000AB4EEE80AF1EE10FAD5
:107840000BD86F48005D4006000E6D4908556D4825
:10785000005D401C6B49085500E009E0B0EE000AED
:10786000C8EE800AF0EE608A681C85B2072DDEDB68
:1078700000BF601C84B2032CCDDB634890ED000A8E
:10788000624880ED000A604890ED010A5F4880ED93
:10789000010A5F4F002438E05C4890ED000A5C4824
:1078A0000C3000EB8400D0ED000A20EE200A59488D
:1078B00000EB840080ED000A5248005D00EB4000C0
:1078C000801D204485B2514890ED010A07EB8500E8
:1078D000D0ED000A20EE201A4D4850F8240000EEAA
:1078E000100AB8EE400AC1EE000A4548005D00EEFD
:1078F000100AB8EE400A80EE801A4649E01C01EBFF
:10790000800080ED001A601C84B2032CC4DBFFF7FA
:10791000C7FD1E4890ED0E0A10EE101A084613F02F
:107920005BFE41EC1B0B194890ED120A10EE101A89
:10793000084613F051FE41EC1C0B53EC1B2B13F0CB
:1079400055FB41EC1A0B9FED340B53EC102B13F04D
:10795000EBF841EC190B9FED320B53EC102B13F0AD
:10796000E3F8314A03C200F009FA0848006B032823
:1079700002D20320054908632C4EDFF8108008F17D
:107980000C0855E0C8040020B404002044D50020B1
:10799000BE040020F804002098040020000000002D
:1079A00000408F400000000000007040A004002054
:1079B0000000804F286B6E4EA804002044174154ED
:1079C000FB210940C4CC0020580500207AD427842C
:1079D00052050D400000000000004940000000007A
:1079E0000000F83F8DEDB5A0F7C6B03EFC060020C4
:1079F0000000FA440050C347BC0500200000FA43D1
:107A00005C0500205F0500208CCC0308F4060020F4
:107A1000ACD50020D8220020000000E07AB6FB3F61
:107A200000000000000059408004002010D5002014
:107A3000204890ED120ADFED200A80EE201A1F4840
:107A400080ED001A00241AE058F8240004EB8401A9
:107A50003144086000210091019104EB840131441C
:107A60000A68039209798DF8101041F658312144C3
:107A700088B2DDE90312EBF7DBFE601C84B2062C52
:107A8000E2DB0C48806B0E49C1F81E00002100911A
:107A90000B481E3001910168039100798DF81000A8
:107AA00041F65E30049AEBF7C3FE05B0BDEC0C8BDB
:107AB000BDE8F08344D50020D7B3DD3F900400201B
:107AC00010D5002001490860704700009C0A002082
:107AD00030B52DED068B83B0B0EE408A0446684683
:107AE000F3F780FF18EE100A13F076FD41EC1A0B45
:107AF000B0EE4A0AF0EE6A0A0BF036FFB0EE409A9A
:107B0000F0EE609A51EC190B12F028FF08EE100A03
:107B1000934890F83C0000285BD0914890F86400AE
:107B20000121A1400840002853D18E48005D002863
:107B30007ED18D48807900F001000028F8D18B4873
:107B4000007800F001000028F2D187481330005D72
:107B500000F00100F0B3824890ED040A9FED841A12
:107B6000C0EE010A90ED091A90ED040A00EEC10A78
:107B7000B4EEC80AF1EE10FA0CDD7B481330005D5C
:107B800020F00101784813300155002201212046E0
:107B9000FFF77EF8724890ED030A9FED751AC0EE6C
:107BA000010A90ED091A90ED030A00EEC10AB4EE45
:107BB000C80AF1EE10FA0CDD6B481030005D20F0C1
:107BC0000101694810300155002211462046FFF797
:107BD0005FF8C0E0FFE764481030005D00F001008E
:107BE000002852D05E4890ED040AB4EEC80AF1EEC7
:107BF00010FA26D2F3F70EFF05465E4850F824002F
:107C000010B95C4840F824505A4850F824005449B0
:107C1000496C0844A842DCD853481330005D20F07A
:107C20000100401C5049133108550122114600E063
:107C30008EE02046FFF72CF800214E4840F8241033
:107C400089E000214B4840F82410454890ED030A94
:107C50009FED471AC0EE010A90ED091A90ED030A54
:107C600000EEC10AB4EEC80AF1EE10FA73DD3E4828
:107C70001030005D20F001013B481030015500221A
:107C800011462046FFF704F865E0354890ED030AF9
:107C9000B4EEC80AF1EE10FA24D2F3F7BBFE0546A3
:107CA000354850F8240010B9334840F82450324881
:107CB00050F824002A49096C0844A84216D82A48DA
:107CC0001030005D20F00101491C2748103001559B
:107CD000012200212046FEF7DBFF0021264840F864
:107CE000241003E00021244840F824101C4890EDA3
:107CF000040AB4EEC80AF1EE10FA24D2F3F78AFEB1
:107D000005461C4850F8240010B91A4840F8245081
:107D1000184850F824001249496C0844A8421AD85F
:107D200011481330005D20F00100401C0E49133152
:107D30000855012211462046FEF7AAFF00210D48F2
:107D400040F8241007E000210A4840F8241002E01F
:107D50002046EAF731FD03B0BDEC068B30BD0000D4
:107D600044D50020CC06002039D90020F20600209E
:107D70000000C842B4D40020D0D400207FB5002633
:107D800002A8F3F72FFE424890F83C0010B30925F3
:107D900000241CE03E4890F864000121A140084006
:107DA00098B93C48806B284008B1012611E004EBEB
:107DB000840038490844006800EE100AB5EEC00A95
:107DC000F1EE10FA01D1012603E06D00641C032CD2
:107DD000E0DB00BF2E4890F83D0048B12C4890F8F9
:107DE000640028B92B48008F00F4407000B10126D0
:107DF0003EB32948807900F0010008BB264880790D
:107E000020F00100401C2449887140F6C93001234C
:107E100000220090DDE90201FBF778F91E48807925
:107E20000190014640F6C930DDE90223EBF7A0FBE3
:107E30001A48D0F8050040F040001849C1F8050084
:107E400025E01548807900F0010000B312488079E0
:107E500020F001001049887140F6C93000231A460D
:107E60000090DDE90201FBF751F90B4880790190A0
:107E7000014640F6C930DDE90223EBF779FB0748FC
:107E8000D0F8050020F040000449C1F805007FBD8E
:107E900044D5002054D9002039D9002028F20020F0
:107EA0007FB5002502A8F3F79DFD3A4890F83C0005
:107EB000F8B100241AE03748583000EB840090ED08
:107EC000000AB5EEC00AF1EE10FA01D101250FE06B
:107ED00030484C3000EB840090ED000AB5EEC00A4B
:107EE000F1EE10FA01D1012502E0641C032CE2DB63
:107EF00000BF3DB32848807D00F0010008BB264844
:107F0000807D20F00100401C2349887540F6D9305F
:107F1000012300220090DDE90201FBF7F7F81E487B
:107F2000807D0190014640F6D930DDE90223EBF770
:107F30001FFB1A48D0F8050040F480301749C1F8FB
:107F4000050025E01448807D00F0010000B31248D0
:107F5000807D20F001001049887540F6D93000235B
:107F60001A460090DDE90201FBF7D0F80A48807D4F
:107F70000190014640F6D930DDE90223EBF7F8FA2B
:107F80000648D0F8050020F480300449C1F8050007
:107F90007FBD000044D5002039D9002028F2002000
:107FA0007FB505460C46524890F864000121A14077
:107FB0000840002847D102A8F3F714FD4D48007887
:107FC00000F0010000286BD1002D3DD04A48005D33
:107FD00000F001000028EDD1F3F71CFD06464748EC
:107FE00050F8240010B9454840F82460434850F840
:107FF00024003F49096C0844B04278D804F6C630E2
:108000002B4600220090DDE90201FBF77FF83A4899
:10801000005D65F3000038490855095D04F6C63077
:108020000191DDE90223EBF7A3FA3548D0F805000A
:10803000E11C01228A4010433149C1F805000021AA
:108040002E4840F8241052E02B48005D00F001005B
:1080500008B304F6C6302B4600220090DDE9020189
:10806000FBF754F82448005D65F3000022490855E9
:10807000095D04F6C6300191DDE90223EBF778FAD9
:108080001F48D0F80500E11C01228A4090431C499A
:10809000C1F805002BE00021184840F8241026E024
:1080A0001548005D00F0010008B304F6C630002357
:1080B0001A460090DDE90201FBF728F80E48005D42
:1080C00020F001010C4801550146095D04F6C63057
:1080D0000191DDE90223EBF74BFA0948D0F80500DE
:1080E000E11C01228A4090430549C1F805007FBD8B
:1080F00044D50020F20600203CD90020F8D400200E
:1081000028F2002010B52DED028B82B0B0EE408A2F
:108110008F4890F83D00002870D08D4890F864009A
:1081200000F00700002869D16846F3F75BFC894836
:10813000807900F0010000287ED18748007800F0A7
:1081400001000028F8D18348007E00F00100E8B368
:108150007F4890ED080A9FED811AC0EE010A90ED6C
:108160000B1A90ED080A00EEC10AB4EEC80AF1EE4F
:1081700010FA25DD7748007E20F001007549087669
:1081800000210120FEF7F4FD714890ED070A9FEDF4
:10819000731AC0EE010A90ED0B1A90ED070A00EE7B
:1081A000C10AB4EEC80AF1EE10FA09DD6948C07DD3
:1081B00020F001006749C87500210846FEF7D8FD88
:1081C000634890ED070A9FED651A00E017E0C0EEE6
:1081D000010A90ED0B1A90ED070A00EEC10AB4EE09
:1081E000C80AF1EE10FA09DD5A48C07D20F00100FE
:1081F0005849C87500210846FEF7BAFDA3E0554866
:10820000C07D00F00100E8B3514890ED080AB4EEDB
:10821000C80AF1EE10FA1FD2F3F7FCFB04465048EF
:10822000806908B94E4884614D4880694849496C65
:108230000844A0420FD800E083E04648C07D20F00B
:108240000100401C4349C87501210846FEF790FD16
:1082500000204349886176E00020414988613C481C
:1082600090ED070A9FED3D1AC0EE010A90ED0B1A42
:1082700090ED070A00EEC10AB4EEC80AF1EE10FA5A
:1082800061DD00E00AE03348C07D20F001003149A3
:10829000C87500210846FEF76BFD54E02C4890EDB0
:1082A000070AB4EEC80AF1EE10FA1DD2F3F7B2FBDA
:1082B00004462C48806908B92A48846129488069A5
:1082C0002349096C0844A04211D82248C07D20F0FF
:1082D0000100401C1F49C87501210020FEF748FD20
:1082E00000202049886102E000201E49886118486A
:1082F00090ED080AB4EEC80AF1EE10FA1DD2F3F7B9
:1083000089FB04461648806908B9154884611448F9
:1083100080690F49496C0844A04214D80D48007E7A
:1083200020F00100401C0B49087601210846FEF7A9
:108330001FFD00200A49886105E000200849886186
:1083400001E0EAF76DFA02B0BDEC028B10BD00004F
:1083500044D5002039D90020F20600200000C84290
:10836000A8D40020C4D400207FB505460C46504850
:1083700090F83C0000287DD04D4890F86400012121
:10838000A1400840002875D14A48007800F001005B
:1083900000286FD102A8F3F725FB002D3DD04648F9
:1083A000005D00F00100002836D1F3F733FB0646EC
:1083B000424850F8240010B9404840F824603F4833
:1083C00050F824003A49096C0844B0426FD804F6CA
:1083D000CA302B4600220090DDE90201FAF796FE32
:1083E0003548005D65F3000033490855095D04F622
:1083F000CA300191DDE90223EBF7BAF83048D0F832
:108400000500E11D01228A4010432D49C1F80500F5
:1084100000212A4840F8241049E02748005D00F078
:10842000010010B304F6CA302B4600220090DDE9AB
:108430000201FAF76BFE2048005D65F300001E495B
:108440000855095D04F6CA300191DDE90223EBF716
:108450008FF81B48D0F80500E11D01228A409043A7
:108460001749C1F8050022E004E00021134840F854
:1084700024101CE01048005D00F00100B8B104F6C3
:10848000CA3000231A460090DDE90201FAF73EFEE9
:108490000948005D20F00101074801550146095DCA
:1084A00004F6CA300191DDE90223EBF761F87FBDE4
:1084B00044D50020F206002040D90020ECD4002052
:1084C00028F2002030B52DED068B83B0B0EE408A47
:1084D00004466846F3F786FA18EE100A13F07CF8A3
:1084E00041EC1A0BB0EE4A0AF0EE6A0A0BF03CFAC5
:1084F000B0EE409AF0EE609A51EC190B12F02EFAA1
:1085000008EE100A934890F83C0000285BD0914890
:1085100090F864000121A1400840002853D18E4802
:10852000005D00287ED18D48807900F00100002890
:10853000F8D18B48007800F001000028F2D187487C
:108540000D30005D00F00100F0B3824890ED060AA6
:108550009FED841AC0EE010A90ED0A1A90ED060A0A
:1085600000EEC10AB4EEC80AF1EE10FA0CDD7B4849
:108570000D30005D20F0010178480D3001550022DA
:1085800001212046FEF750FC724890ED050A9FED50
:10859000751AC0EE010A90ED0A1A90ED050A00EE78
:1085A000C10AB4EEC80AF1EE10FA0CDD6B480A30CD
:1085B000005D20F0010169480A3001550022114692
:1085C0002046FEF731FCC0E0FFE764480A30005D5A
:1085D00000F0010038B35F4890ED060AB4EEC80A17
:1085E000F1EE10FA27D2F3F715FA05465E4850F877
:1085F000240010B95C4840F824505B4850F824002F
:108600005449496C0844A842DDD854480D30005DF7
:1086100020F00100401C51490D310855012211463E
:10862000204601E08EE02AE0FEF7FEFB00204E49E6
:1086300041F8240089E000204B4941F824004548D6
:1086400090ED050A9FED471AC0EE010A90ED0A1A57
:1086500090ED050A00EEC10AB4EEC80AF1EE10FA78
:1086600073DD3E480A30005D20F001013B480A30CE
:108670000155002211462046FEF7D6FB65E035483D
:1086800090ED050AB4EEC80AF1EE10FA24D2F3F721
:10869000C1F90546354850F8240010B9334840F870
:1086A0002450324850F824002A49096C0844A84252
:1086B00016D82A480A30005D20F00100401C2749E6
:1086C0000A310855012200212046FEF7ADFB0020AB
:1086D000264941F8240003E00020244941F8240001
:1086E0001C4890ED060AB4EEC80AF1EE10FA24D246
:1086F000F3F790F905461C4850F8240010B91A48C1
:1087000040F82450184850F824001249496C084495
:10871000A8421AD811480D30005D20F00100401C1D
:108720000E490D310855012211462046FEF77CFB0B
:1087300000200D4941F8240007E000200A4941F8D3
:10874000240002E02046EAF797F803B0BDEC068B60
:1087500030BD000044D50020CC06002039D90020CF
:10876000F20600200000C842A8D40020C4D4002093
:108770007FB505460C46534890F83C0000284ED083
:10878000504890F864000121A1400840002846D1DB
:1087900002A8F3F727F94C48007800F00100002800
:1087A00069D1002D3CD04948005D00F0010000284F
:1087B000EDD1F3F72FF90646454850F8240010B9DB
:1087C000434840F82460424850F824003D49096C71
:1087D0000844B04274D804F6C3302B4600220090FF
:1087E000DDE90201FAF792FC3848005D65F300000C
:1087F00036490855095D04F6C3300191DDE90223CD
:10880000EAF7B6FE3348D0F805000121A14008433D
:108810003049C1F8050000212D4840F824104FE0F0
:108820002A48005D00F0010000B304F6C3302B4677
:1088300000220090DDE90201FAF768FC2348005DA0
:1088400065F3000021490855095D04F6C330019124
:10885000DDE90223EAF78CFE1E48D0F8050001216D
:10886000A14088431B49C1F8050029E000211848B0
:1088700040F8241024E01548005D00F00100F8B134
:1088800004F6C33000231A460090DDE90201FAF72E
:108890003DFC0E48005D20F001000C490855095DC3
:1088A00004F6C3300191DDE90223EAF761FE0948CD
:1088B000D0F805100120A04081430648C0F80510FB
:1088C0007FBD000044D50020F206002039D90020E9
:1088D000E0D4002028F20020704710B500F017F80F
:1088E00010BD0000064901EB00110968044A02EBC3
:1088F000001251600121024A02EB001251737047CD
:108900008CDF002010B5FFF7E8FF002010BD10B588
:10891000FBF782F810BD00000020024908700249F0
:10892000087070475C0300205D03002000200149AF
:1089300008707047F509002010B500F00FF810BD61
:108940000021024A02EB0012517370478CDF0020B5
:1089500010B5FFF7F1FF002010BD000010B50E2488
:1089600020460AF0F7FD0B49086A002100F06FF974
:1089700007200AF0EFFD084A128891B2074A1068F2
:10898000F2F77AFC0648006818B1054800680FF055
:108990007DFC10BDBC0800205806002060060020A9
:1089A0007804002000B593B000BF002001902E484D
:1089B000006840F080502C4908600846006800F0CC
:1089C0008050019000BF00BF00BF002001902748E9
:1089D000006840F48040254908600846006800F4BB
:1089E0008040019000BF00BF012007900890022046
:1089F0000D9041050E9119210F914FF4A87110911E
:108A0000022111910721129107A8F3F719FD0D20FA
:108A1000029002200390002004904FF4A050059093
:108A20004FF480500690052102A8F3F7DBFA1048B6
:108A3000006820F400700E4908600846006820F4C1
:108A4000806008600846006840F4007008600846CE
:108A5000006840F48060086000224FF480011046F6
:108A6000F3F78EFC13B000BD4038024000700040A8
:108A7000003C02401348006840F47000114908604F
:108A80001148006840F001000F49086000200E49BD
:108A9000083108600C4800680C4908400A49086021
:108AA0000B48091D0860081F006820F48020091F7A
:108AB0000860002004490C310860064801498039EB
:108AC0000860704788ED00E000380240FFFFF6FEC6
:108AD0001030002400000108014840687047000081
:108AE000100200202DE9FC4105460C4600202060C4
:108AF000A080A0716946686806F088FFA07900F040
:108B00007F0040F2B271884204DBBDF80600A0F29B
:108B10006C7003E0BDF80600A0F5FA60A17960F37F
:108B20000601A1719DF80410607961F30300607182
:108B30009DF80310207961F3040020719DF8021064
:108B4000E07861F30400E0709DF80110A07861F313
:108B50000500A0709DF8000000EB4001C1EBC010C3
:108B60004FF6FF7101EAC00020804FF47A760027AB
:108B70000B492868084400213246A0FB023801FB5B
:108B8000068107FB00171E460022012330463946A6
:108B9000E7F778FC0646208880192080BDE8FC8134
:108BA0009CC4200070B5184EF269D2E90003B16A86
:108BB000401843F10001C2E9000199421AD0FCF7C4
:108BC0005BFDF06941681148114A016012781AB1E1
:108BD00042687820EAF7FEFD00240E4D06E0F169B8
:108BE000D1E900019047641C102C03DA55F82420C9
:108BF000002AF4D13069401C012130610648BDE8EB
:108C0000704000F020B8000008020020141100207D
:108C100008010020201100200014004030B500237E
:108C200001248C40A3B2046ADD43ADB22C4004623F
:108C3000046A02FA01F5ADB22C43046230BDCA43A6
:108C400092B202617047CA4392B20261704721B189
:108C5000026842F00102026004E002684FF6FE730F
:108C60001A40026070470A460021036899B24FF625
:108C70008F73194011430160704721B1426C42F477
:108C80000042426403E0426CC2F30E024264704749
:108C900010B504465548844208D101210846FAF728
:108CA000D5FA00210120FAF7D1FA9DE0B4F1804F06
:108CB00008D101210846FAF7A9FA00210120FAF7A4
:108CC000A5FA91E04A48844208D101210220FAF72E
:108CD0009DFA00210220FAF799FA85E0454884427E
:108CE00008D101210420FAF791FA00210420FAF7B3
:108CF0008DFA79E04048844208D101210820FAF732
:108D000085FA00210820FAF781FA6DE03B48844299
:108D100008D101211020FAF779FA00211020FAF782
:108D200075FA61E03648844208D101212020FAF723
:108D30006DFA00212020FAF769FA55E031488442A3
:108D400008D101210220FAF781FA00210220FAF766
:108D50007DFA49E02C48844209D101210804FAF740
:108D600075FA00214FF48030FAF770FA3CE027489A
:108D7000844209D101214804FAF768FA00214FF42E
:108D80000030FAF763FA2FE02148844209D101212B
:108D90008804FAF75BFA00214FF48020FAF756FABC
:108DA00022E01C48844208D101214020FAF72EFA23
:108DB00000214020FAF72AFA16E01748844208D129
:108DC00001218020FAF722FA00218020FAF71EFA0A
:108DD0000AE01248844207D101218015FAF716FAF9
:108DE0000021A015FAF712FA10BD000000000140A2
:108DF0000004004000080040000C0040001000404B
:108E000000140040000401400040014000440140C3
:108E10000048014000180040001C004000200040B5
:108E20000246002013690B400BB1012000E0002036
:108E3000704730B50246002000230024156905EA7A
:108E40000103D56805EA010413B10CB1012000E06B
:108E5000002030BD10B502212048FFF7EAFF04468C
:108E6000012C30D100211D48FFF7F1FE002240F215
:108E700025511B4801F008FA00201A490870002209
:108E80000221164800F08AF80021144800F0A9F9E0
:108E900008211248FFF7D3FE08211048FFF7D3FE40
:108EA00002210E48FFF7CFFE012208210B4800F0F7
:108EB00075F801210948FFF7CAFE04210A48006835
:108EC0000FF086F909E000220821044800F066F856
:108ED0000221054800680FF07BF910BD0004004036
:108EE00000100140C00A0020BC0A002010B5042177
:108EF0001048FFF79EFF0446012C16D100210D48B3
:108F0000FFF7A5FE002240F225510B4801F0BCF905
:108F100000200A49087000220421064800F03EF8AB
:108F20000749086802210FF053F904210148FFF7AF
:108F30008AFE10BD0004004000100140E80A002035
:108F4000D40A002010B504211048FFF772FF044630
:108F5000012C16D100210D48FFF779FE002240F2C6
:108F600025510B4801F090F900200A4908700022B1
:108F70000421064800F012F80749486802210FF062
:108F800027F904210148FFF75EFE10BD00080040EC
:108F900000440040E90A0020D40A002010B51AB1AC
:108FA000C3680B43C36004E0C368CC43A4B223404E
:108FB000C36010BD70B5002400220023056A4FF67F
:108FC000FE7635400562056AAAB24568ABB285698E
:108FD000ACB24FF68F752C40B51E2C400D882C433B
:108FE000751E2A408D892A434D882A430F4DA84279
:108FF00002D00F4DA84213D14FF6F7752A40CD8904
:109000002A434FF6FB752A408D882A434FF6FF65A9
:109010002B404FF6FF552B400D8A2B434D8A2B4397
:10902000436084618D684563026270BD0000014049
:10903000000401400A460021836999B24FF6F77394
:10904000194011438161704770B50024002200234C
:10905000056A4FF6EF7635400562056AAAB24568A3
:10906000ABB28569ACB248F6FF752C404FF6FF45B0
:109070002C400D884FF6FF7606EA05252C434FF667
:10908000DF752A408D8906EA05152A434D8806EAD0
:1090900005152A43144DA84202D0144DA8421DD1F3
:1090A0004FF67F752A40CD894FF6FF7606EA051503
:1090B0002A434FF6BF752A408D8806EA05152A43D4
:1090C0004FF6FF352B404FF2FF752B400D8A06EA15
:1090D00085052B434D8A06EA85052B434360846151
:1090E0008D688563026270BD00000140000401408C
:1090F0000A460021836999B24FF2FF7319404FF677
:10910000FF7303EA022319438161704770B500249D
:1091100000220023056A4FF6FF6635400562056AA6
:10912000AAB24568ABB2C569ACB24FF68F752C4098
:109130004FF6FC752C400D882C434FF6FF552A4006
:109140008D894FF6FF7606EA05252A434D8806EA03
:1091500005252A43144DA84202D0144DA8421DD122
:109160004FF2FF752A40CD894FF6FF7606EA0525B6
:109170002A434FF6FF352A408D8806EA05252A4303
:109180004EF6FF752B404DF6FF752B400D8A06EA13
:1091900005152B434D8A06EA05152B434360C46130
:1091A0008D68C563026270BD00000140000401408B
:1091B0000A460021C36999B24FF6F773194011436B
:1091C000C16170470021018041808180816081817F
:1091D000C181018241827047816242617047C162F0
:1091E0007047416270470000002203689AB2194B31
:1091F00098420ED0184B98420BD0B0F1804F08D057
:10920000164B984205D0164B984202D0154B984207
:1092100004D14FF68F731A404B881A43124B984271
:1092200007D0124B984204D04FF6FF431A400B89E7
:109230001A4302604B68C3620B888362054B9842F5
:1092400002D0054B984201D18B7A0363012343611D
:10925000704700000000014000040140000400408D
:1092600000080040000C00400010004000140040C6
:109270004FF0FF3141600021018001814180817206
:109280007047000010B5114800683C2802DC0F4808
:10929000006878B90020E8F7F3FB00200B4908606C
:1092A0000723012212210A48E8F788FB0120E8F78A
:1092B000FDFB07E005480068401C044908600120E8
:1092C000E8F7DEFB0248E8F7D5FB10BD54000020AC
:1092D0000020014000B52DED088B81B0EE480088DC
:1092E00000EE100AB8EE400AEC4880ED000AEC48A7
:1092F000008800287ED0E94890ED000ADFEDE90AF9
:10930000B4EE600AF1EE10FA03D10120FDF7EAFB9A
:1093100002E00120FBF7EAFDE04890ED000AE24898
:10932000D0ED000A20EE200ADC4880ED000A00683B
:1093300012F052F941EC1B0B9FEDDC0B53EC102BA0
:1093400012F060F841EC1A0B9FEDDA0B53EC102B86
:1093500011F0EAFB41EC190B9FEDD80B53EC102BED
:1093600011F02EFB41EC180B11F0F8FACB49086014
:10937000D448D0ED000AD448008800EE100AB8EEB8
:10938000400A80EE801ACF4890ED000A30EE410A84
:1093900080ED000A0846D0ED000ACB48008800EEB8
:1093A000100AB8EE401A80EE810AC648D0ED000AD5
:1093B00030EE200A80ED000AC3480088202804DA35
:1093C000C1480088401CC0490880BE4890ED000A92
:1093D000BE4880ED000ABB480068BD490860BD4832
:1093E000006830B1B74890ED000ABA48006880EDD7
:1093F000000A00E07DE0B84890F8460000F0040064
:1094000068B1B04890ED000ADFEDB40AB4EEE00AAE
:10941000F1EE10FA10D80420FBF768FD0CE0A94823
:1094200090ED000ADFEDAE0AB4EEE00AF1EE10FABC
:1094300002DB0420FDF756FBAA48007800F001008B
:1094400098B1964890ED000ADFEDA40AB4EEE00A68
:10945000F1EE10FA01DD012000E00020A2490978B8
:1094600060F30001A048017012E08C4890ED000A02
:10947000DFED9B0AB4EEE00AF1EE10FA01DB012009
:1094800000E000209849097860F3000196480170D7
:109490009448007800F001009349097801F0010137
:1094A000884225D09048007800F0010018B10420CF
:1094B000FDF718FB02E00420FBF718FD8A4800784E
:1094C0008849097860F30001864801708748007870
:1094D0000028E6D08648F2F785FA0D2000908248F1
:1094E000007800F001030022814903C9F9F7A2FDC9
:1094F000CEE080480088022809D1684890ED000A33
:10950000F1EE000A20EE200A80ED000A08E0634830
:1095100090ED000AF0EE000A20EE200A80ED000A2D
:109520005E4890ED000ADFED5F0AB4EE600AF1EEEE
:1095300010FA03D10120FDF7D5FA02E00120FBF774
:10954000D5FC012056490880544890ED000A564841
:10955000D0ED000A20EE200A504880ED000A90ED80
:10956000000A654880ED000A00685949C1F8050005
:109570004A4890ED000ADFED610A20EE200A80EDF6
:10958000000A5548B0F8460000F4006070B1434846
:1095900090ED000ADFED5A0AB4EEE00AF1EE10FA9F
:1095A00012DB4FF40060FBF7A1FC0DE03B4890EDAF
:1095B000000ADFED540AB4EEE00AF1EE10FA03D827
:1095C0004FF40060FDF78EFA4F48007800F001007C
:1095D00098B1324890ED000ADFED4C0AB4EEE00A93
:1095E000F1EE10FA01DA012000E000204849097884
:1095F00060F300014648017012E0284890ED000A2F
:10960000DFED400AB4EEE00AF1EE10FA01D80120D5
:1096100000E000203E49097860F300013C480170F9
:109620003948007800F001003949097801F001015A
:10963000884218D0364800783349097860F3000131
:10964000314801702948007868B12948F2F7CAF911
:109650000E2000902E48007800F0010300222449DB
:1096600003C9F9F7E7FC2B480068401C294908604A
:1096700020480088012808D107230122102126480C
:10968000E8F79CF90120E8F7FBF92348E8F7F2F93D
:1096900001B0BDEC088B00BD740000205C00002010
:1096A0008000002000F07F456000002052B81E8539
:1096B000EB51E83F7B14AE47E17A643F00000000C5
:1096C00000003940640000207E0000206C00002073
:1096D000080D00205800002080DD00200000B4426A
:1096E0000000BE425100002050000020CE090020A2
:1096F00088000020260000207000002000007A442E
:10970000004003450000FA44530000200080ED446F
:109710005200002054000020002001402DE9F041BB
:109720002DED0A8BB0EE409AF0EE609A05469FED63
:109730002C0BB0EE40BAF0EE60BA9FED290BB0EE04
:1097400040BAF0EE60BA01243EE089EE290A10EE3C
:10975000107A384611F040FF41EC180B9FED220BB8
:1097600053EC102B51EC180B11F04CFE41EC180B84
:10977000B0EE48AAF0EE68AA012608E053EC182BD8
:1097800051EC1A0B11F032FC41EC1A0B761CA6427C
:10979000F4DB174800EB4511601E01EBC00090EDB3
:1097A000001BB0EE410AF0EE610A53EC1A2B51ECAB
:1097B000100B11F01BFC41EC1C0B53EC1B2B11F09C
:1097C000FFF841EC1B0B641C052CBEDB51EC1B0BA2
:1097D00011F0C4F800EE100ABDEC0A8BBDE8F08170
:1097E0000000000000000000000000000000F03F4A
:1097F00068D1030870B52DED088BB0EE40AAF0EEED
:1098000060AA0446434800EBC40090ED002BB0EE84
:10981000420AF0EE620A3F4800EBC40090ED002BD4
:10982000B0EE421AF0EE621A53EC102B51EC110B11
:1098300011F0DCFB41EC180B8AEE2A0AF7EE000A65
:1098400030EEC00A10EE105A284611F0C5FE41EC69
:10985000190B314800EBC40090ED001BB0EE410A3B
:10986000F0EE610A53EC192B51EC100B11F0BEFB1A
:1098700041EC1B0B9FED290B53EC102B11F0B6FBA9
:1098800041EC190B53EC192B51EC180B11F0BAFDEC
:1098900041EC180BB0EE480AF0EE680A0AF0D4F872
:1098A000B0EE409AF0EE609A1A4800EBC40090EDDA
:1098B000000BB0EE408AF0EE608A53EC182B51ECAE
:1098C000190B11F09FFD41EC180B134800EBC4007D
:1098D00090ED001BB0EE410AF0EE610A9FED111B06
:1098E00053EC112B51EC100B11F080FB41EC190BD8
:1098F00053EC192B51EC180B11F016F941EC180B25
:1099000051EC180B11F02AF800EE100ABDEC088B90
:1099100070BD000048D1030858D1030800000000C2
:1099200000001040000000000000004010B51C487E
:109930000068401C1A4908601A480068401C194910
:10994000086000211848EAF715FC00201749086054
:10995000002409E0164830F8140014490968084446
:1099600012490860601C84B2682CF3DB01211148A5
:1099700000680EF02DFC68210B48EAF7A3FD0E49A4
:109980000948EAF7DDFB0D490748EAF7D9FB202132
:109990000B48E7F769FF01210348EAF7EBFB10BD2D
:1099A000680A00206C0A002040640240500A00202F
:1099B00030E30020580A00200080201000000190B1
:1099C000002101402CE017480078E8B10026154836
:1099D0000078012803D1144C144D012606E01148EB
:1099E0000078022802D1124C124D01264EB10122FC
:1099F0000C21204607F02CFC0222C421284607F047
:109A000095FC0020074908700B48007820B1EEF75C
:109A100093FD0020084908704FF4FA600EF010FB27
:109A2000D1E70000500B0020ACDE0020ACD50020B8
:109A30002409002094CC03085C0B00202DE9F0479A
:109A40008AB00446DFF8F0A001210220F9F7EEFB0E
:109A50000326002510270120A8401FFA80F8374868
:109A6000D0F80490CDF8008002208DF8040000208A
:109A70008DF8060003208DF8050001208DF8070001
:109A800069464846F1F7E8FA324629464846F1F772
:109A90002BFB07A8FFF7ECFB601E08900020ADF839
:109AA0001C00ADF82400ADF81E008DF8260007A9B3
:109AB0005046FFF799FB02A8FFF784FB7020ADF832
:109AC000080037B10020ADF80A000420ADF80C0002
:109AD00005E00120ADF80A000020ADF80C0020469A
:109AE00004EBD071491004910020ADF81400ADF8DA
:109AF00016004FF48070ADF818004000ADF81A0061
:109B000002A95046FFF7A0FA002211465046FFF77F
:109B100063FB00215046FFF7A6F8611E5046FFF791
:109B20005EFB00215046FFF75CFB01215046FFF72A
:109B3000A4F80AB0BDE8F08700040140E008002066
:109B40007FB582B004460598019001A8E6F7D4FEDF
:109B500005462879A070287AE070287B00F01F0065
:109B60002071287C6071287D6438A0712E6806EB16
:109B70004600C0EBC6104FF6FF7101EAC00020801E
:109B800006B070BD73B5044601A8E6F7B5FE0546FC
:109B90002E6806EB4600C0EBC6104FF6FF7101EAD7
:109BA000C00020802879A070287AE070287B00F01F
:109BB0001F002071287C401C60716869642803DDE7
:109BC000287D6438A07101E00020A0717CBD10B533
:109BD00002888479CB8864F30603CB8044798B8830
:109BE00064F30B238B8004798B8864F304038B80EC
:109BF000C4784B8864F30C234B8084784B8864F3DF
:109C000005034B800A8010BD0A8802808A7802F022
:109C10003F0282704A88C2F30422C2700A7902F0BD
:109C20001F0202718A88C2F3032242718A7902F00C
:109C30007F0282717047000010B53A480068A0B1F9
:109C40003848006838490968081A3849098888423C
:109C50000BD937490878FEF773FE3649086810219A
:109C60000EF0B6FA03203449086034480068A0B109
:109C7000324800682C490968081A2C49098888422A
:109C80000BD92B490878FEF75BFE2A49086810219A
:109C90000EF09EFA042028490860294800682249ED
:109CA0000968081A27490988884204D9264908689A
:109CB00008210EF08DFA2548008880B923480088D5
:109CC000401C2249088022480078B8B12148007819
:109CD000A0B11D49086840210EF07AFA0EE01B4839
:109CE00000881D490988884203DB00201749088045
:109CF00004E016480088401C144908801748008872
:109D000058B91348007858B11248007840B10E494C
:109D1000086810210EF05CFA02E000200F4908806C
:109D200010BD00007C010020AC0000200C010020D0
:109D3000780100202C010020E40000208401002094
:109D4000800100201001002020010020740100206B
:109D50004B01002042010020E40100207601002098
:109D6000704710B50022002340F66A14A14200D1CA
:109D700000BF0A1201249440A3B2DC43A4B20460E1
:109D800010BD21B1C26842F40052C26004E0C26852
:109D90004DF6FF731A40C260704710B51AB143699F
:109DA0000B43436104E04369CC43A4B223404361C5
:109DB00010BD000010B504462548844208D1012199
:109DC0001020F9F743FA00211020F9F73FFA3EE09E
:109DD0002048844209D101214804F9F717FA0021EB
:109DE0004FF40030F9F712FA31E01B48844209D1F0
:109DF00001218804F9F70AFA00214FF48020F9F7CD
:109E000005FA24E01548844209D10121C804F9F774
:109E1000FDF900214FF40020F9F7F8F917E0104898
:109E2000844209D101210805F9F7F0F900214FF426
:109E30008010F9F7EBF90AE00A48844207D10121C2
:109E40002020F9F703FA00212020F9F7FFF910BDCF
:109E5000001001400044004000480040004C004019
:109E6000005000400014014002460020B1F5007F80
:109E700000D100BF13680B400BB1012000E00020AF
:109E8000704770B50246002400230025002040F6EC
:109E90006A16B14200D100BFC1F3421501F01F03A1
:109EA000012606FA03F3012D02D1D668334006E0FD
:109EB000022D02D11669334001E0566933400C127D
:109EC000012606FA04F41668344013B10CB10120DF
:109ED00000E0002070BD000070B540F225515748E9
:109EE000FFF7CFFF002879D000215548FEF7AFFEDD
:109EF00002215248FFF7B8FF20B901214F48FFF770
:109F0000B3FF58B1002202214D48FFF747F84B48F4
:109F100000F04CFAC5B200204A490870474800F0EA
:109F200045FAC5B240F225514448FFF71AFF4548AB
:109F30000078F0B902214248FEF772FF0446002C77
:109F40003CD041480078854238D13E480078401CDA
:109F50003C49087001203D4908803D4805700221B8
:109F60003748FEF770FE012202213548FFF716F848
:109F700024E004213248FEF753FF0446B4B93348C5
:109F80000088FF2808DD002202212D48FFF706F88F
:109F900000202C49087011E02D482C4909884554AF
:109FA0002A480088401C2949088007E00022022135
:109FB0002348FEF7F3FF00202249087000212048C3
:109FC000FFF70FF902211E48FEF739FE04211C4855
:109FD000FEF735FE01211A48FEF739FE40F22661F0
:109FE0001648FFF74EFF044634B3002240F22661C4
:109FF000124800F049F9174801881748F1F73AF973
:10A000001648008820F001001449088000210C48FF
:10A01000FFF7E7F802210A48FEF711FE042108487D
:10A02000FEF70DFE01210648FEF711FE012240F267
:10A030002551024800F028F970BD000000100140D1
:10A0400000040040C00A0020CA0A0020C20A002002
:10A05000B4E60020BA0A002000040240CC0A002026
:10A0600070B540F225513B48FFF70BFF002858D050
:10A0700000213948FEF7EBFD364800F097F9C4B2ED
:10A0800040F225513348FFF76CFE34480078D8B9C8
:10A0900032480078401C314908700120304908805E
:10A0A00030480470012204212B48FEF777FF00217D
:10A0B0002948FFF796F804212748FEF7C0FD012143
:10A0C0002548FEF7C4FD2CE025480088FF2813DD55
:10A0D000002204212048FEF761FF002240F22551B2
:10A0E0001C4800F0D1F800201C4908701E4908687F
:10A0F00001210EF06DF814E01948008819490C543C
:10A1000017480088401C1649088000211248FFF7B4
:10A1100068F804211048FEF792FD01210E48FEF771
:10A1200096FD40F226610B48FFF7ABFE054685B170
:10A13000002240F22661074800F0A6F80B4801888B
:10A140000B48F1F797F8012240F22551014800F041
:10A150009BF870BD0010014000040040E80A002098
:10A16000E40A002078EB0020D40A0020BA0A00207C
:10A170000004024070B540F225513B48FFF781FED4
:10A18000002859D000213948FEF761FD364800F01B
:10A190000DF9C4B240F225513348FFF7E2FD3448CF
:10A1A0000078E0B932480078401C3149087001203D
:10A1B00030494880304880F80041012204212B4872
:10A1C000FEF7ECFE00212948FFF70BF80421274891
:10A1D000FEF735FD01212548FEF739FD2CE0254825
:10A1E0004088FF2813DD002204212048FEF7D6FE18
:10A1F000002240F225511C4800F046F800201C497E
:10A2000008701E49486801210DF0E2FF14E019486A
:10A2100041881B48445417484088401C15494880D1
:10A2200000211248FEF7DDFF04211048FEF707FD6C
:10A2300001210E48FEF70BFD40F226610A48FFF7A8
:10A2400020FE05467DB1002240F22661064800F05E
:10A250001BF880210B48F1F70DF8012240F225513F
:10A26000014800F011F870BD0044004000080040B3
:10A27000E90A0020E40A002078EB0020D40A00203C
:10A2800078EC0020000C0240F0B5034600240026C4
:10A290000025002040F66A17B94200D100BF1846D9
:10A2A000C1F3421401F01F06012707FA06F5012C3D
:10A2B00001D10C3004E0022C01D1103000E0143048
:10A2C0001AB107682F43076002E00768AF430760D1
:10A2D000F0BD00002DE9FF4705460E460024A146CB
:10A2E00000BFA0462C6924F44054F0880443A0B277
:10A2F0002861EC6841F20C608443B08831890843DE
:10A30000718908430443A0B2E8606C6924F4407486
:10A31000B0890443A0B268616846F8F7A7FF2148F6
:10A32000854202D02048854202D1DDF80C9001E040
:10A33000DDF80890E86800F4004040B109EBC9007E
:10A3400000EB091031684900B0FBF1F707E009EBB9
:10A35000C90000EB091031688900B0FBF1F76420F7
:10A36000B7FBF0F004012009642101FB1078E868D4
:10A3700000F4004040B1322000EBC800B0FBF1F027
:10A3800000F00700044308E0322000EB08106421CD
:10A39000B0FBF1F000F00F000443A0B2A860BDE8EC
:10A3A000FF8700000010014000140140014648688A
:10A3B000C0F30800704700002DE9FC4781460F46B6
:10A3C00090461C464FF0000AF8480460332F71D0C5
:10A3D00010DC252F6FD006DC222F1CD0232F47D076
:10A3E000242F69D14AE0282F67D0312F75D0322F22
:10A3F000F7D17AE1452F71D006DC342F6FD0352F9D
:10A400006ED0432FEDD1B4E2472F6AD0492F69D0E7
:10A41000F02FE6D1B2E22078012804D0022808D03B
:10A4200003281FD10BE03A460C21E148FBF7E2F983
:10A430001CE03A46C421DF48FBF7DCF916E0DE49B0
:10A44000DB4802680A6042684A6080688860C4220B
:10A45000D849D9480C30E6F786F93946D020FBF7C1
:10A460007FFB00BF0520FBF735FC00BF00BF00BF2E
:10A470003A462021D148FBF7BDF98AE220783028FE
:10A4800070D00ADC0E286ED2DFE800F032393F458A
:10A490004B515760666E74DA868C5A2877D012DC7E
:10A4A000522875D00ADC312873D0502872D0512838
:10A4B00059D193E01DE1C9E067E260E253286AD018
:10A4C0005428F5D18DE05E2872D00CDC5B2870D06A
:10A4D0005C286FD05D28EBD198E0FFE0D0E009E187
:10A4E000AFE140E240E2642871D0C828E0D1A1E0A9
:10A4F0002346424639464846F4F734FDA4E03A463E
:10A500006821AF48FBF776F99EE03A465021AD4806
:10A51000FBF780FA98E03A465021AB48FBF77AFA0D
:10A5200092E03A464621A948FBF774FA8CE03A4695
:10A530002321A748FBF76EFA86E03A468021A5481A
:10A54000FBF758F90120A44908607DE03A463C2118
:10A55000A248FBF7CBF900BF3A460A21A048FBF717
:10A5600059FA71E027E06BE03A460A219D48FBF773
:10A57000BDF969E09C4801889C480068F0F771FECD
:10A5800001903A46012101A8FBF734F95CE034E080
:10A5900025E016E01CE023E03A4603219448FBF74F
:10A5A00029F951E03A4605219248FBF79FF94BE023
:10A5B0002DE029E029E03A460F218F48FBF72AFADF
:10A5C00042E03A460F218D48FBF724FA3CE02BE0AD
:10A5D0003A4614218A48FBF789F935E000BF00BFED
:10A5E00000BF2178513901EB8101864A02EB8100DD
:10A5F0003A461421FBF77AF926E03A4614218048BE
:10A600001430FBF773F91FE000BF00BF00BF2178D3
:10A610005B3901EB81027B49503101EB82003A4604
:10A620001421FBF763F90FE03A461A217648FBF74D
:10A63000E1F809E03A4601217448FBF7DBF803E052
:10A640000720FBF747FB00BF00BFA2E1B9F13E0FB7
:10A6500002D120886E4908806D480088062806D1FE
:10A660002346424639464846F4F76EFA06E023464A
:10A67000424639464846F4F765FB00BF00BF88E113
:10A68000207804280ED0052817D0062820D1E8F716
:10A6900097F901215F4800680DF09AFD1120FBF742
:10A6A000BBFB19E0E8F78CF902215B4800680DF06C
:10A6B0008FFD1120FBF7B0FB0EE0E8F781F90821D0
:10A6C000554800680DF084FD1120FBF7A5FB03E061
:10A6D0000720FBF7FFFA00BF00BF5AE143462246BE
:10A6E0000021484606F0B2FC53E10920FBF7F2FADC
:10A6F0004FE14EE12078072804D00D282CD06428A3
:10A7000052D191E04FF4C0410320EFF701FC631CEC
:10A710002C224FF4C0410320EFF7A8FD1FFA80FA66
:10A72000BAF1000F12D1002000906B46042246F2CD
:10A730002C010320EFF79AFD1FFA80FAF9F756FC77
:10A74000FDF71CFB1120FBF767FB02E00320FBF782
:10A75000C1FAF9F74BFC72E03048007800BBD4F83E
:10A7600001002F490860097849B12E490868C117CE
:10A7700000EB917189102A4A1278914202DC012083
:10A780002749087026484078032802DD0020244924
:10A7900048700120214908701120FBF73DFB02E0C1
:10A7A000FF20FBF797FA4AE045E000004809002047
:10A7B000ACDE0020ACD50020541A0020BCD600200E
:10A7C000DCD6002044D7002094D7002007D80020F2
:10A7D000E4D7002050D80020F404002054D90020F1
:10A7E000D0D8002037F20020880200208C02002000
:10A7F0005C050020FA03002007D9002016D90020AC
:10A8000010F0002038F0002039D90020F206002096
:10A810007A090020EC09002060030020B004002029
:10A820001004002034CC030860785C4908701120C3
:10A83000FBF7F2FA03E00520FBF74CFA00BF00BF7C
:10A84000A7E0207867286CD008DC01280DD0052807
:10A8500018D0652863D0662813D161E0792870D0BC
:10A860007A286FD07B287CD16DE00F20FBF7D2FCDB
:10A8700005461DB1E8B2FBF72DFA02E01120FBF707
:10A88000CBFA6EE09FED460A464880ED000A9FED48
:10A89000440A10EE100A4349C1F805009FED400A32
:10A8A00010EE100AC1F80A009FED3D0A10EE100AE2
:10A8B000C1F80F009FED3A0A10EE100A48619FEDB3
:10A8C000380A10EE100AC1F819009FED350A10EE93
:10A8D000100AC1F82D009FED320A10EE100AC1F8DF
:10A8E00032009FED2F0A10EE100AC1F81E009FEDF6
:10A8F0002C0A10EE100AC1F823009FED290A10EE71
:10A90000100A886240F6FF70886306F0A7FDF9F729
:10A910006DFBFDF733FA1120FBF77EFA21E000BF53
:10A9200000BF2078653886B20120B0401B49097805
:10A9300008431A4908701120FBF76EFA11E000E095
:10A9400000E000BF00BF2078793886B20120B04017
:10A95000124909788143114801701120FBF75CFA14
:10A9600000BF00BF15E014E021464046FCF7FCFCA8
:10A970000FE021464046FCF755FC0AE009E03A4664
:10A9800001210948FAF736FF03E00520FBF7A2F999
:10A9900000BF00BF5046BDE8FC870000480B002008
:10A9A0000000000054D900207C090020002000F0A5
:10A9B0006BB910B504462146002004F0BDFB10BD64
:10A9C00070B504460D462A462146002004F0BCFB23
:10A9D00070BD000007490978884209D2064951F83C
:10A9E000200028B1C16819B1006808B10020704783
:10A9F00021207047A4DB0308A8DB03082DE9F04100
:10AA000006460027002412E0174850F82400806909
:10AA100058B1154850F82400007FB04205D12046B7
:10AA200002F000FB054605B12F46601CC4B2012CA4
:10AA3000EADB002412E00D4850F82400406858B1C9
:10AA40000A4850F82400007AB04205D1204602F0AE
:10AA5000D9FF054605B12F46601CC4B2012CEADBC4
:10AA60003846BDE8F0810000DC0B002014DC030850
:10AA7000014600207047014600207047704701469C
:10AA80000020704710B50446FFF7A4FF002804D14A
:10AA90002046BDE8104000F02DBA10BD70B5044648
:10AAA0002D4E0D46C80704D056F8241009B10120D8
:10AAB0008847A80707D556F8241009B10020884711
:10AAC000204604F0ADFA680721D5204604F0A8FA24
:10AAD000224850F824000668F078B38800F003029A
:10AAE000B178204600F05EFA48B9F078B38800F0FB
:10AAF0000302B07840F08001204600F053FA20466F
:10AB000004F05EFA164850F8240000B18047280788
:10AB10000BD51449012051F82410C96881F895001B
:10AB2000114850F8240000B18047E80604D50F48CA
:10AB300050F8240000B18047A80604D50C4850F80E
:10AB4000240000B18047290A480704D02046BDE808
:10AB5000704000F0A9BC70BDDCDC0308640C002070
:10AB6000E0DC0308A8DB0308E4DC0308E8DC0308F6
:10AB7000ECDC030810B504460C480078844201D38D
:10AB8000002010BD0A4850F82400C0680028F8D002
:10AB90000849D0F8AC0051F8241088470028F0D1BB
:10ABA0002046BDE81040FFF763BF0000A4DB0308A8
:10ABB000A8DB030808DD030810B504460C4800783C
:10ABC000844201D3002010BD0A4850F82400C06818
:10ABD0000028F8D00849D0F8AC0051F82410884774
:10ABE0000028F0D12046BDE81040FFF744BF000028
:10ABF000A4DB0308A8DB030804DD030810B5044642
:10AC00000A48007884420FD2094850F82400C068EE
:10AC1000002809D00749A03051F824108847204661
:10AC2000BDE81040FFF72ABF10BD0000A4DB0308F9
:10AC3000A8DB030800DD030810B504460F480078C0
:10AC4000844201D3002010BD0D4850F82400C06894
:10AC50000028F8D00021C0F8A810C0F8AC100949AD
:10AC600000F1AC0251F82430111FA03098470028A1
:10AC7000E9D12046BDE81040FFF701BFA4DB03087F
:10AC8000A8DB0308FCDC03082DE9F047C6B2204826
:10AC90000078864239D21F4800244FF0FF3750F821
:10ACA0002600D0F800901C4850F82600C10708D0B4
:10ACB000810701D401246427400702D444F0020430
:10ACC00064274FF00008E00701D0012119E0384661
:10ACD00004F0D0FA0146000113D5D9F81C008047D2
:10ACE00000F001054545F2D0A846E00704D01DB1AB
:10ACF00001213046FFF7D2FEA007E8D5002DE6D1AE
:10AD000002213046FFF7CAFEE1E7BDE8F087000008
:10AD1000A4DB0308A8DB0308340C002070B512493B
:10AD2000002551F82010CC68D4F89C3063B1802104
:10AD3000D4F8982000F0DAF9002804D1F4E92612BA
:10AD40001144C4E9001570BD94F8961049B1002370
:10AD50001A46802100F0CAF90028F4D184F89650F0
:10AD600070BD222070BD0000A8DB0308094910B5A2
:10AD700051F82010CC680021D4E9262300F0B6F960
:10AD8000002805D1F4E92601084420600020606015
:10AD900010BD0000A8DB030870B504460D46402333
:10ADA00022460021084602F0EFF8002070BD10B5E1
:10ADB000044620460DF044F9404210BD70477047EC
:10ADC00070470146002070470146002070477047D9
:10ADD00003460020704770477047704710B5FFF773
:10ADE000FAFF10BD70477047704770470A480078F7
:10ADF00010B94FF0FF3070470848006820F002009B
:10AE0000064908604FF0A040806B40F480304FF05E
:10AE1000A04188630020EEE7800B0020040800506A
:10AE20000A48007810B94FF0FF30704708480068B2
:10AE300040F00200064908604FF0A040806B20F40B
:10AE400080304FF0A04188630020EEE7800B0020A7
:10AE50000408005008B50E480068009960F300012E
:10AE600000910B4800684108009861F3420000908F
:10AE700007480068C108009861F3C30000900448C7
:10AE800000680109009861F31F100090009808BD48
:10AE9000840B002010B50B48007810B94FF0FF303C
:10AEA00010BD0948006840F001000749086005200E
:10AEB0000DF0C6F80448006820F00100024908605F
:10AEC0000020EDE7800B00200408005001460748F1
:10AED000007810B94FF0FF3070470548006861F303
:10AEE0000A10034A10600020F6E70000800B0020E3
:10AEF0000008005070B505460324114E09E000BF5C
:10AF000056F82500642104F09FF828B10A20FFF7C5
:10AF10004EFF641EE4B2F3D26CB10A4850F825002B
:10AF2000006840698047044656F8250004F0DCF8C4
:10AF30001CB1222070BD232070BD002070BD000018
:10AF4000C00B0020A8DB03082DE9F0410F460546A1
:10AF50000324124E09E000BF56F82500642104F0D6
:10AF600073F828B10A20FFF722FF641EE4B2F3D27F
:10AF70007CB10B4850F825000068416A3846884784
:10AF8000044656F8250004F0AFF824B12220BDE8AD
:10AF9000F0812320FBE70020F9E70000C00B002030
:10AFA000A8DB03082DE9F05F9346884601F00F0205
:10AFB0000646102101EAD80021499A4610440B7830
:10AFC000102806FB0322D4B202D3D9B22144CCB25A
:10AFD000DFF87090142202EB800059F82610C9683F
:10AFE000085820B14146304600F0EAF800BB164F41
:10AFF000022500BF57F82400642104F025F828B189
:10B000000A20FFF7D4FE6D1EEDB2F3D2ADB159F8B0
:10B010002600524659460068C36A4046984705468E
:10B0200057F8240004F060F815F1020F05D015B1AF
:10B030002220BDE8F09F0020FBE72320F9E7000075
:10B0400090DC0308A8DB03087C9901202DE9F04778
:10B050009246884601F00F020646102101EAD80008
:10B060001F49104410280B7806FB0322D4B202D3E8
:10B07000D9B22144CCB2DFF86C90142202EB8000EC
:10B0800059F82610C968085820B14146304600F0EA
:10B0900097F8F0B9144F0225642157F8240003F003
:10B0A000D3FF28B10A20FFF782FE6D1EEDB2F3D266
:10B0B000A5B159F8260051460068426B40469047BA
:10B0C000054657F8240004F00FF815F1020F05D0DB
:10B0D00015B12220BDE8F0870020FBE72320F9E727
:10B0E00090DC0308A8DB03087C9901202DE9FF5FB1
:10B0F00004460F4610202F4A01F00F0300EAD70044
:10B10000191815784FF0010A04FB05330AFA01F00B
:10B11000DDB2102902D312782A44D5B2264B53F857
:10B120002420D268D668064242D1142000EB810860
:10B130009B4652F8080030B1380739D139462046CD
:10B1400000F03EF870BBDFF874900226642159F8D5
:10B15000250003F079FF28B10A20FFF728FE761EAC
:10B16000F6B2F3D226B35BF824205146DA46D36810
:10B1700043F808105BF82400DDE902120068836BD5
:10B1800038469847060005D05AF824000021C268C6
:10B1900042F8081059F8250003F0A6FF16F1020F37
:10B1A00006D01EB1222004B0BDE8F09F0020FAE7CF
:10B1B0002320F8E790DC0308A8DB03087C99012032
:10B1C0002DE9F047884601F00F020646102101EAFA
:10B1D000D8002049104410280B7806FB0322D4B273
:10B1E00002D3D9B22144CCB2DFF86CA05AF82610B1
:10B1F000CA68142101EB800952F80900002818D010
:10B20000164F0225642157F8240003F01DFF28B1D2
:10B210000A20FFF7CCFD6D1EEDB2F3D245B15AF80E
:10B2200026000068016C40468847050003D008E00E
:10B230002320BDE8F0875AF826000021C26842F8B2
:10B24000091057F8240003F04FFF0DB12220F0E75A
:10B250000020EEE790DC0308A8DB03087C990120BE
:10B260002DE9F0410E4601F00F02804616491020EC
:10B2700000EAD60010440C78102808FB0422D4B24F
:10B2800002D308782044C4B2104F0225642157F835
:10B29000240003F0D9FE28B10A20FFF788FD6D1EB7
:10B2A000EDB2F3D275B10A4951F828000068C16BBC
:10B2B00030468847054657F8240003F015FF284616
:10B2C000BDE8F0810020FBE790DC03087C990120B9
:10B2D000A8DB03082DE9F047884601F00F02064677
:10B2E000102101EAD8002049104410280B7806FBF1
:10B2F0000322D4B202D3D9B22144CCB2DFF86C908D
:10B30000142202EB800059F82610C968085820B1B1
:10B3100041463046FFF754FFF0B9154F022500BFF4
:10B3200057F82400642103F08FFE28B10A20FFF7AC
:10B330003EFD6D1EEDB2F3D29DB159F826000068B6
:10B34000016B40468847054657F8240003F0CCFEC1
:10B3500015F1020F05D015B12220BDE8F0870020BD
:10B36000FBE72320F9E7000090DC0308A8DB0308D3
:10B370007C990120024951F820000068406800478C
:10B38000A8DB0308024951F8200000680068004764
:10B39000A8DB03082DE9F04117468846054603243B
:10B3A000114E08E056F82500642103F04DFE28B147
:10B3B0000A20FFF7FCFC641EE4B2F3D284B10B4810
:10B3C000394650F825000068826840469047044698
:10B3D00056F8250003F088FE24B12220BDE8F08154
:10B3E0002320FBE70020F9E7C00B0020A8DB0308BF
:10B3F0002DE9F0410F4605460324124E09E000BF37
:10B4000056F82500642103F01FFE28B10A20FFF73B
:10B41000CEFC641EE4B2F3D27CB10B4850F8250098
:10B420000068016938468847044656F8250003F04D
:10B430005BFE24B12220BDE8F0812320FBE7002041
:10B44000F9E70000C00B0020A8DB03082DE9F0415C
:10B450000F4605460324124E09E000BF56F82500AA
:10B46000642103F0F1FD28B10A20FFF7A0FC641E5F
:10B47000E4B2F3D27CB10B4850F825000068816A31
:10B4800038468847044656F8250003F02DFE24B1BF
:10B490002220BDE8F0812320FBE70020F9E700002F
:10B4A000C00B0020A8DB03082DE9F0470546D6486D
:10B4B00088460078854278D2DFF8509359F8257095
:10B4C000002F72D0FC68002C6FD05FEA48704FF0FC
:10B4D000000632D594F8A000000621D5D4F89C00CF
:10B4E00010B994F8960020B12846FFF717FC20B356
:10B4F0000AE094F8970000B384F897602846FFF7B5
:10B5000039FB48B1012807D0012200212846FFF766
:10B510009DFDC4F89C6010E0284603F046FE0CE058
:10B52000284603F03AFE40B9A078010605D500F0A0
:10B530007F01A1702846FFF707FD5FEA887045D5B7
:10B5400094F8A00001063ED4D4F89C1021B12846FE
:10B55000FFF70CFC50B32EE094F8971059B184F823
:10B5600097602846FFF728FB08B1012823D1284619
:10B5700003F00EFE2AE0C0F34111E1B101291AD116
:10B5800010F01F0017D0012802D0022813D10EE0BE
:10B59000284600F06BF948B9284600F060F928B950
:10B5A000284600F05FF908B905E04AE00EE02846B9
:10B5B00000F052F9F7E7012280212846FFF746FD07
:10B5C000C4F89C6002E0284603F0F4FD5FEAC8700E
:10B5D00037D02846C84659F82010C968A031FFF76F
:10B5E00035FF00282DD12846FFF726FB0121B8B3EF
:10B5F00001285BD1D4F8A80018B9D4F8AC20002AEF
:10B6000054D1B4F8A620F2B1C4F89800D4F8AC0034
:10B61000C4F89C0084F8971094F8A0301B0603D45B
:10B620002846FFF7A3FB0AE0904205D27A7D521E1E
:10B63000104201D184F896102846FFF76FFB0028CE
:10B6400034D1BDE8F08794F8A0000006284603D462
:10B65000BDE8F04703F09CBDBDE8F04703F0A5BD91
:10B66000B868C4F89800B4F8A600C4F89C0094F830
:10B67000A000C0F3411212B1012A17D17DE094F865
:10B68000A1000C2812D2DFE800F00612AB14AB1AAE
:10B6900034AB3A505474284603F030F92CE0284675
:10B6A000FFF7ACFA2846FFF739FBE0B398E000213A
:10B6B00000E00121284603F07BF998B990E058F8A2
:10B6C0002500C06880B3B0F8A41069BBB0F8A6101C
:10B6D00051BB90F8A010C90626D190F8A21041F0F5
:10B6E000800181702846FFF789FA284603F050FD53
:10B6F0005EE0284603F04EF80028D0D170E058F8FC
:10B700002500C06880B1B0F8A2206AB9B0F8A420C2
:10B7100052B9B0F8A620012A62D190F8A020D20632
:10B720005ED1C21C1EE020E043E0284603F0C8F9C9
:10B73000C3E758F82520E2B3D068D0B3B0F8A23000
:10B74000BBBBB0F8A630012B4AD190F8A03003F073
:10B750001F03012B44D1B0F8A430578ABB423FD21B
:10B7600052681A44C0E9262199E7284603F01DFDD6
:10B770001EE0284603F0D8FA9FE710F01F002FD0F4
:10B78000012802D002282BD126E0284600F03AF901
:10B7900058B9284600F0E2F938B9284600F02BF9EC
:10B7A00018B9284600F02AF918B12846FFF726FAFA
:10B7B00000E015E094F8A00000063FF542AFB4F8B1
:10B7C000A60000283FF43DAF2846FFF7CFFA002837
:10B7D000F8D0012280210DE0284600F009F9E3E7C6
:10B7E00094F8A0000006B4F8A60009D40028F0D010
:10B7F000012200212846FFF729FCC4F89C6020E7BD
:10B800000028E6D1F4E70000A4DB0308A8DB030866
:10B810002DE9F0418846054600240D4F0D4E11E0FC
:10B8200057F8240060B1017AA94209D1807A40F02A
:10B8300080014046414503D10146204601F01EFFEC
:10B84000641CE4B230788442EAD3BDE8F0810000A1
:10B8500014DC0308E8DB03080146002070470146BA
:10B860000020704701460020704700002DE9F0419C
:10B87000054618480078854226D2174850F825001A
:10B88000C6680EB30024DFF85480154F19E000BFDE
:10B8900058F8240098B1017FA94210D1B6F8A4103D
:10B8A000407F81420BD196F8A100092807D120469C
:10B8B00001F012FA18B1284603F06AFC38B1641C92
:10B8C000E4B238788442E3D30020BDE8F08101205F
:10B8D000FBE70000A4DB0308A8DB0308DC0B002067
:10B8E000ACDB03082DE9F0473B4B1B78984271D243
:10B8F0003A4B53F820C0BCF1000F6BD0DCF80C4081
:10B90000002C67D0B4F8A230DFF8D4901B0A354F72
:10B91000354D212B02D0222B5CD131E0002633465D
:10B92000BA460FE05AF8237057B197F81C8080454B
:10B9300006D1B4F8A4807F7FB84506D0761CF6B255
:10B940005B1CDBB22F78BB42ECD32D78AE4241D0EA
:10B950009CF81160254D94F8954066B164B155F896
:10B96000200040690860044659F82300C08820443C
:10B970000860092029E064BB55F820000069F1E760
:10B980000026334613E000BF57F823C0BCF1000F78
:10B990000BD09CF81C80804507D1B4F8A4809CF89B
:10B9A0001DC0E04507D0761CF6B25B1CDBB295F8F3
:10B9B00000C06345E8D3287886420BD059F823406D
:10B9C00024680C6059F82300808810600120BDE8CD
:10B9D000F087FFE70020FAE7A4DB0308A8DB0308F1
:10B9E00030DD0308DC0B0020ACDB0308640C002016
:10B9F00001460020704701460020704701460020A4
:10BA0000704700002DE9F05F504980460978884270
:10BA100070D24F4951F82870002F6BD0FC68002C71
:10BA200068D000264FF0030A4FF0010BDFF8249195
:10BA300085E0494850F82650002D7ED0297F4145A9
:10BA40007BD1B4F8A410687F814276D194F8A1002C
:10BA50000C2872D2DFE800F071063E5171717171ED
:10BA600071234763304601F0A3F890B3B4F8A20005
:10BA7000BBEB102F06D1698ED4F89C00884263D8A6
:10BA8000E86808E0BAEB102F28D1E98ED4F89C00C2
:10BA9000884259D86869401CC4F898001EE0B4F880
:10BAA000A2000221B1EB102F06D1A98ED4F89C0080
:10BAB000884249D8286908E0BAEB102F3AD1E98EBC
:10BAC000D4F89C0088423FD86869401CC4F89800AC
:10BAD00030E032E0304601F02FF811E04046FFF749
:10BAE0001DF9C0B129E0B4F8A60018B9304601F03C
:10BAF00093F81AE028E0E8B11FE0304601F038F88A
:10BB0000D8B1B868C4F89800D4F89C000128E5D9E9
:10BB1000C4F89CB0E2E7404603F047FBEBE7B4F81B
:10BB2000A60088B9304601F0B7F830B1404603F0BE
:10BB30002FFBE0E70120BDE8F09F761CF6B299F8F4
:10BB400000008642FFF475AF0020F4E7A4DB030891
:10BB5000A8DB0308ACDB0308DC0B00202DE9F04177
:10BB6000074628480078874247D2274850F8276080
:10BB7000F6B3F468E4B30025DFF8908037E024489A
:10BB800050F8250088B3017AB9422ED1B4F8A41038
:10BB9000407A814229D194F8A100FE280FD0FF28D5
:10BBA00023D1B4F8A20000BBB4F8A600E8B9284637
:10BBB00001F07EFCC8B1384603F0EAFA14E0B4F8AC
:10BBC000A20090B9B4F8A60001280ED1284601F0D1
:10BBD00001FF50B1B068C4F898003846FFF79EF8EE
:10BBE00018B9384603F0E1FA50B16D1CEDB200E02F
:10BBF00003E098F800008542C1D30020BDE8F08141
:10BC00000120FBE7A4DB0308A8DB0308E8DB03084B
:10BC100014DC03082DE9F04705460E46914605F071
:10BC20000F04032C03D94FF0FF30BDE8F0875448D0
:10BC3000007810B94FF0FF30F7E72807C00E00EB8F
:10BC4000D51000EB80004F4901EB8007387C10B124
:10BC50006FF00100E9E7C5F3C01AC9F30A0814211F
:10BC60003846E4F721FEA7F80E80BAF1000F4AD05B
:10BC700000207874A00540EA864040EA0800424966
:10BC8000E20041F82200022E09DB0846E10050F8EC
:10BC9000210040F080513C48E20040F822103A4830
:10BCA000E10050F8210040F400413748E20040F83C
:10BCB0002210E10050F8210000F0004048B1324865
:10BCC000E10050F8210040F080412F48E20040F8A8
:10BCD00022102D48E10050F82100C0F381400128D6
:10BCE00007D14FF0A040806940F400404FF0A041E0
:10BCF00088612548E43801680120A04001432248BA
:10BD0000E43801603AE04FF0006040EA864040EAE3
:10BD100008001E49E20041F82200022E09DB084615
:10BD2000E10050F8210040F080511848E20040F84E
:10BD300022101648E10050F82100C0F3814001288C
:10BD400007D14FF0A040806940F400404FF0A0417F
:10BD500088610E48E10050F8210040F400410B4892
:10BD6000E20040F822100848E438006804F11001AD
:10BD700001228A4010430449E4390860002054E756
:10BD8000800B0020D064012000090050000B0050FF
:10BD90002DE9F04105462807C00E00EBD51000EB59
:10BDA0008000274901EB800605F00F047068F189D7
:10BDB000884201D9F78901E0706887B234B147F44D
:10BDC00000212048E20040F8221003E01E483843DA
:10BDD0001C4908601B481038E10050F82100C0F3EE
:10BDE000814001281DD100F01DFE00F0010060B16E
:10BDF00014481038E10050F8210040F080511148FB
:10BE00001038E20040F822100BE00E481038E10034
:10BE100050F8210040F000510A481038E20040F884
:10BE2000221008481038E10050F8210040F0044189
:10BE300004481038E20040F82210BDE8F08100000C
:10BE4000D0640120100B0050000008602DE9F04183
:10BE50000546884605F00F04032C03D94FF0FF3048
:10BE6000BDE8F0816048007810B94FF0FF30F7E787
:10BE70002807C00E00EBD51000EB80005B4901EBFA
:10BE80008006307C10B16FF00100E9E7C5F3C01700
:10BE9000B8F1000F57D00FB35548E10050F821001A
:10BEA00000F0004060B10120F0745148E10050F80A
:10BEB0002100504908434E49E20041F8220090E039
:10BEC0004B48E10050F8210040F400114848E200DE
:10BED00040F82210204600F081FD82E04448FC3802
:10BEE000006840F400704249FC39086000BF4FF020
:10BEF000A040406900F080000028F8D03E48E100F2
:10BF000050F8210000F0004050B13B48E10050F8EB
:10BF10002100384908433849E20041F8220009E08D
:10BF20003548E10050F8210040F400113248E200A9
:10BF300040F822102E48FC38006840F480602C49FC
:10BF4000FC3908604DE000207074B0746FB328486D
:10BF5000E10050F8210000F0004048B12448E10021
:10BF600050F8210040F080412148E20040F82210C2
:10BF70001F48E10050F82100C0F38140012809D991
:10BF80001B48E10050F8210040F080511848E200C1
:10BF900040F822101648E10050F8210020F400116A
:10BFA0001348E20040F822101BE01348E10050F86B
:10BFB0002100C0F38140012809D90F48E10050F861
:10BFC000210040F080510C48E20040F822100A485D
:10BFD000E10050F8210020F400110748E20040F889
:10BFE000221000203CE70000800B0020D0640120DC
:10BFF0000009005000002040000B005070B50646BC
:10C000000D4600241EE0224850F824008069B8B193
:10C010001F4850F82400007FB04211D11C4850F84E
:10C020002400807F40F08000A84205D0184850F8D6
:10C030002400C07FA84203D12946204600F084FE98
:10C04000601CC4B2012CDEDB00241EE0114850F855
:10C0500024004068B8B10F4850F82400007AB0427C
:10C0600011D10C4850F82400807A40F08000A8429A
:10C0700005D0084850F82400C07AA84203D12946C8
:10C08000204601F01FFB601CC4B2012CDEDB70BD3A
:10C09000DC0B002014DC0308704700002DE9F0479A
:10C0A00006468846174606F00F05032D03D94FF0C4
:10C0B000FF30BDE8F0872B48007810B94FF0FF3013
:10C0C000F7E73007C00E00EBD61000EB80002649E2
:10C0D00001EB8004207C10B16FF00100E9E7C6F3AA
:10C0E000C01901202074C4F8008067600020A0609F
:10C0F000A081B9F1000F28D01C48E90050F82100B8
:10C10000C0F3814001282BD00FB90120A074012079
:10C1100060741648E90050F8210040F0806113482F
:10C12000EA0040F82210E90050F8210040F00061D8
:10C130000E48EA0040F822100C48F038006840F041
:10C1400040000A49F03908600AE00948E90050F85F
:10C150002100C0F38140012802D03046FFF718FECD
:10C160000020A6E7800B0020D064012000090050C9
:10C17000000B005070B5064606F00F04032C02D9E0
:10C180004FF0FF3070BD2C48007810B94FF0FF30F1
:10C19000F8E73007C00E00EBD61000EB800027490F
:10C1A00001EB8005002068606874A87406F08000C8
:10C1B00008B32348E10050F8210000F0004060B1CE
:10C1C0000120E8741E48E10050F8210040F0904141
:10C1D0001B48E20040F8221029E01948E10050F81D
:10C1E000210040F000611648E20040F8221020468D
:10C1F00000F0F4FB1BE01348E10050F8210000F0D0
:10C20000004050B10F48E10050F8210040F090414B
:10C210000C48E20040F8221009E00A48E10050F81A
:10C22000210040F000610748E20040F822100020A1
:10C23000287400BFA6E70000800B0020D064012016
:10C2400000090050000B0050014601F00F000328C8
:10C2500001D9002070470807C00E00EBD11000EB99
:10C260008000024A02EB80008068F3E7D06401207E
:10C270002DE9F047064606F00F04032C03D94FF0D2
:10C28000FF30BDE8F0877348007810B94FF0FF30F9
:10C29000F7E73007C00E00EBD61000EB80006E49C8
:10C2A00001EB800999F8100010B16FF00100E8E788
:10C2B000C6F3C0186948006888F0010104EB011258
:10C2C0000121914088436549086014214846E4F7FC
:10C2D000EBFA00276248E10050F82100C0F38140EA
:10C2E000012808D05D48E430E10050F82100C0F397
:10C2F0008140012833D1012525E05948E90050F853
:10C30000210000F4004048B15548E90050F82100F0
:10C31000C0F38140012801D1781CC7B24F48E430F6
:10C32000E90050F8210000F4004050B14B48E430DF
:10C33000E90050F82100C0F38140012801D1781CA8
:10C34000C7B2681CC5B2032DD7D9012F07D14FF052
:10C35000A040806920F400404FF0A0418861B8F10E
:10C36000000F2BD03D48E430E10050F8210000F0F0
:10C37000004058B13948E430E10050F8210040F065
:10C3800080413648E430E20040F822103348E4307F
:10C39000E10050F8210040F000613048E430E20054
:10C3A00040F82210F4B3E10050F8210020F40041DD
:10C3B0002A48E430E20040F8221048E027481838C4
:10C3C000006840F4007025491839086000BF4FF03C
:10C3D000A040406900F080000028F8D02048E1002B
:10C3E00050F8210040F000611D48E20040F82210A2
:10C3F0002CB3E10050F8210000F00040A8B118482B
:10C40000E10050F8210040F080411548E20040F87A
:10C41000221000BF12480830E10050F8210000F05F
:10C42000020000E013E00028F4D00D48E10050F8CD
:10C43000210020F400410A48E20040F82210074899
:10C440001838006840F480600449183908600020FA
:10C4500017E70000800B0020D06401201C0800506A
:10C46000000B00502DE9F84F064606F4805050B1FD
:10C4700002F026FD0420FC49096888474FF48050EB
:10C480004FF0A041486106F40060A0B1F748006891
:10C4900020F00800F54908601020F3490968884732
:10C4A000F348006840F00100F14908604FF4006073
:10C4B0004FF0A041486106F00040A0B1EB48006891
:10C4C00020F008000830E94908602020E6490968A2
:10C4D0008847E748006820F00100E54908608805C2
:10C4E0004FF0A041486106F40050E0B1DF48006819
:10C4F00020F00600801CDD4908600846006820F036
:10C50000080008300860DB48006840F48070D949B2
:10C5100008600846006840F4806008604FF40050EE
:10C520004FF0A041486106F0100090B34FF0A040DA
:10C53000D0F8208008F00F04C8F30A100090C8F368
:10C540004340072820D2DFE800F01F201A21221FD5
:10C550000400C9480068C9490860C74800684860C5
:10C560000846008880B2B0F5A06F04D10968C1F315
:10C570000740FEF7ABFC0120C149087008E02046E7
:10C58000009902F073F803E000BF00BF00BF00BFD6
:10C5900000BF06F40020002867D0B64814300068B9
:10C5A000B4491831096808404FF6FF7101EA104993
:10C5B000002400BF29FA04F000F0010000287CD01C
:10C5C000B048E10050F82100AA491031096800EA9A
:10C5D00001072007C00E00EBD41000EB8000AA4931
:10C5E00001EB800507F00200F0B3A6480838E1002F
:10C5F00050F82100C0F38140012831D1E88940F48E
:10C600000021A0480830E20040F8221000F00AFAA9
:10C6100000F0010060B19B480838E10050F82100AB
:10C6200040F0805197480838E20040F822100BE0B3
:10C6300094480838E10050F8210040F0005191483A
:10C640000838E20040F822108E480838E10050F81F
:10C65000210040F004418B480838E20040F82210E5
:10C6600002218848E20001E002E035E040F82210B3
:10C6700007F0080058B10020686008218148E200F6
:10C6800040F8221001212046804A1268904707F0A6
:10C69000010090B101217B48E20040F82210686857
:10C6A00060B178480838E10050F82100C0F38140BB
:10C6B00001280AD02046FFF76BFB06E00020287413
:10C6C00002212046714A12689047601CC4B229FAC0
:10C6D00004F000287FF46EAF06F4802000287DD09F
:10C6E00064481430006863491831096808401FFA2B
:10C6F00080F9002400BF29FA04F000F001000028AE
:10C700006DD06348E10050F821005A490C310968A6
:10C7100000EA01072007C00E44F0800100EBD110B1
:10C7200000EB8000584901EB800507F0020078B368
:10C7300002215748E20040F82210E87C012805D188
:10C740000020E874204600F049F921E050480838FC
:10C75000E10050F82100C0F38140012818D1A04029
:10C760004C490968084098B1204600F037F928681C
:10C7700038B16868A9890844686044F0800002F014
:10C78000C5FD0120A040434909688143414801603B
:10C7900007F0400080B3687C48B30020687480468E
:10C7A000DFF8E4A0834609E09AF8110040EA08089F
:10C7B0000AF1280A0BF1010000F0FF0BBBF1030F97
:10C7C000F2D3B8F1000F07D12A480C30006820F0EE
:10C7D000400028490C310860686801E038E030E02A
:10C7E00008B9A87C18B144F0800002F08FFD402108
:10C7F0002748E20040F8221007F0010008B30121A9
:10C800002348E20040F82210A868A9890844A860DB
:10C81000686848B900202860287444F0800004212A
:10C820001A4A126890470CE019480838E10050F89D
:10C830002100C0F38140012803D044F0800002F0C1
:10C8400065FD601CC4B229FA04F000287FF453AFE0
:10C8500006F4004000286FD04FF442104FF0A04182
:10C86000486101245BE00000780B0020840B00206D
:10C87000000E00500408005000100050880B0020EB
:10C88000900B0020080B0050D06401207C0B00208E
:10C8900008090050940B00204C48E10050F821009A
:10C8A000C0F38140012800D037E04848E10050F84B
:10C8B000210000F4004000B92FE006F40010E8B1B8
:10C8C00000F0B0F800F001014048E20050F822000A
:10C8D000C0F3004081421FD13C48E10050F82100E4
:10C8E00000F00040C0B13948E10050F8210040F0AC
:10C8F00080413648E20040F822100DE02007C00ECB
:10C9000000EBD41000EB8000314901EB800040685F
:10C9100010B12046FFF73CFA00BF601CC4B2032CE4
:10C92000BAD901244DE02B48E10050F82100C0F3B2
:10C930008140012801D042E045E02648E10050F85E
:10C94000210000F4004000B939E006F4801020B363
:10C950002048E10050F8210000F0004070B300F0E2
:10C9600061F800F001011B48E20050F82200C0F31A
:10C970000040814222D10120A040174909680843A4
:10C98000154908601348E10050F8210040F090413B
:10C990001048E20040F8221010E02007C00E44F0DA
:10C9A000800100EBD11000EB8000094901EB800011
:10C9B000406818B144F0800002F0A8FC00BF601C81
:10C9C000C4B2032CAFD9BDE8F88F0000000B0050B3
:10C9D000D064012000090050940B002000BF4FF0EC
:10C9E000A041096901F020010029F8D14FF0A041D0
:10C9F000096960F38A114FF0A0421161114609697B
:10CA000041F02001116100BF4FF0A041096901F020
:10CA100020010029F8D170470148006870470000E4
:10CA200000DA03080448007808B90020704703487A
:10CA30000068C0F30D20F9E7800B002008080050C3
:10CA400008B502480068009008BD0000FCD9030842
:10CA50004FF0FF307047000030B50446012C02D083
:10CA6000032C19D117E0A2B921B1012907D002295D
:10CA70000DD100E000BF05205870022030BD0848ED
:10CA8000007818B10020064D2870F7E700BF00BFFE
:10CA900000BF00BF00E000BF00BF0020EEE70000C5
:10CAA000D30300207047014600207047F0B50446CC
:10CAB0000E46059D022C02D0032C0DD10BE0002167
:10CAC00004E0585C064F7854481CC1B2A942F8DB18
:10CAD000044F3D7000E000BF00BF0120F0BD00002A
:10CAE000A01E0020D2030020002000F031BB7047C0
:10CAF0000D490978884212D20C4951F8200070B1D2
:10CB0000816961B10A49007F0978884209D20949DF
:10CB100051F8200028B1C06818B1002070472820C3
:10CB20007047212070470000ACDB0308DC0B0020BD
:10CB3000A4DB0308A8DB030810B50446FFF7D8FF01
:10CB400008B1002010BD0848084A50F82400017FB1
:10CB5000806852F82110CA68896892F8A220805C27
:10CB60000870012010BD0000DC0B0020A8DB0308CA
:10CB700010B50446FFF7BCFF88B90A4850F82400F6
:10CB800068B1804700280ADB0749084A51F8241099
:10CB9000097F52F8211089680870012010BD00201B
:10CBA00010BD0000ACDC0308DC0B0020A8DB030890
:10CBB00070B5164D0446164955F82400007F51F80B
:10CBC0002000C6682046FFF793FFE0B9B6F8A21030
:10CBD000080A012804D0022815D0032813D103E045
:10CBE00055F82420D36802E055F824205369094AF7
:10CBF0005B1C52F8244034B1CAB20021A04700287F
:10CC000001DB012070BD002070BD0000DC0B0020A6
:10CC1000A8DB0308A4DC030870B50446FFF768FF2F
:10CC200008B1002070BD194A194952F82430187F04
:10CC300051F82000C068B0F8A21011F0FF0F05D025
:10CC40000A0A9B68C9B2491E5A540EE0002106E048
:10CC5000B0F8A2509B682D0A5D54491CC9B252F825
:10CC6000243093F830508D42F2D890F8A20010F0A2
:10CC7000FF0F084850F8240004D0042102F020FBE4
:10CC8000012070BD02F029FBFAE70000DC0B002058
:10CC9000A8DB0308C80B002010B50446FFF728FFE7
:10CCA00088B90A4850F8241069B10948094A50F86F
:10CCB0002400007F52F82000C06890F8A200884746
:10CCC00008B1012010BD002010BD0000B0DC030839
:10CCD000DC0B0020A8DB0308F8B5184F0446184900
:10CCE00057F824000025007F51F82000C668204630
:10CCF000FFF7FEFEF8B9B6F8A210080A01281AD00C
:10CD0000022802D0032816D103E057F82420136923
:10CD100002E057F8242053690A4A5B1C52F8244069
:10CD20004CB1B6F8A6200092CAB20021A047050077
:10CD300001D00120F8BD2846F8BD0000DC0B002022
:10CD4000A8DB0308A8DC030870B50C460546FFF70E
:10CD5000CFFE00280DD1074850F82500C17FA14221
:10CD600007D18269838E007FD268BDE87040FEF7EC
:10CD7000BDB970BDDC0B00202DE9F0470746FFF779
:10CD8000B7FE002879D1594850F82750AC69E08A9D
:10CD9000A18ADFF85C914FF0000888421DD3207F04
:10CDA000D8B9C4F80880A4F8168059F8276036B1BD
:10CDB000E868431C027801210846B047A082A08A97
:10CDC00058B1E868A06095F83010012902D8401CDD
:10CDD000A06002E0A08A401CA082A08A4FF0010A55
:10CDE00010BB207F00BB607810B184F8018047E061
:10CDF0006368CBB195F83020012A16D8E96881F82C
:10CE00000080A4F8168059F8276036B1EB6800223C
:10CE1000022101205B1CB047A082A08A10B1E86803
:10CE2000401CA060C4F804802AE0607F411CCEB2A0
:10CE3000B24200D200260AFA06F10B421ED0E9687F
:10CE4000701C0870A4F8168059F827C0BCF1000FB8
:10CE500006D0C2B2EB68022101205B1CE047A08231
:10CE6000A08A20B1E868A060A08A401CA082616806
:10CE70000AFA06F08143616002E02BE0B042D7D1AC
:10CE8000A08A08B9207F50B3287F1A4951F8201092
:10CE9000CF68A18AE28A891A8EB2A97F334641F00F
:10CEA0008001A268FEF722F9A0683044A060E08A01
:10CEB000304480B2E082698E884209D297F89500AA
:10CEC00005EB4000808CB6FBF0F100FB116018B15F
:10CED00084F81C80BDE8F08784F81CA0FAE70648B7
:10CEE00050F82700BDE8F04702F0FEB8DC0B002048
:10CEF000A4DC0308A8DB0308CC0B00202DE9F843D1
:10CF00000646FFF7F5FD002838D11D48002750F8E8
:10CF10002640A56994F81C80288B08B92069E86030
:10CF2000E17F4046FEF79CF9E96882B21144E9606E
:10CF3000298B084480B21349288394F8312051F892
:10CF40002660012A04D876B100900022236905E00A
:10CF50004EB1401E00902069431C0278012102203E
:10CF6000B04700280AD02269EA602F83A38EE17FB0
:10CF700001B04046BDE8F043FEF7B8B8BDE8F8831D
:10CF8000DC0B0020A8DC03082DE9F0471F46924681
:10CF900088468146FFF7ACFD06003AD11E4951F89C
:10CFA00029401E49207FA56951F82000618EC06884
:10CFB000B94201D202262CE0C07840B1184951F89C
:10CFC0002900002102F040F818B1232621E025268F
:10CFD0001FE001206870E1683A4681F80080E0684F
:10CFE0005146401CE3F7BFFBE0680021A860E982DE
:10CFF000AF8294F83020012A02D8401CA86002E0D9
:10D00000A88A401CA8822268484622F81810FFF718
:10D01000B3FE3046BDE8F087DC0B0020A8DB030838
:10D02000CC0B002070B50446FFF762FD05002CD143
:10D03000174850F8240000B18047164E56F82400D7
:10D0400030B92146052002F0CDF846F8240020B181
:10D05000114E56F8240010B107E0102515E02046C7
:10D0600002F01EF946F8240020B10C4E56F82400B8
:10D0700010B10AE0112508E000222146022001F04B
:10D08000F7FF46F8240000B91225284670BD0000BD
:10D090009CDC0308C40B0020C80B0020CC0B002034
:10D0A0002DE9F0410546FFF723FD002826D114485D
:10D0B00050F825401348A66950F8250008B102F041
:10D0C0000CF9A07F20B140F08001207FFEF778F8B6
:10D0D000E17F11B1207FFEF773F80B4F57F8250061
:10D0E00030B1002101F0B0FF57F8250001F0FCFF3E
:10D0F00020213046E3F7D8FB2069F060BDE8F081DD
:10D10000DC0B0020C80B0020CC0B002070B50446BF
:10D11000FFF7EEFC002815D100210B4A7D2303E028
:10D1200080684354491CC9B252F8240090F830502A
:10D130008D42F5D80548042150F82400BDE8704020
:10D1400002F0BEB870BD0000DC0B0020C80B002050
:10D1500070B5C4B22046FFF7CBFC002811D1451EA4
:10D16000284602F087F80101FAD4060AB00702D572
:10D170002046FFF7C3FE7007F2D52046FFF7FCFDFF
:10D18000EEE770BD2DE9F047C4B22046FFF7B0FCD2
:10D1900000287AD14448454950F82420107F9369EB
:10D1A00051F82000C068C17800296ED05988091D47
:10D1B00089B2598090F8950038B1508C38B13C4D07
:10D1C00005EB400030F8020C02E0108C00B90120A1
:10D1D0004FF0000CE246814203D1A3F802A04FF0C9
:10D1E000010C0021012545E017680026B94637F8F3
:10D1F00011704FF6FC78474502D23F1D29F8117097
:10D20000576837F811704FB1D2F80080C14638F82E
:10D210001180B84502D329F811A0012697687F5CD8
:10D22000B0EB870F02D90FB1012700E0002717EA02
:10D230000C0F01D1BE4304D05E6805FA01F73E43EE
:10D240005E6096685768765C37F81170B600B74232
:10D250000ED056B1176837F81170B74205D35F6822
:10D2600005FA01F847EA08075F60576827F8116078
:10D27000491CC9B292F830608E42B5D8586808B1DE
:10D280005A7822B18D40A8435860BDE8F08709481C
:10D29000002150F8240001F0D7FE0028F5D12046E7
:10D2A000BDE8F047FFF768BDDC0B0020A8DB0308F2
:10D2B00030DE0308CC0B002070B505460C460A484A
:10D2C0000078012801D1002070BD08480560084899
:10D2D00004600220074908700320F5F72FF80120A9
:10D2E000014908700020EFE7810B0020780B002037
:10D2F0007C0B0020740B00202DE9F0470446FDF75D
:10D3000069FB002821D12046FEF73CF82F4901EBAC
:10D31000840108602046FEF72DF82D492D4D41F877
:10D32000240055F8240038B900222146104601F0A7
:10D330009FFE45F8240038B1284E0025DFF898906C
:10D34000327804FB02F814E01220BDE8F08700BF39
:10D3500005EB4800C7B259F8270040B92A462146D4
:10D36000012001F085FE49F827000028ECD06D1C53
:10D37000EDB23078B5EB400FEAD3194850F82400ED
:10D3800000B180472046FDF739FB0028DDD1154D5F
:10D3900055F8240030B92146002001F023FF45F85C
:10D3A000240080B1104850F82420104850F8241070
:10D3B0002046FDF7EFFF0028C7D12046BDE8F04723
:10D3C0000221FEF715B81020BFE70000300C002046
:10D3D000340C0020C00B00207C99012090DC030855
:10D3E000D4DC0308BC0B002098DC030894DC0308A1
:10D3F000012070470246034810604FF40070086037
:10D4000001207047904C001070B505460C46284628
:10D41000F2F72CFF4FF400702060012070BD10B5B2
:10D42000F2F72CFF10BD10B50446FFF7E1FF10BD69
:10D4300070B506460C46154629462046FFF7E4FF20
:10D4400070BD2DE9F04107460C4615461E46324692
:10D450002946204600F016F8BDE8F08170B5054673
:10D460000C46204600F019F870BD2DE9F041074642
:10D470000C4615461E4632462946204600F014F852
:10D48000BDE8F08170B504460D4616463246294681
:10D490002046F2F7F5FE012070BD014600207047DE
:10D4A000002000F055BF7047034601207047000080
:10D4B00010B5044600F064F808B1002010BD09481A
:10D4C000094A50F824004168007A52F82000C268E6
:10D4D00000201061C1F81F00072081F849000120D9
:10D4E00010BD000014DC0308A8DB03080A4910B5CE
:10D4F00051F8202051688B6843B1097B090608D494
:10D50000D17A052200F0BCFE002010BD05220021CA
:10D51000F8E7012010BD000014DC03080B4910B52A
:10D5200051F8202051688B6853B1097B09060AD550
:10D53000917A052241F0800100F0A2FE002010BD8A
:10D5400005220021F8E7012010BD000014DC0308CB
:10D550000A4910B551F820104A68936863B1127BEC
:10D56000120603D5897A41F0800100E0C97A0522CC
:10D5700000F086FE002010BD012010BD14DC030861
:10D580000D490978884212D20C4951F8200070B137
:10D59000416861B10A49007A0978884209D209498B
:10D5A00051F8200028B1C06818B100207047292028
:10D5B0007047212070470000E8DB030814DC0308F3
:10D5C000A4DB0308A8DB03082DE9F04117498046D6
:10D5D000174851F8285050F828106C68677B19B12B
:10D5E00038468847064600E00026F00710D107EBD2
:10D5F000470104EB81014865A068A0B1207B0006CB
:10D6000009D5A87A40F080010BE0404600F038FED2
:10D610003046BDE8F081D4F82700216C884202D062
:10D62000E97A0122F1E701220021EEE714DC030888
:10D63000D0DC0308104910B551F820004468226C72
:10D64000A1688A4202D32164032100E0042184F806
:10D650004910817A0268236C41F08001007AFDF75D
:10D6600045FDD4F82700216C401AC4F8270000209B
:10D6700084F82B0010BD000014DC030870B50546CB
:10D680000C46FFF77DFF002816D10C4850F82510F6
:10D690008A7A087A42F080039C420DD14A68084C8D
:10D6A000D2F81F10A14207D1BDE8704043F08001BD
:10D6B0000D231F32FDF71ABD70BD000014DC0308F6
:10D6C0005553425370B50D460446FFF759FF0028E5
:10D6D00017D10C4850F82440E07AA84211D1207AA2
:10D6E000094A616852F82020D26892F8952004EB2C
:10D6F0004202138A4B64E17A2268BDE87040FDF76C
:10D70000F5BC70BD14DC0308A8DB030870B51C4928
:10D7100051F82040656895F84910022919D003296D
:10D7200020D0042922D0052912D1207A154951F898
:10D730002000C06890F8950004EB4000038A6B64F9
:10D74000E17A207A2268FDF7D1FC002085F84900B3
:10D7500070BDE97B282901D0A829F9D1BDE8704026
:10D7600000F03ABABDE8704000F01EBDA17A41F069
:10D77000800100F033FD0448C5F81F000520E5E7EF
:10D7800014DC0308A8DB0308555342532DE9F04786
:10D790008E4F054657F825607468226C1F2A7DD18C
:10D7A00020463168E2F7DFFF894920688842F6D1D8
:10D7B0006068C4F82300A168C4F82710607B327D3C
:10D7C000904203D8A07B08B1102801D9052267E058
:10D7D000E07B4FF080094FF0000828287DD015DC51
:10D7E0001A285FD009DC042828D003DC78B303288A
:10D7F00024D138E0122821D13AE01B283DD01E2840
:10D8000040D023286AD0252818D19FE09E2815D023
:10D810000CDC552812D004DC2A287DD035280DD107
:10D82000B8E05A2865D0912808D1B3E0A12805D0E6
:10D83000A32803D0A82850D0AA286DD000296CD0E6
:10D84000207B00066AD5B07A40F08001A8E0FFE7AF
:10D850002846FFF77DFE00287ED02846FFF7B4FE5D
:10D86000C00779D096E02846BDE8F04700F010BC2C
:10D870002846BDE8F04700F009B92846BDE8F04762
:10D8800000F0D0BC57F8250044682846FFF760FE3A
:10D89000002861D0E07CC0077CD000E088E0062250
:10D8A00000217EE057F8254028466768FFF71EFEF6
:10D8B000002851D02846FFF787FEC0074CD02168CA
:10D8C000032046460870206880F801802846FFF74C
:10D8D0007BFE800706D5216801E03CE031E081F85D
:10D8E000029001E0206886702068C67004203864C9
:10D8F00022E057F8254028466668FFF7F7FD002824
:10D9000062D02846FFF760FEC0075DD02168C1F8ED
:10D910000080C1F8048002E02CE047E03FE021688D
:10D92000062048702846FFF74FFE400702D02168C6
:10D9300081F80390082030642846BDE8F047FFF7DF
:10D9400079BE2846BDE8F04700F038BB2846BDE860
:10D95000F04700F0CFBA00E036E0284600F056FA73
:10D96000002831D0022084F849002846BDE8F0475D
:10D9700000F032B9284600F049FA002824D00120EE
:10D9800084F84900F17A307A636CA26BBDE8F04705
:10D99000FDF7ACBB2846BDE8F04700F09DBCF17A2E
:10D9A00004222846BDE8F04700F06ABC042277E76D
:10D9B000B07A40F08001284600F0A0FCF17A2846B9
:10D9C000BDE8F04700F09ABCBDE8F08714DC03081E
:10D9D0005553424310B50446FFF7D2FD08B100206D
:10D9E00010BD0648064A50F82400017A007D52F81E
:10D9F000211089680870012010BD000014DC0308A4
:10DA0000A8DB030870B50546FFF7BAFD060030D164
:10DA100019487C2150F8250044682046E2F744FF6D
:10DA2000164850F8250000B180474FF4007020657B
:10DA3000E065A0666067124850F825207AB1114968
:10DA4000081F904730B10F48001F0168A16340686C
:10DA5000400AE0630C4C54F8250010B109E0FF20A7
:10DA600070BD2946062001F0BDFB44F8250000B931
:10DA70001026304670BD000014DC0308B4DC030837
:10DA8000BCDC0308B00C0020E00B00202DE9F041C5
:10DA900007464F4850F82740384665686E7BFFF7C9
:10DAA00025FD00287ED0287C4FF08001C3076B7CC9
:10DAB0004FF000004FF0020253D013B1802B51D130
:10DAC0000DE02368187023685870236898702368E5
:10DAD000DA70226810712068417106206FE02368B7
:10DAE000227A18702368597021688870216815207F
:10DAF000C870384850F8220041680A7C62B3016A55
:10DB0000002002E00B78401C19449042FAD30878B8
:10DB1000042807D9801E4208142A00D914220020A4
:10DB2000891C0AE00022FAE70B782BB1D4F800C078
:10DB3000061D891C0CF80630401C9042F4D31428B2
:10DB400008D2C0F114012268001D10445FF02002C9
:10DB5000E2F780FE182032E0206820221421001D08
:10DB6000F6E743B1A07A062240F080013846BDE8CE
:10DB7000F04100F085BB2368187023685970216854
:10DB800088702168CA7022681F211171216848714C
:10DB9000216888712168C87104EB860081690820BA
:10DBA000202300E011E00A781AB12668491C32549B
:10DBB00001E022681354401C2428F2D32420286456
:10DBC0003846BDE8F041FFF735BDBDE8F081000003
:10DBD00014DC0308640C00202DE9F0473F4980461F
:10DBE00051F82860746896F808A094F80D90E16ADE
:10DBF00009EB490004EB8007786D814204D3B07AC9
:10DC0000062240F0800163E0354951F82A00E16BBB
:10DC1000C06890F8950006EB4000058A386D4843CF
:10DC2000A84200D90546606BA84200D80546404688
:10DC3000FFF7CAFCC0072DD0206B68B37DB1216B04
:10DC4000A06B2B464218B07A40F080015046FDF799
:10DC50004DFA206B28442063606B401B6063E06BCF
:10DC6000396D236B00FB01F200219A4203D121633D
:10DC7000E26A1044E062D4F82700401BC4F8270091
:10DC8000002D07D0606B002804D1032084F84900E0
:10DC900084F82B10BDE8F087002DE0D0616B386D63
:10DCA0000144491EB1FBF0F2E06B904200D2024603
:10DCB0000C4850F828C0BCF1000FC0D04846A36BF8
:10DCC000E16AE0470028BAD1B07A032240F080012F
:10DCD0004046BDE8F04700F0D3BA000014DC03086A
:10DCE000A8DB0308C4DC03082DE9F047454980465A
:10DCF0004FF0000951F828506C6894F80DA0E16AC3
:10DD00000AEB4A0004EB8007786D814209D2386D36
:10DD1000216B421E1140226C0A44E16B41438A424E
:10DD200004D9C4F84090E97A062251E04046FFF752
:10DD30004BFCC0070AD0216B206C01442163626B4D
:10DD4000121A626398B3304822B11DE0C4F84090C3
:10DD5000BDE8F087C1B13A6D1144491EB1FBF2F63E
:10DD6000E16BB14200D20E4650F828C0BCF1000F62
:10DD700005D032465046A36BE16AE04730B3C4F8A1
:10DD80003090E06A304411E0E26B3B6D53438B42CC
:10DD90000DD150F8286026B15046A36BE16AB04718
:10DDA000A0B1C4F83090E16BE06A0844E062D4F8B6
:10DDB0002700216C401AC4F82700616BE1B1386D6F
:10DDC000E26B5043814208D9606407E0E97A02229D
:10DDD0004046BDE8F04700F053BA6164216BA06B88
:10DDE000636C4218E97A287AFDF780F9606B18B104
:10DDF00094F849000528ABD14046BDE8F04700F053
:10DE00006BBA000014DC0308C8DC03082DE9F041FC
:10DE10000746374850F8275038466C68667BFFF74E
:10DE2000D3FBC0075CD0D4F81100217D00BA20F0EC
:10DE3000FF000843E06200202063E07B282835D003
:10DE40002A2804D0A82835D0AA2848D10FE038467F
:10DE5000FFF7BAFB800702D5E97A07223CE0384693
:10DE6000FFF75CFB00283BD0E08A40BA10E0384660
:10DE7000FFF7AAFB8007EFD43846FFF74FFB0028D7
:10DE80002ED0D4F81500217E00BA20F0FF00084300
:10DE900006EB460104EB8102116D41436163106D95
:10DEA000E26B5043814209D9606408E03846FFF7CD
:10DEB0001DFBD7E73846FFF719FBE0E76164A06870
:10DEC00040B1884211D0207B00060BD5A87A40F0E3
:10DED000800108E005220021384600F0D1F9002039
:10DEE000BDE8F081E97A0522F6E70120F8E70000B5
:10DEF00014DC03082DE9F04106462D4850F8264071
:10DF0000304665686F7BFFF7F1FA00284DD0304648
:10DF1000FFF75AFBC00748D0264850F82630002BA0
:10DF200043D0254A3846111F9847A8B3224A07EB29
:10DF30004700143A05EB8001536951F8500F1269FC
:10DF4000B3FBF0F0504348602268401E000E107092
:10DF500048682268401E000C507088882268401E65
:10DF6000000A907008792268401ED0700868226804
:10DF7000000E107108682268000C50710888226831
:10DF8000000A907108782168C8710820286430461A
:10DF9000BDE8F041FFF74EBBA07A032240F08001BC
:10DFA0003046BDE8F04100F06BB9BDE8F0810000FB
:10DFB00014DC0308C0DC0308C00C00202DE9F0418C
:10DFC0000646304850F82640304665686F7BFFF7BC
:10DFD0008DFA002853D03046FFF7F6FAC0074ED02E
:10DFE000294850F82630002B49D0284A3846111FBE
:10DFF0009847D8B307EB470005EB8001234851F859
:10E00000502F0C38C3688068B3FBF2F242434A6079
:10E010002268002010702268507022689070226878
:10E020000820D07048682268000E10714868226885
:10E03000000C507188882268000A90712268087963
:10E04000D07122680220107208682268000C507299
:10E0500008882268000A907208782168C8720C202B
:10E0600028643046BDE8F041FFF7E4BAA07A032205
:10E0700040F080013046BDE8F04100F001B9BDE854
:10E08000F081000014DC0308C0DC0308B80C002099
:10E090002DE9F04106462A4850F82640304665688A
:10E0A0006F7BFFF723FA002847D014212068E2F79E
:10E0B000D9FB216870200223087007EB470005EBAD
:10E0C0008002052092F84C700321082F31D2DFE83E
:10E0D00007F01E04080D3013172B206883703A20B8
:10E0E00007E0206881702068017310E0206881706B
:10E0F0001120216808730AE0216888702420F8E75D
:10E1000021688870216826200873206843730020E6
:10E1100082F84C0021680A20C87112202864304619
:10E12000BDE8F041FFF786BA2168072088702720F4
:10E13000DFE7216888702020DBE7BDE8F081000080
:10E1400014DC030870B50446FFF71AFA002827D13B
:10E15000144850F82450E97A287A6C68FDF730F8B2
:10E16000A87A40F08001287AFDF72AF81F2120467E
:10E17000E2F79AFB0D2104F11F00E2F773FB002088
:10E1800044F82C0F6060A0606061A0612077607728
:10E1900084F8200084F82C0084F8380084F84400C7
:10E1A00070BD000014DC03080A4910B551F82000C6
:10E1B00009490D23446804F11F02C4F81F10817A35
:10E1C000007A41F08001FCF791FF052084F84900B6
:10E1D00010BD000014DC03085553425370B50D46C2
:10E1E0000446FFF7CDF9002816D10C480C4901224E
:10E1F00050F82400007A51F82010CC682946FCF72A
:10E2000025FF102105F00F0001EAD501014401208E
:10E210008840E1680843E06070BD000014DC03083A
:10E22000A8DB030870B50546134850F8250044687C
:10E230002846667BFFF78CF900281BD0A07C30B104
:10E2400006222846BDE87040002100F019B80B48AE
:10E2500050F8252062B1E07CC00701D0012100E028
:10E260000021304690472846BDE8704000F034B8A1
:10E270000422E6E770BD000014DC0308CCDC0308D0
:10E280002DE9F0410D0012498046174651F828004B
:10E290004468667B03D029464046FFF79FFF06EBA4
:10E2A000460004EB800080F84C70012084F82B00BD
:10E2B0000848C4F81F00280604D5052084F8490042
:10E2C000BDE8F0814046BDE8F041FFF76DBF0000BA
:10E2D00014DC0308555342530749002251F820101B
:10E2E00049684B7B03EB430301EB830383F84C202A
:10E2F00081F82B20FFF758BF14DC030870B50D0020
:10E300001049114A51F820104C68097A52F821102E
:10E31000CE680DD02946FFF761FF102105F00F00F0
:10E3200001EAD50101440120884031690843306188
:10E33000022004F82B0F054844F80C0C0620A077A7
:10E3400070BD000014DC0308A8DB030855534253DA
:10E350002DE9F047C4B22046FFF712F900283ED15C
:10E36000204F4FF0FF3A57F8240090F8089090F8AB
:10E370000B804668504600F07DFF0101FAD4050A83
:10E38000A80714D541464846FCF76AFF306420468A
:10E3900057F82020516891F8493073B1012B0FD004
:10E3A000052B04D0072B13D0D17AFFF7A7FF6807FE
:10E3B000E0D52046FFF7AAF9DCE7FFF7E7F9F6E733
:10E3C000C97B2A2901D0AA29F1D1FFF78DFCEEE7FC
:10E3D000002281F84920096C1F29EED0E7E7BDE84B
:10E3E000F087000014DC030810B5044614B1022CB9
:10E3F00070D169E09248006840F080009049086060
:10E400004320002817DB00F01F02012191408D4AB4
:10E41000430942F8231000BF00BF00BFBFF34F8F76
:10E4200000BF00BF00BF00BF00BF00BFBFF36F8FC2
:10E4300000BF00BF00BF00BF4320002807DB00F083
:10E440001F0101228A408049430941F8232000BF6F
:10E4500000207E4908704FF0A040806820F0010045
:10E460004FF0A041886076482038006840F0800076
:10E4700073492039086000207549087075480021EB
:10E480000160A0217448E2F70FFA4FF0A040806BC2
:10E4900020F480304FF0A04188637048006840F05D
:10E4A00001006E4908606E48006840F002006C4947
:10E4B000086000204FF0A04188636148006820F0A8
:10E4C00080005F490860B8E06648007818B94FF0EE
:10E4D000FF3010BDAEE05D480078012801D100207A
:10E4E000F7E75748006840F08000554908605448F5
:10E4F0002038006840F08000514920390860012030
:10E5000009F09EFD4E482038006820F080004C49FC
:10E5100020390860012009F093FD5048006820F080
:10E5200001004E4908604FF0A040806B40F48030FD
:10E530004FF0A04188630846C06840F04000C860C2
:10E5400000BF4FF0A040006900F000400028F8D064
:10E550004FF0A040006940F001004FF0A041086179
:10E5600000BF4FF0A040006900F001000028F8D182
:10E57000012009F065FD00BF4FF0A040006900F0E8
:10E5800000400028F8D000F09BFC4FF0A040806BCA
:10E5900040F400104FF0A04188633148006840F01B
:10E5A00002002F4908604FF0A040C06820F470506E
:10E5B00040F410504FF0A041C8600846C06800F019
:10E5C000804020B10846C06800F0005078B14FF09C
:10E5D000A040C06820F000504FF0A041C86008463D
:10E5E000C06840F08040C860642009F029FD1C48E4
:10E5F000001F006840F003001949091F08601A480D
:10E600004FF0A04188610846806840F08100886032
:10E6100001200E4908704320002809DB00F01F028A
:10E62000012191404209920002F1E022C2F800115A
:10E6300000BF02E06FF003004BE700BF002048E797
:10E640003438024080E100E080E200E0800B0020EE
:10E65000900B0020840B0020D0640120000E00509D
:10E6600004080050810B002010380C802DE9F8437D
:10E6700004460A462007C00E00EBD41000EB8000D1
:10E68000DFF8B89009EB800104F00F0C2C484FEA3A
:10E69000CC0950F8290000F4004010B90020BDE872
:10E6A000F883086808B90020F9E74868904201D269
:10E6B000486882B222484FEACC0950F82900C0F3DA
:10E6C000814001280BD11E4810304FEACC0950F888
:10E6D0002900DFF8709000EA090000B10022DFF89D
:10E6E00068800868D1F8089000EB0905930804E0F9
:10E6F000D8F8000045F8040B5B1E002BF8D18868A1
:10E700001044886002F0030767B12E460E48006887
:10E71000009000BF04E01DF8030006F8010B5B1C2D
:10E72000BB42F8D3C889904202D00020486002E082
:10E730004868801A48601046B1E70000D0640120A4
:10E74000000B00500000F87F0010005001460E48FA
:10E75000007810B94FF0FF3070470C48007810B9BE
:10E760004FF0FF30F8E70020084A107008480268B0
:10E770000A60406848600548007810B14FF0FF30EB
:10E78000EAE70020E8E70000800B0020900B002063
:10E79000880B00202DE9F0415449097888426FD256
:10E7A000534951F82060002E6AD0F568002D67D0DB
:10E7B00095F8A0104F4C11F01F0102D001295FD134
:10E7C00076E0B5F8A2204C49130A082B58D2DFE8AE
:10E7D00003F08A041D588A8A0E3F12F0FF0F4FD1B2
:10E7E00051F820004068C5F8980012205EE0727C65
:10E7F000002A78D095F8952051F8200022B1C06801
:10E80000C5F898000A2051E08068F9E7737C002B76
:10E8100095F8953007D03BB151F820004069206051
:10E820000020D2B20BE05BBB51F820000069F6E794
:10E8300021680B7813B14B8819442160401C824237
:10E84000F6D120680178D9B1C5F8980040882DE04C
:10E85000737CABB195F8953051F8200023B1C069B5
:10E8600020600020D2B208E08069F9E721680B78C7
:10E8700013B14B8819442160401C8242F6D1E0E775
:10E8800031E051F82000D1B2006A2060002005E09C
:10E8900023681A780AB11A442260401C8142F7D1D9
:10E8A00020680178F9B1C5F898000078606009E047
:10E8B000104A121D111FFDF715F8002811D020680D
:10E8C000C5F89800B5F8A6106068814208D9C5F867
:10E8D0009C00717D491E084202D1012085F89600F6
:10E8E0000120BDE8F0810020FBE70000A4DB030865
:10E8F000A8DB0308A40C0020640C0020F0B52A4912
:10E90000097888424DD2294951F82020F2B3D068C5
:10E91000002845D0926800F19801BAB3B0F8A2304F
:10E92000A3BBB0F8A630022B3BD190F8A03013F077
:10E930001F044FF0020305D00025012C08D0022C43
:10E940002FD10FE0B0F8A42002BBC1E9000326E0FC
:10E95000C478DCB190F8A44090F89400844220D2AE
:10E96000157019E090F8A440102704F08F0404F00B
:10E970000F0607EAD40737440126BE40C7780FB90F
:10E9800024070ED1846834420BD000E009E0C0684F
:10E99000304000D0012010705570C1E900230120E3
:10E9A000F0BD0020F0BD0000A4DB0308A8DB0308D5
:10E9B0002DE9F04107463E480078874268D23D483D
:10E9C00050F82700C468002C62D0B4F8A6000028D4
:10E9D0005ED194F8A00010F01F0004D0012857D099
:10E9E000022855D117E0B4F8A200012850D141B156
:10E9F000314850F8270000B18047208840F00200DD
:10EA000007E02E4850F8270000B18047208820F00A
:10EA1000020020804AE094F8A400102200F08F0643
:10EA200006F00F0002EAD60210440125E278854084
:10EA300072B3A2682A422BD0B4F8A220B2BB32072C
:10EA400026D0C9B1E168294230D104EB8000406989
:10EA500020B131463846FCF7B3FBC8B90122314634
:10EA60003846FCF7F3FA98B9E06831462843E0608D
:10EA70003846FDF711FB19E0E068284216D02069FE
:10EA8000284213D1002231463846FCF7DFFA10B194
:10EA90000020BDE8F081E0683146A843E0603846D8
:10EAA000FCF7B6FE31463846FDF7A8FA0120F0E73C
:10EAB000A4DB0308A8DB0308F4DC0308F8DC030884
:10EAC0002DE9FC5F94498046097888427ED29349BB
:10EAD00051F82870002F79D0FC68002CFBD0B4F8D6
:10EAE000A400002872D1B4F8A6000028FAD1009042
:10EAF00094F8A00010F01F0FF4D194F8A2004FF08A
:10EB0000000A10F0FF0F4FF0010B4FF4803977D05F
:10EB1000797C8348002994F8951004D029B150F8E5
:10EB2000280045699DE00029DCD150F828000569DE
:10EB300097E06878022804D0042868D0052863D1BB
:10EB400068E0697994F8A20081425ED129797A8AD5
:10EB500091423BD8E070287984F89400002003E0CB
:10EB60007A6802F800A0401C798A8142F8D8012610
:10EB7000A1680BFA06F0014213D004EB860040694D
:10EB800028B131464046FCF71BFB00281ED1314618
:10EB90004046FCF79FFB002818D131464046FDF760
:10EBA0007BFAA16809FA06F0014218D004EB86004E
:10EBB000406D30B146F080014046FCF701FB002873
:10EBC00004D146F080014046019100E075E0FCF779
:10EBD00081FB002871D140460199FDF75DFA761C52
:10EBE000F6B2102EC4D34FF00110C4E9020AC4F8E3
:10EBF00010A0E8794006208803D540F0010002E02B
:10EC000034E020F00100208029E0688828E0E878DE
:10EC1000009024E0009810BBA878102200F08F012B
:10EC200001F00F0002EAD10210440BFA00F604EBE7
:10EC30008000406918B14046FCF7C2FAE8BBA06802
:10EC40003043A060E878AB8800F00302A978404622
:10EC5000FCF7A8F988BBA9784046FDF7CFF92878DA
:10EC60000544287800287FF464AF41E0564684F8D4
:10EC700003A001254FEA0B07A16807FA05F001423E
:10EC800011D004EB8500406920B129464046FCF7CD
:10EC900097FA90B929464046FCF71CFB68B929460B
:10ECA0004046FDF7F9F9A16809FA05F0014216D0CE
:10ECB00004EB8500406D38B100E02BE045F08001A9
:10ECC0004046FCF77DFA28BB45F080018A46404665
:10ECD000FCF700FBF0B951464046FDF7DDF96D1C2D
:10ECE000EDB2102DC8D34FF00110C4E90206266121
:10ECF000E07894F8A21088420CD1E178404600F008
:10ED0000FFF9084850F8281009B1E0788847012039
:10ED1000BDE8FC9F0020FBE7A4DB0308A8DB030899
:10ED2000640C0020F0DC03082DE9FE4F0746614823
:10ED3000007887427ED2604850F82760002E79D054
:10ED4000F468002C76D0B4F8A600002872D183466F
:10ED5000CDF808B094F8A000D84600F01F00DA46BD
:10ED6000D946012866D1E078002871D0717C5348DB
:10ED7000002994F8951004D029B150F8270045696E
:10ED80008CE0002956D150F82700056986E06878A4
:10ED9000022804D0042808D005287DD11FE0687916
:10EDA000E178884278D0688877E0B4F8A400718A66
:10EDB00088426AD295F8028095F803A04FF0000BC4
:10EDC000404569D1B4F8A210514565D170684FF043
:10EDD000010910F80810029100F808A05CE0B4F8EE
:10EDE000A410414558D1A878102200F08F0000F0FF
:10EDF0000F01009002EAD0000844012181400191F6
:10EE0000B4F8A220524524D1A168019A04EB8000F5
:10EE10001143A160E168019A9143E160406920B12A
:10EE200038460099FCF7CCF920B9E878AB8800F0B7
:10EE3000030200E029E0A9783846FCF7B3F820BBCC
:10EE400038460099FDF7DAF801994BEA010B23E007
:10EE50001CE0029A92451FD1019A1BEA020F1BD1B6
:10EE6000A16804EB80009143A160E168019A91439D
:10EE7000E160406920B138460099FCF7A1F920B95A
:10EE800038460099FCF726FA10B10020BDE8FE8F45
:10EE900038460099FDF700F92878054428780028BD
:10EEA0007FF475AFB9F1000F01D084F804804846B3
:10EEB000ECE70000A4DB0308A8DB0308640C0020D7
:10EEC00070B50020364908604860364908703648F9
:10EED00000210160A0213548E1F7E6FC002034491B
:10EEE0000860091F086001242DE04FF000653148DB
:10EEF000E10050F8210000F0004008B145F08045E5
:10EF00002C48E10040F821504FF000652848EC30D3
:10EF1000E10050F8210000F0004008B145F08045C4
:10EF20002348EC30E10040F82150DB212048F43048
:10EF3000E20040F822105B211E480830E20040F851
:10EF40002210601CC4B2032CCFD91020FDF746FD5F
:10EF500017481438006820F4FE6015491439086019
:10EF60004FF001101249083108600B201049086069
:10EF70000320091F0860A020C10548620E4888626E
:10EF80000D4828300D4908600B4850304FF0A04123
:10EF9000C1F808010848783008490831086070BD98
:10EFA000880B0020900B0020840B0020D0640120EF
:10EFB00014080050000B0050A0002800040100506D
:10EFC00070B5054600240FE0134850F8240080690E
:10EFD00040B1114850F82400007FA84202D12046D9
:10EFE000FEF75EF8601CC4B2012CEDDB00240FE0DC
:10EFF0000A4850F82400406840B1084850F82400FE
:10F00000007AA84202D12046FFF79CF8601CC4B2E7
:10F01000012CEDDB70BD0000DC0B002014DC0308CC
:10F0200070B5084D0446B02155F82400C068E1F7DA
:10F030003BFC55F82400017CC068C1F380110180BD
:10F0400070BD0000A8DB030870B505460E4615B973
:10F050004FF0FF3070BD3146284609F0A1F8044654
:10F06000012C01D10020F5E74FF0FF30F2E700005E
:10F0700070B506460C46154626B1012E0DD0022E5F
:10F0800029D11DE0012C01DB002070BD134951F88E
:10F090002400012109F062F8F7E7012C01DB0020D0
:10F0A000F3E7062D01D30020EFE704EB44010C4AFF
:10F0B00002EBC10151F82500012109F04FF8E4E706
:10F0C000012C01DB0020E0E7064951F82400012172
:10F0D00009F044F8D9E70020D7E700006CDC03080A
:10F0E00070DC03088CDC030810B5044614B94FF03B
:10F0F000FF3010BD204609F047F84042F9E7000014
:10F1000070B505460E469EB100240FE0094850F840
:10F110002400806940B1074850F82400007FA842CD
:10F1200002D12046FDF7F2FF601CC4B2012CEDDBDA
:10F1300070BD0000DC0B0020024A52F8200000F0F5
:10F140008DB80000BC0B0020F0B40E4D01F00F0391
:10F15000102455F8205004EAD1011944ED68142612
:10F1600006EB810100246C50190341EA0221064A92
:10F17000127800FB0230054A52F820000068F0BC0B
:10F1800000F06CB8A8DB030890DC0308240C002016
:10F1900000231A468021FBF7A9BF10B58021FCF798
:10F1A0005FF8002800D0222010BD00231A4619461F
:10F1B000FBF79CBF10B504460021FCF751F808B1DD
:10F1C000222010BD064850F82400C068406D002879
:10F1D000F7D02046BDE810408021FBF7F1BF0000CA
:10F1E000A8DB030870B505460C46072D2ED2DFE8D4
:10F1F00005F0040F111315172200012C01DB00206C
:10F2000070BD134951F82400002108F0F9FFF7E719
:10F210000020F5E70020F3E70020F1E70020EFE70A
:10F22000012C01DB0020EBE70A4951F82400002102
:10F2300008F0E6FFE4E7012C01DB0020E0E70649E7
:10F2400051F82400002108F0DBFFD9E70020D7E7C0
:10F2500018DC03082CDC030840DC030870B5044606
:10F260000D4614B94FF0004070BD2946204608F005
:10F27000AFFFF9E73EB504462146002008F0B4FF91
:10F280008DE807000098082801D101983EBD00983C
:10F29000402801D10020F9E74FF00040F6E70000D8
:10F2A00010B50446012C01DB002010BD034951F8C4
:10F2B00024002246012109F007F8F6E74CDC030898
:10F2C00070B504460D4614B94FF0FF3070BD2946A5
:10F2D000204609F00FF84042F8E710B5044614B98B
:10F2E0004FF0FF3010BD204609F010F84042F9E71A
:10F2F00010B50320F3F77EF8002002490870024998
:10F30000087010BD740B0020810B00202DE9F04720
:10F3100007463807C00E00EBD71000EB80003749D6
:10F3200001EB800507F00F046868E989884201D97C
:10F33000EE8901E0686886B23148E10050F82100AA
:10F34000B6EB800F01D9BDE8F0872E4830432C4939
:10F350000839E20041F8220029481838E10050F845
:10F360002100C0F3814001281DD1FDF75BFB00F0B7
:10F37000010060B122481838E10050F8210040F047
:10F3800080511F481838E20040F822100BE01C485A
:10F390001838E10050F8210040F0005118481838A2
:10F3A000E20040F8221016481838E10050F8210019
:10F3B00040F0044112481838E20040F82210286852
:10F3C000A96800EB0109104800EB043AAE816868B7
:10F3D000801B68600020A874F01C4FEA900807E0CA
:10F3E00059F8040BCAF80000A8F101001FFA80F8D0
:10F3F000B8F1000FF4D100BFA5E70000D0640120F0
:10F400001809005000000820001000502DE9FE43AC
:10F410000646884614461D464046B8F1320F72D063
:10F420000EDCA0F12000122867D2DFE800F02A22CB
:10F430006E66317DF266F1BBC66666F0666666751D
:10F4400046286ED00CDC40286CD004DC342855D023
:10F45000352852D11CE143287AD04528F9D1CAE099
:10F46000482876D0492875D0502874D05128F0D13A
:10F4700050E12B46224641463046EFF737FCBDE8C7
:10F48000FE832B46224641463046EFF745FCF6E721
:10F49000012C03D00420F6F71DFCF0E72878C628DD
:10F4A00016D003DC38B1632827D10BE0C72816D06B
:10F4B000FA2822D11AE02B46224641463046EFF781
:10F4C00051FDDCE7424605219C48F6F70FFAD6E7E6
:10F4D0002B46224641463046EFF718FDCFE72B4634
:10F4E000224641463046EFF727FDC8E72B46224625
:10F4F00041463046EFF7EAFBC1E712E124B90420A8
:10F50000F6F7E8FBBBE731E00BE1012C03D0042068
:10F51000F6F7E0FBB3E704E12CB90420F6F7DAFBD9
:10F52000ADE78FE0C2E0FCE03E2E08D1022C03D014
:10F530000420F6F7CFFBA2E728888149088080489D
:10F540000088012808D0042807D005280DD105E03F
:10F55000C3E0A4E0BAE0D6E000BF00BF2B462246DD
:10F5600041463046EFF7EEFB89E7DAE03E2E04D164
:10F570001CB90420F6F7AEFB81E73E2E02D12888A5
:10F58000704908806F480088012802D0032808D1FC
:10F5900000E000BF2B46224641463046EFF7FCFC18
:10F5A0006DE700BF1CB10420F6F794FB04E042466F
:10F5B00004216548F6F71EF961E7042C03D0042006
:10F5C000F6F788FB16E06049091F286848605F4924
:10F5D00028680968C1EB4112C2EB0121A0EB0119B7
:10F5E00001A9484609F0B6FF01A80AF0FDF811206C
:10F5F000F6F712FC43E7012C03D00420F6F76AFB70
:10F600003DE72878042805D0052819D10DE027E02A
:10F610006AE06FE0E3F7D4F902214D48006808F092
:10F62000D7FD1120F6F7F8FB0AE0E3F7C9F9082146
:10F630004748006808F0CCFD1120F6F7EDFB00BF4D
:10F6400000BF6EE01CB10420F6F744FB07E0EBF7C7
:10F650008BFE0090424602216846F6F7CBF80EE793
:10F66000042C03D00420F6F735FB08E7E9782A6874
:10F6700022F07F400222374B1B68984707461FB194
:10F68000F8B2F6F727FB02E01120F6F7C5FBF6E625
:10F69000012C03D00420F6F71DFBF0E641E0611ECB
:10F6A0008AB22878691C03F08DF9E8E614B9ECF702
:10F6B000EBF9E4E6012C03D00420F6F70BFBDEE6C1
:10F6C000287810B9ECF7E0F9D9E62AE0012C03D04C
:10F6D0000420F6F7FFFAD2E623E0012C03D0042041
:10F6E000F6F7F8FACBE61CE01CB10420F6F7F2FAC4
:10F6F000C5E616E03E2E05D1012C03D00420F6F716
:10F70000E9FABCE60DE02B46224641463046EFF7CB
:10F7100013FCB4E62B46224641463046EFF7F6FB93
:10F72000ADE600BF2B46224641463046DFF828C0F2
:10F73000DCF800C0E04700BFA1E60000E3DC0020E9
:10F74000BC030020D00300201402002094000020FD
:10F750006003002034010020640300202DE9F04103
:10F7600004460E4617461D463E2C09D10020174977
:10F7700008702B463A4631462046FFF747FE23E005
:10F7800012480078D0B111480078012804D002282E
:10F7900008D0032811D10BE02B2204212846F6F7CC
:10F7A00029F80AE02B2204212846F6F79FF804E006
:10F7B0002B210420F6F7D4F900BF05E02B463A468A
:10F7C00031462046FFF722FEBDE8F0817503002098
:10F7D00010B50446601C00B910BD1B48006A1B49E7
:10F7E00008600846006800781949087017480068E2
:10F7F00009780844154908600846006800781549EA
:10F8000008701248006809780844104908600846E2
:10F8100000680078104908700C48006809780844AE
:10F820000A4908600846006800780C4908700748D3
:10F8300000680A3005490860214604480068F3F76B
:10F84000E1F900BFC8E70000400C0020E4030020FD
:10F85000E8030020E9030020EA030020EB03002076
:10F86000184808F04DFC1849086029E00A2008F003
:10F87000E7FB0020EDF73CF80446032C20D940229A
:10F8800012490020EDF746F8104800783E2803D0D2
:10F890000E480078232806D10C4840780C4908709F
:10F8A0000A48458801E0EDF72FF80A48006838B1AA
:10F8B000064908780B1D2A4605490978FFF74EFFCF
:10F8C000D4E7000024B803087C030020101A0020AD
:10F8D000680300206403002010B534480068401C11
:10F8E0003249086032480068401C314908600846C7
:10F8F0000068B0F57A7F06DB002008602D480068BC
:10F90000401C2C49086001212B480068F9F79BF93D
:10F9100000202A49087041E029482849097800EB6D
:10F920000110407BA8B326482449097800EB011058
:10F930004068401E2249214A127801EB02114860BA
:10F940001F481E49097800EB0110406808BB1C489D
:10F950001A49097800EB0110007B60B1184817497B
:10F96000097800EB011001681548144A127800EB81
:10F970000210416006E000211148104A127800EBA5
:10F98000021041730E490D4A127801EB021188688A
:10F9900080470A480078401C0849087007480078EA
:10F9A000084909788842B7DB10BD0000A80900208B
:10F9B000B0090020AC0000209C090020B409002000
:10F9C0008CDF0020AC09002000200349086048605B
:10F9D0000881887270470000F83F012010B5094C7B
:10F9E00004E0A1882068ECF771F808340548483035
:10F9F0008442F6D10448007920F0010002490871E0
:10FA0000002010BD68D90308044001202DE9F84FFB
:10FA100002464AF6C00A92444AF6C00BBAFBFBFA09
:10FA2000DFF8F8B0DA440AF1010ACDF800A0DDF8F9
:10FA300000A04FEA5A0910464FF03C0AB0FBFAF317
:10FA4000C3EB031AA0EB8A0A81F800A018464FF016
:10FA50003C0AB0FBFAF3C3EB031AA0EB8A0A81F865
:10FA600001A018464FF0180AB0FBFAF303EB430A63
:10FA7000A0EBCA0A81F802A047F62C5A09EB0A0546
:10FA80004FEA850A0AF1030ADFF894B0BAFBFBFCDF
:10FA9000DA460CFB0AFAA5EB9A064FEA860A0AF147
:10FAA000030A40F2B55BBAFBFBF8DA4608FB0AFA38
:10FAB000A6EB9A0707EB870A0AF1020A4FF0990BA7
:10FAC000BAFBFBF404EB041A0AEBCA0A0AF1020AB5
:10FAD0004FF0050BBAFBFBFAA7EB0A0A0AF1010A81
:10FAE00081F803A04FF00A0AB4FBFAFB04F1030A01
:10FAF0004FF00C0E0EFB1BAA81F804A04FF00A0A6F
:10FB0000B4FBFAFA4FF0640B0BFB0C8BABF5965B76
:10FB1000DA44A1F806A0BDE8F88F0000167B4A0081
:10FB2000B13A020010B50648046800210520F3F739
:10FB300077FE44F0807002490860204610BD000046
:10FB40007438024011B591B011980890089848B9DE
:10FB50000122F9494FF47A70EEF75CFFF74A0899F1
:10FB6000505408E00122F6494FF47A70EEF752FF44
:10FB7000F24A0899505401F0B4B94FF0FF31002017
:10FB800008F032FB0CAB07C30C98402811D1EB49AD
:10FB90000898085C0690F8F7D3FEEA49089851F8EF
:10FBA00020001021069008F013FB0520E6490860AC
:10FBB000E1E70D980B900B9800F00100002862D04F
:10FBC0006821E24A089832F81000E14A02EB40202E
:10FBD00001700B21DD4A089832F81000DC4A02EB74
:10FBE000402081700021D94A089832F81000D84A84
:10FBF00002EB4020C170D54A089832F81000D44A70
:10FC000002EB402001710421D04A089832F810001C
:10FC1000CF4A02EB402041700021CC4A089832F8CC
:10FC20001000CB4A02EB40204171CA4A089822F8E2
:10FC30001010C94A089822F81010C449089831F8E1
:10FC40001000C34901EB4020C0490690089811F804
:10FC50001000062205900699F6F7F0F80021BF4A39
:10FC6000089842F82010BE4A089842F82010BD4873
:10FC7000BD4A0168089842F82010B0490898085C0D
:10FC80000690F8F72FFE0B9800F0020000285CD0D9
:10FC90006821AE4A089832F81000AD4A02EB4020C5
:10FCA00001700421A94A089832F81000A84A02EB12
:10FCB000402041702321A54A089832F81000A44A38
:10FCC00002EB402081700021A04A089832F8100011
:10FCD0009F4A02EB4020C1709C4A089832F81000FD
:10FCE0009B4A02EB40200171984A089832F81000B4
:10FCF000974A02EB402041719449089831F810006E
:10FD0000114601EB402091490690089811F8100027
:10FD1000062205900699F6F791F888490898085C3C
:10FD20000690F8F70DFE00218C4A089842F8201042
:10FD30008B4A089842F820108A488B4A0168089834
:10FD400042F820100020894908700B9800F0040048
:10FD5000002858D068217D4A089832F810007C4A63
:10FD600002EB402001700421784A089832F8100014
:10FD7000774A02EB402041708321744A089832F898
:10FD80001000734A02EB4020817000216F4A0898EE
:10FD900032F810006E4A02EB4020C1706B4A08989E
:10FDA00032F810006A4A02EB40200171674A089855
:10FDB00032F81000664A02EB40204171634908980E
:10FDC00031F81000114601EB402060490690089878
:10FDD00011F81000062205900699F6F72FF81090FA
:10FDE0006048614A0168089842F82010109850B1A4
:10FDF00052490898085C0690F8F7A2FD0021554A80
:10FE0000089822F810100B9800F00800002864D021
:10FE100068214E4A089832F810004D4A02EB402003
:10FE200001700421494A089832F81000484A02EB50
:10FE3000402041704321454A089832F81000444A56
:10FE400002EB402081700021404A089832F81000EF
:10FE50003F4A02EB4020C1703C4A089832F810003B
:10FE60003B4A02EB40200171384A089832F81000F2
:10FE7000374A02EB402041713449089831F81000AC
:10FE8000114601EB402031490690089811F8100006
:10FE9000062205900699F5F7D1FF10903148324AB5
:10FEA0000168089842F82010109850B1234908982A
:10FEB000085C0690F8F744FD0021264A089822F8CD
:10FEC00010102848284A0168089842F82010254850
:10FED000224A0168089842F820100B9800F48050DC
:10FEE00020B300BF22480078401C00F00F002049DA
:10FEF00008700898C0B206901E48007800EB4000D9
:10FF00001D490844807805901948007800EB4000AE
:10FF10000844008804900A21DDE9052301F05EFF12
:10FF200013480078134909788842DBD10B9800F414
:10FF3000006000287DD0DEE0399C020878010020B6
:10FF4000619D020824010020E400002052010020ED
:10FF5000140D002070010020720100208401002097
:10FF60007C010020AC000020800100204201002024
:10FF70004A010020490100204C060010089800EBBF
:10FF80004000FE4901EB4011FD4A0898105C00EB6F
:10FF9000400001EB400040790590089800EB4000DC
:10FFA000F64901EB40110898105C00EB400001EBB2
:10FFB00040000079401CC0B20490089800EB40005B
:10FFC000EE4901EB40110898105C00EB400001EB9A
:10FFD0004000008880B203900898C0B203460690A3
:10FFE00003A807C801F0FAFE089800EB4000E349B7
:10FFF00001EB4011E24A0898105C00EB400001EB75
:020000040803EF
:1000000040000079062866D1089800EB4001DB48E3
:1000100000EB41110898105C00EB400001EB400040
:10002000407900F08000E8BBD6480068D0B308985B
:1000300000E068E000EB4001D04800EB4111089877
:10004000105C00EB400001EB4000407905900898FF
:1000500000EB4001C94800EB41110898105C00EB2F
:10006000400001EB4000006804900898C0B20246CE
:100070000690C44BDDE904011B6898470F900F9868
:10008000401C78B1089800EB4000BC4901EB4011DE
:10009000BB4A0898105C00EB400001EB400040793F
:1000A000059000E017E0089800EB4000B34901EB31
:1000B00040110898105C00EB400001EB4000008804
:1000C00080B204900898C0B2034606900A21DDE988
:1000D000040201F083FEAA490898085C401CC1B2E2
:1000E000A74A0898115411460898085C102802DBAA
:1000F000002108981154A4490898095CA04A105C92
:1001000081427FF43BAF0B9800F4005000287DD073
:10011000D0E0089800EB80019C4800EB41119C4A1C
:100120000898105C00EB800001EB4000407A0590DD
:10013000089800EB8000954901EB4012944908981B
:10014000085C00EB800002EB4000D0F80500049052
:10015000089800EB80008D4901EB40118C4A08980B
:10016000105C00EB800001EB40000079401CC0B245
:100170000390089800EB8000844901EB4011089837
:10018000105C00EB800001EB4000008880B2029020
:100190000898C0B203460690059A9DED040ADDE971
:1001A000020101F047FE089800EB8000774901EB5F
:1001B0004011774A0898105C00EB800001EB40008A
:1001C0000079062866D173480068E8B3089800EB08
:1001D00080006E4901EB40110898105C00EB800034
:1001E00001EB4000D0F805000590089800EB800076
:1001F000664901EB40110898105C00EB800001EBB0
:100200004000006804900898C0B200E05AE001463F
:1002100006909DED050A5F4A04981268904798B9C8
:10022000089800EB8000594901EB4011584A0898A2
:10023000105C00EB800001EB4000407A05900898CC
:1002400000EB8000514900E024E001EB40110898E8
:10025000105C00EB800001EB4000D0F8050004903A
:10026000089800EB8000494901EB40110898105CA8
:1002700000EB800001EB4000008880B203900898FA
:10028000C0B203460690059A9DED040A0A21039820
:1002900001F0D0FD3E490898085C401CC1B23C4AC0
:1002A0000898115411460898085C102802DB0021B8
:1002B0000898115438490898095C354A105C814205
:1002C0007FF427AF0B9800F4804000286CD0BBE08F
:1002D000089800EBC000314901EB0011304A089842
:1002E000105C00EBC0000844D0F8050005900898A9
:1002F00000EBC000294901EB00110898105C00EBED
:10030000C00008440079401CC0B20490089800EB7B
:10031000C000224901EB001221490898085C00EB5B
:10032000C0001044008880B203900898C0B2034611
:10033000069003A807C801F0B5FD089800EBC000BF
:10034000164901EB0011164A0898105C00EBC0003A
:1003500008440079062867D112480068F0B308986D
:1003600000EBC0000D4901EB00110898105C00EB98
:10037000C0000844D0F80500059016E0004B0010BE
:10038000440100203401002043010020604B001094
:10039000460100203801002045010020004C0010DB
:1003A000480100203C01002056E0089800EBC00105
:1003B000FB4800EB01110898105C00EBC0000844FA
:1003C000006804900898C0B202460690F54BDDE93B
:1003D00004011B68984708B9089800E024E000EB86
:1003E000C000EF4901EB0011EF4A0898105C00EBE8
:1003F000C0000844D0F805000590089800EBC00044
:10040000E74901EB00110898105C00EBC0000844BC
:10041000008880B204900898C0B2034606900A2172
:10042000DDE9040201F03EFDDF490898085C401C4C
:10043000C1B2DD4A0898115411460898085C10288A
:1004400002DB002108981154D8490898095CD64A63
:10045000105C81427FF43CAF0B9800F01000002844
:1004600074D00898C0B20690EEF708FBC8B108989F
:10047000C0B2069001F028F978B1CD490898085C1F
:100480000690F8F75DFA0021CA4A089822F8101081
:10049000C94A089822F81010FDE3C8480068C84906
:1004A00008600898C0B20690EEF7F4FAA8B1089870
:1004B000C0B2069001F06EF978B1BD490898085CA9
:1004C0000690F8F73DFA0021BA4A089822F8101071
:1004D000B94A089822F81010DEE70898C0B20690D2
:1004E000EEF7E4FAA8B10898C0B2069001F0B2F9AC
:1004F00078B1AF490898085C0690F8F721FA002116
:10050000AC4A089822F81010AB4A089822F810104C
:10051000C2E70898C0B20690EEF79AFAA8B1089818
:10052000C0B2069001F02CF878B1A1490898085C97
:100530000690F8F705FA00219E4A089822F8101054
:100540009D4A089822F81010A6E7FFE7EEF78CFA0C
:10055000A8B10898C0B2069001F064F878B1944947
:100560000898085C0690F8F7EBF90021914A089882
:1005700022F81010904A089822F810108CE70B9877
:1005800000F48060C0B10898C0B202468D49069060
:100590000720F2F7BDFC78B185490898085C069001
:1005A000F8F7CEF90021834A089822F81010824A01
:1005B000089822F810106FE70B9800F4807000285C
:1005C0003FD081490898085CE0B30020099035E0ED
:1005D0007E49089851F82000012209998A4010406C
:1005E00040B30898C0B206900998C0B20590014681
:1005F0000920069AF2F7E0FB78B16D490898085C8B
:100600000690F8F79DF900216A4A089822F8101020
:10061000694A089822F810100DE06C49089851F8C2
:100620002000012209998A4060EA0200674A08997D
:1006300042F8210000BF0998401C09900998112830
:10064000C6D304E1FFE76249089811F8200000F0E2
:100650000100A8B30898C0B2024600210690072006
:10066000F2F7AAFB00200A902FE05A490A9801EB02
:100670000010C07B012208998A40104008B35549F8
:100680000A9801EB0010407BD8B10898C0B20690E0
:100690000A9880B205901421069A01F02DF980B1D4
:1006A00043490898085C0690F8F74AF90021414A46
:1006B000089822F81010404A089822F8101001E01B
:1006C0002BE000BF0A98401C0A90434909880A9809
:1006D0008842CAD33E49089851F8200020F0010111
:1006E0003B4A089842F820100898C0B20246002100
:1006F00006900A20F2F760FB78B12D490898085C53
:100700000690F8F71DF900212A4A089822F81010DF
:10071000294A089822F81010E3E30120099092E09A
:100720002B49089851F82000012209998A4010406D
:10073000A0B30898C0B206900998C0B205900146CF
:100740000720069AF2F738FB00200A904AE0214978
:100750000A9801EB0010817B099881423ED10898EC
:10076000C0B206900998143080B205900A9880B201
:100770000490DDE9051201F0BFF880B10C4908983A
:10078000085C0690F8F7DCF800210A4A089822F87D
:100790001010094A089822F8101020E04FE01DE0E0
:1007A000004C00103C0100204801002047010020BF
:1007B000780100207001002072010020A8090020AB
:1007C000F4010020EC010020A4010020AC01002075
:1007D000A8010020640600104E01002000BF0A9806
:1007E000401C0A90FE4909880A988842AFD3FD4907
:1007F000089851F82000012209998A409043F94A4B
:10080000089942F821000898C0B206900998C0B231
:10081000059001460A20069AF2F7CEFA78B1F2491D
:100820000898085C0690F8F78BF80021EF4A0898C2
:1008300022F81010EE4A089822F8101000E000BFCD
:100840000998401C099009981128FFF469AF0B988A
:1008500000F04000B8B300200A902FE0E5490A9864
:1008600001EB0010C07B012208998A40104008B3B8
:10087000E0490A9801EB0010007B01281AD1089882
:10088000C0B206900A9880B205900121069A01F044
:1008900033F878B1D4490898085C0690F8F750F816
:1008A0000021D24A089822F81010D14A089822F85C
:1008B000101000E000BF0A98401C0A90C84909883F
:1008C0000A988842CAD30B9800F4007050B1CA4904
:1008D000089831F8100006900898C0B20590069963
:1008E00001F026FF0B9800F4004000287ED0C34999
:1008F000089831F81000212879D008DC012814D09C
:10090000022875D0042874D020280DD1C8E12228EF
:1009100070D080286FD0B0F5807FF6D10898C0B233
:100920000521069001F004FFD7E10021B44A0898A0
:1009300042F8201000200A901DE0B2490A9801EB0D
:1009400000100188B04A089832F8100081420FD197
:10095000AC490A9801EB0010017B0898401C01404B
:1009600031B10A9801B2A94A089822F8101007E09C
:100970000A98401C0A90A64909880A988842DCD344
:1009800000BFA34909880A98884206D14FF0FF3179
:100990009E4A089822F810109FE19C49089831F966
:1009A0001000984901EB0010806830B3002099498D
:1009B0000090089801EB800097490690089851F83C
:1009C000200091490590089831F810008F49049053
:1009D000089831F910008B4901EB001080680390F2
:1009E0000021DDE90340DDE9052305E076E12BE1A7
:1009F00017E0A5E05CE163E1A0470021874A089881
:100A000042F820108349089851F820107C4A42F897
:100A100020100898C0B201460690002001F01EFF89
:100A20005BE17E49089851F8200020B900217C4AFA
:100A3000089842F820107949089851F82000401C85
:100A40000A46089942F821007049089831F91000C7
:100A50006C4901EB00108068E8B36949089851F8C7
:100A60002000B0F5006F06D2089851F820106C4AAB
:100A700042F8201005E04FF40061694A089842F8F6
:100A800020105F49089851F82010654A52F820005C
:100A9000091A5B4A089842F820106149089851F8F1
:100AA000200028B301200090089801EB80005A49EB
:100AB0000690089851F8200058490590089831F898
:100AC000200080B250490490089831F810004F4936
:100AD0000390089800E012E031F91000494901EB59
:100AE000001080680290DDE9024004A90EC9A04709
:100AF0004B49089851F820104A4A42F820104849BA
:100B0000089851F8200058B90898C0B24649069094
:100B10000898085C05900121069A02F06FF80EE033
:100B20000A2007F08DFA0898C0B23F49069008984D
:100B3000085C059001460020069A02F0F7F9CCE027
:100B400000213A4A089811540020079000BF354907
:100B5000089851F82000E6281FD90898C0B22E49FD
:100B60000690089851F82010079808442E490590DF
:100B70000898085C0490E622DDE9051302F00EFAFD
:100B80002849089851F82000E6380A46089942F8A2
:100B900021000798E63007901BE00898C0B2214971
:100BA0000690089811F820001B490590089851F804
:100BB0002010079808441C4904900898085C03908A
:100BC00004A90EC902F0EAF90021164A089842F871
:100BD00020101449089851F820000028B7D127E0C8
:100BE0004E010020A80100207801002070010020A3
:100BF000720100206406001040010020B2010020B4
:100C00006401002000000010BE010020BC01002093
:100C1000E8010020C00100206C010020C401002078
:100C2000C8010020CC010020D9010020DC010020F7
:100C30000898C0B2AC4906900898085C059000215D
:100C4000069A01F0DBFF48E0A849089831F9100046
:100C5000A74901EB0010806808B30220A549009065
:100C6000089801EB8000A4490690089851F82000EC
:100C7000A2490590089831F810009C490490089802
:100C800031F910009A4901EB0010806803900021AF
:100C9000DDE9034000E024E1DDE90523A0471CE095
:100CA0000898C0B201460690802001F0D7FD14E0FC
:100CB0000898C0B201460690802001F0CFFD0CE0FC
:100CC0000898C0B2884906900898085C05900146CB
:100CD0008020069A02F02AF900BF00BF0B9800F0AE
:100CE0008000002876D08649089831F81000222824
:100CF00071D004DC082878D0102839D1A9E0B0F5EB
:100D0000806F03D0B0F5006F32D166E000200A900A
:100D10001DE07C490A9801EB001001887A4A089886
:100D200032F8100081420FD176490A9801EB001089
:100D3000417B0898401C014031B10A9801B2734AC6
:100D4000089822F8101007E00A98401C0A90704991
:100D500009880A988842DCD300BF6D4909880A983F
:100D6000884206D14FF0FF31684A089822F81010E7
:100D7000B5E06649089831F91000624901EB0010AE
:100D80008068F8B1002063490090089801EB80006A
:100D900061490690089851F820005B490590089831
:100DA00031F8100059490490089831F9100055495C
:100DB00001EB0010806803900021DDE90340DDE9CC
:100DC0000523A0470898C0B201460690022000F013
:100DD000D3FF84E084E07AE007E00898C0B20146DF
:100DE0000690062000F0C8FF79E04849089831F9DC
:100DF0001000444901EB0010806810B301204749FE
:100E00000090089801EB800043490690089851F83B
:100E10002000434905900898085C3B4904900898D5
:100E200031F8100039490390089831F9100035491C
:100E300001EB001080680290DDE9024004A90EC9B0
:100E4000A0470898C0B201460690002001F03CFD82
:100E500045E000200F902D49089831F910002949EC
:100E600001EB0010806820B302202C490090089804
:100E700001EB800028490690089851F8200022498B
:100E80000590089831F8100020490490089831F92D
:100E900010001C4901EB0010806803900021DDE97F
:100EA0000340DDE90523A0470F9000211D4A089863
:100EB00011540F9838B90898C0B201460690012025
:100EC00001F002FD02E00F98401C0F9007E0089827
:100ED000C0B201460690802001F0C0FC00BF00BFF8
:100EE00000BFFEF74ABE0000D9010020BC0100206F
:100EF00000000010C80100206C010020BE0100208D
:100F0000B001002050000010B8010020BA010020FC
:100F1000EA010020D001002068010020D401002057
:100F2000D8010020090100202DE9F04186B00646D5
:100F30003C4801683C48006807F004F98046B8F175
:100F4000000F04D06FF0060006B0BDE8F081E8F7AE
:100F5000B3FF364A1168364A1068E3F7D7F8354AC6
:100F60001168354A1068E3F7D1F842208DF8000087
:100F70003068CDF801007068CDF805003089ADF813
:100F800009002B49086803A9E3F79EFA2A49086873
:100F90006946E3F799FA264908680B21E3F792FAC4
:100FA000254908680B21E3F78DFA2448008881B2AF
:100FB00023480068EAF75EF91D4908680121E3F754
:100FC000D9F81D4908680121E3F7D4F81D480768DE
:100FD00000BF1D4A1168164A1068E3F783F90446FA
:100FE00024B918480068C01B0A28F2D313480088A7
:100FF00081B213480068EAF73FF90D4908680021FB
:10100000E3F7B8F80C4908680021E3F7B3F814B91E
:101010004FF0FF3500E000250348006807F086F830
:10102000284691E700030020FC020020E41700207E
:10103000C0170020F0170020B41700204003002044
:101040003C030020A8090020CC1700202DE9F04126
:101050000746884615461E463E2F19D12878022895
:1010600002D10020744908702878734908702878E4
:1010700000F0030030B90B20F4F72CFE6FF00100F4
:10108000BDE8F08100206D4908806D1C701E86B29D
:1010900069480078012804D002283ED003286FD187
:1010A00075E06749654A1288881832462946DFF795
:1010B0005AFB62480088304460490880084600882E
:1010C0000C2810D90420F4F705FE5E48007820B102
:1010D00004215D48006807F07BF8142006F0B0FF9B
:1010E0006FF01000CCE7554800880C2814D1544903
:1010F000564A1268881803220C2100F0A9F8044609
:101100002CB1E0B2F4F7E6FD6FF01000B8E7112063
:10111000F4F782FE0020B3E788E04949474A128885
:10112000881832462946DFF71EFB444800883044C1
:101130004249088008460088C42810D90420F4F7E2
:10114000C9FD4048007820B104213F48006807F0FD
:101150003FF8142006F074FF6FF0100090E7374856
:101160000088C42812D10322C421354800F0DEF8DB
:10117000044634B1E0B2F4F7ADFD6FF010007FE744
:101180004EE01120F4F748FE002079E74EE02C49AC
:101190002A4A1288881832462946DFF7E4FA274897
:1011A000008830442549088008460088D02810D996
:1011B0000420F4F78FFD2348007820B10421224851
:1011C000006807F005F8142006F03AFF6FF01000F1
:1011D00056E71A480088D02821D119491B4A1268BD
:1011E000881801220C2100F033F804462CB1E0B23B
:1011F000F4F770FD6FF0100042E70222C42110489E
:1012000000F094F804462CB1E0B2F4F763FD6FF0FF
:10121000100035E71120F4F7FFFD002030E705E06E
:101220000B20F4F757FD6FF0010029E700BF1120F4
:10123000F4F7F2FD002023E77D0900207809002063
:10124000541A002039000020080000205C0900200A
:10125000F0B587B007460D46164606F0010020B1EE
:1012600002213048006806F0B3FF142006F0E8FEC3
:1012700002A8F2F71FFD00208DF8090002A8FFF771
:1012800053FE294801880320E8F742FE3B462A46E0
:10129000254801880320E8F7E9FF0446E4B9294618
:1012A0003846EAF73FF80590F7F716FC06901E4817
:1012B0000088411905AB08220320E8F7D7FF044650
:1012C0000CB1032409E013200123002200901046F2
:1012D0001146F1F7AFFE00E0032401208DF809006C
:1012E00002A8FFF721FE14B9F2F77CFD044604B111
:1012F0000D245CB906F0020020B104210948006801
:1013000006F066FF142006F09BFE04E00421054869
:10131000006806F05DFF142006F092FE204607B03C
:10132000F0BD000008000020240300202DE9FC414E
:1013300007460D46164606F0010020B102212B4853
:10134000006806F045FF142006F07AFE2020F2F730
:1013500019FB3B462A46264801880120E8F786FF0C
:1013600004460CBB29463846E9F7DCFF01902048CB
:101370000088411901AB04220120E8F777FF0446F9
:101380001B48008841191B4B04220120E8F7C8FEC6
:101390000CB1032409E01420012300220090104620
:1013A0001146F1F747FE00E0032414B9F2F7AAFD55
:1013B000044604B10D24F2F7E3FA5CB906F002002A
:1013C00020B104210948006806F002FF142006F04D
:1013D00037FE04E004210548006806F0F9FE1420F9
:1013E00006F02EFE2046BDE8FC810000080000202B
:1013F00026030020EC0300200279D20922B19FEDE0
:10140000150A81ED000A23E00A684FF07F43B3EB31
:10141000420F01D1012300E0002313B102680A60EA
:1014200016E0026800EE102A91ED001A0A4A1268CE
:10143000521E00EE902AF8EE600A01EE200A064ADB
:10144000D2ED000AF8EE600A80EE201A81ED001A53
:10145000704700000000807FF40400202DE9F04177
:101460002DED088B8CB0DFF80481002606E0D8F85B
:1014700000404DF8264008F10508761C0C2EF6D3E6
:101480003A48806B0B904FF4C0410320E8F740FDD1
:101490006B46302251020320E8F7E8FE0746334846
:1014A000D0F82D40324800680AF096F841EC190B4C
:1014B0002E48D0F8321008460AF08EF841EC1B0B8B
:1014C0002C4890ED000B53EC102B51EC1B0B09F04A
:1014D0008DFD41EC1A0B53EC192B09F025FB41EC67
:1014E000180B09F03BFA054628460AF075F841EC5E
:1014F0001B0BB0EE4B0AF0EE6B0A02F0D1F9B0EE26
:10150000409AF0EE609A20460AF066F841EC1A0B19
:1015100053EC192B09F06AFD41EC180B09F01EFA87
:101520001549086028460AF057F841EC1B0BB0EE4D
:101530004B0AF0EE6B0A02F023FAB0EE409AF0EE9E
:10154000609A20460AF048F841EC1A0B53EC192B2C
:1015500009F04CFD41EC180B09F000FA074908604E
:1015600038460CB0BDEC088BBDE8F08154D90020A2
:101570006CCC030848CC0308AC050020B005002063
:10158000F0B5C3B0074607208DF810000320ADF872
:10159000120023480088ADF814000025002400BF85
:1015A00005F10800F0280DDDE0B28DF811003A4693
:1015B000A91D04A8F1F76EFB10B1012043B0F0BDE6
:1015C00000240025394601A8E9F758FE064606B969
:1015D00017E0062101EBC40104AA0198505009212B
:1015E00001EBC401029850509DF80C000D2101EB55
:1015F000C401505405F10800C5B2601C84B2002E2D
:10160000CED100BF55B1E0B28DF811003A46A91D08
:1016100004A8F1F73FFB08B10120CFE70020CDE798
:10162000E6010020F0B5C3B0074607208DF8100092
:101630000320ADF8120023480088ADF814000025FF
:10164000002400BF05F10B00F0280DDDE0B28DF89D
:1016500011003A46A91D04A8F1F71CFB10B10120A6
:1016600043B0F0BD00240025394601A8E9F732FE59
:10167000064606B917E0062101EBC40104AA019849
:101680005050092101EBC401029850509DF80C0004
:101690000D2101EBC401505405F10800C5B2601CD6
:1016A00084B2002ECED100BF55B1E0B28DF811004A
:1016B0003A46A91D04A8F1F7EDFA08B10120CFE7D9
:1016C0000020CDE7E6010020F0B5C3B006461E209D
:1016D0008DF810000320ADF812002D480088ADF8F9
:1016E00014000025002400BF05F10B00F0280DDDDB
:1016F000E0B28DF811003246A91D04A8F1F7CAFA2C
:1017000010B1012043B0F0BD0024002531466846E9
:10171000E9F730FE074600980E2800D1002707B9E8
:1017200026E004EB440000EBC400801D04AA0099ED
:1017300011509DF8041004EB440000EBC400093084
:101740001154DDF80900414607F004FF04EB4400A2
:1017500000EBC4000A3004AA81180DF10500F7F768
:10176000C1F905F10B00C5B2601C84B2002FBBD1DA
:1017700000BF55B1E0B28DF811003246A91D04A892
:10178000F1F788FA08B10120BCE70020BAE70000B1
:10179000E60100202DE9F043C5B0814624208DF8F4
:1017A00018000320ADF81A0029480088ADF81C0085
:1017B0000025002400BF05F10F00F0280EDDE0B287
:1017C0008DF819004A46A91D06A8F1F763FA18B169
:1017D000012045B0BDE8F08300240025494601A85A
:1017E000E9F7F8FD064606B922E0C4EB0410801DB7
:1017F00006AA01991150C4EB041009300299115046
:101800009DF80C10C4EB04100D301154DDF80D7070
:10181000DDF81130C4EB04110E3188183A46F8F7A0
:101820008FF905F10F00C5B2601C84B2002EC2D141
:1018300000BF55B1E0B28DF819004A46A91D06A8AF
:10184000F1F728FA08B10120C3E70020C1E7000042
:10185000E6010020F0B5C3B007460D208DF810005A
:101860000320ADF8120023480088ADF814000025CD
:10187000002400BF05F10800F0280DDDE0B28DF86E
:1018800011003A46A91D04A8F1F704FA10B101208D
:1018900043B0F0BD00240025394601A8E9F7C6FD94
:1018A000064606B917E0062101EBC40104AA019817
:1018B0005050092101EBC401029850509DF80C00D2
:1018C0000D2101EBC401505405F10800C5B2601CA4
:1018D00084B2002ECED100BF55B1E0B28DF8110018
:1018E0003A46A91D04A8F1F7D5F908B10120CFE7C0
:1018F0000020CDE7E60100202DE9F74FC8B00746EC
:10190000FE4800EB0710807A8DF81C004998ADF86E
:101910001E00FB480088ADF820000025F74800EBCA
:101920000710807A0D2811D006DC00287ED001280F
:101930007DD0072857D15BE01E2879D0212853D0CD
:101940002428F7D10D208DF81C0000BF00260024AC
:1019500039E005F10800F2280ADDE0B28DF81D003B
:10196000A91D07A84A9AF1F795F980460024002599
:10197000E24800EB071000883044062101EBC40167
:1019800007AA50520020082101EBC4015054DB4843
:1019900000EB0710D0F8060006EB860100EB010A09
:1019A000092101EBC401DAF8000050509AF8040054
:1019B0000D2101EBC401505405F10800C5B2701CA3
:1019C00086B2601C84B2CD4800EB07108088B0421C
:1019D000BFDC45B1E0B28DF81D00A91D07A84A9AE9
:1019E000F1F758F98046C0E107208DF81C0000BFD0
:1019F000002600243DE005F10800F2280ADDE0B2EF
:101A00008DF81D00A91D07A84A9AF1F743F98046F1
:101A100000240025B94800EB071000883044062157
:101A200001EBC40107AA5052002002E078E035E043
:101A300030E0082101EBC4015054B04800EB07101E
:101A4000D0F8060006EB86010844479047980068E6
:101A5000092101EBC4015050479800790D2101EB99
:101A6000C401505405F10800C5B2701C86B2601C58
:101A700084B2A24800EB07108088B042BBDC45B1BD
:101A8000E0B28DF81D00A91D07A84A9AF1F702F9E6
:101A900080466AE101208DF81C0000BF002600246A
:101AA0002DE005F10800F2280ADDE0B28DF81D00F6
:101AB000A91D07A84A9AF1F7EDF8804600240025F1
:101AC0008E4800EB071000883044062101EB8401AA
:101AD00007AA50520020082101EB84015054874886
:101AE00000EB0710D0F80600805D092101EB8401AE
:101AF0005054281DC5B2701C86B2601C84B27F4849
:101B000000EB07108088B042CBDC45B1E0B28DF825
:101B10001D00A91D07A84A9AF1F7BCF8804624E1E8
:101B2000764800EB0710C07A072802D00D287DD137
:101B30004DE007208DF81C000026002436E005F15A
:101B40000800F2280ADDE0B28DF81D00A91D07A8E3
:101B50004A9AF1F79FF8804600240025674800EB79
:101B6000071000883044062101EBC40107AA505237
:101B70000020082101EBC4015054604800EB07101D
:101B8000D0F8060050F826004690092101EBC40168
:101B90004698505000200D2101EBC401505405F12E
:101BA0000800C5B2701C86B2601C84B2534800EBBA
:101BB00007108088B042C2DC45B1E0B28DF81D004C
:101BC000A91D07A84A9AF1F765F88046CBE00D20D9
:101BD0008DF81C000026002438E005F10800F228EA
:101BE0000ADDE0B28DF81D00A91D07A84A9AF1F799
:101BF00051F8804600240025404800EB071000887B
:101C00003044062101EBC40107AA505200200821EC
:101C100001EBC4015054394800EB0710D0F806001E
:101C200050F826B0092000EBC40000E01FE007A92F
:101C300041F800B000200D2101EBC401505405F122
:101C40000800C5B2701C86B2601C84B22B4800EB41
:101C500007108088B042C0DC45B1E0B28DF81D00AD
:101C6000A91D07A84A9AF1F715F880467BE00720DE
:101C70008DF81C00214800EB0710D0F806000690F4
:101C80004FF0000900200190002600245AE000BF18
:101C900005F10800F2280ADDE0B28DF81D00A91D4B
:101CA00007A84A9AF0F7F6FF80460024002513485B
:101CB00000EB071000882044062101EBC40107AAAD
:101CC00050520020082101EBC4015054B9F1000F1B
:101CD0000BD106EB4602069901EB820002A9E9F757
:101CE0003DFB1FFA80F90020019002A9019851F8EC
:101CF0002000092101EBC40107AA03E064060010DB
:101D0000E6010020505000200D2101EBC401505489
:101D100005F10800C5B20198401C80B20190B9F1EC
:101D2000000F03D0A9F101001FFA80F9B9F1000FEB
:101D300001D0601C84B2B9F1000FA9D1701C86B229
:101D4000601C84B20B4800EB07108088B0429EDC18
:101D500045B1E0B28DF81D00A91D07A84A9AF0F719
:101D600099FF804600BF00BF00BF00BF40464BB098
:101D7000BDE8F08F6406001030B5BFB005460C46D4
:101D80007A208DF8000001208DF801000D20ADF8BB
:101D9000020010480088ADF8040000208DF806000D
:101DA0008DF807008DF808000B4830F81400ADF8E6
:101DB000090000208DF80B008DF80C5022460D21F3
:101DC0006846F0F767FF10B101203FB030BD00203A
:101DD000FBE70000E6010020B8010020F0B587B065
:101DE00005460C4616461F462D208DF800000120A2
:101DF0008DF801000E480088ADF8040004F07F0063
:101E0000ADF80200ADF8065000208DF8080004F08F
:101E1000800030438DF809003A460A216846F0F701
:101E200039FF10B1012007B0F0BD0020FBE7000032
:101E3000E6010020F0B52DED028B87B004460D467B
:101E4000B0EE408A16461F46144880ED008A3220C4
:101E50008DF8000001208DF8010011480088ADF8D0
:101E60000400ADF80250ADF8064000208DF80800DF
:101E70000A4890ED000A10EE100ACDF809008DF81E
:101E80000D603A460E216846F0F704FF20B10120AC
:101E900007B0BDEC028BF0BD0020F9E7F80100208F
:101EA000E6010020F0B587B004460D4616461F46F1
:101EB00033208DF8000001208DF801000B480088C8
:101EC000ADF80400ADF80250ADF8064000208DF8E2
:101ED0000800CDF809603A460D216846F0F7DAFEB1
:101EE00010B1012007B0F0BD0020FBE7E6010020A3
:101EF0002DE9FF4F8BB00E4615461C464FF00A0ADF
:101F00004FF0FF3005900B9801287DD1FD480078F7
:101F100000F00100012801DD002705E0F948007804
:101F200000F0010080F00107189808286CD2DFE863
:101F300000F004E6FDFCFB6BFAF9F3492068086049
:101F4000002E7DD1F14920680968884278D8F04890
:101F500050F827800020EF490880EF49088041466B
:101F60000320E7F7D5FF8246BAF1000F3AD00320ED
:101F7000EA4948610020C1F81900C1F81E0008466E
:101F800041690191007E8DF8080043F2CC20029A4D
:101F9000E1F7DCFCE148D0F819100191407F8DF8A1
:101FA000080043F2CD20029AE1F7D0FCDB481E3056
:101FB0000168019100798DF8080043F2CE20029A61
:101FC000E1F7C4FCD648E9F70DFD09200090D3489D
:101FD00042690123D24903C9F1F72CF850460FB0EA
:101FE000BDE8F08FCA4850F82720042308A9032031
:101FF000E8F7E8F982460898401CE8B3C948006849
:10200000401CC849086000E074E30520C3494861EA
:102010000020C1F81900C1F81E000846416901916D
:10202000007E8DF8080043F2CC20029AE1F78EFC86
:10203000BA48D0F819100191407F8DF8080000E0EF
:1020400023E043F2CD20029AE1F780FCB3481E3032
:102050000168019100798DF8080043F2CE20029AC0
:10206000E1F774FCAE48E9F7BDFC09200090AB48ED
:1020700042690123AA4900E005E003C9F0F7DAFF4D
:102080006FF00400ABE70020A9E70220A3494861F4
:102090000020C1F81900C1F81E00084641690191ED
:1020A000007E8DF8080043F2CC20029AE1F74EFC46
:1020B0009A48D0F819100191407F8DF8080043F23A
:1020C000CD20029AE1F742FC94481E30016801914C
:1020D00000798DF8080043F2CE20029AE1F736FC31
:1020E0008F48E9F77FFC092000908C484269012362
:1020F0008B4903C9F0F79EFF6FF001006FE7E6BB65
:1021000001208649C1F819000020C1F81900C1F862
:102110001E00084641690191007E8DF8080043F2D7
:10212000CC2004E009E189E23EE20AE21DE1029AE4
:10213000E1F70CFC7948D0F819100191407F8DF837
:10214000080043F2CD20029AE1F700FC73481E30EC
:102150000168019100798DF8080043F2CE20029ABF
:10216000E1F7F4FB6E48E9F73DFC092000906B486D
:10217000426901236A4903C900E004E0F0F75AFF0D
:102180004FF0FF302BE7701E216801EBC0205F4944
:102190000968884239D90420604948610020C1F8A3
:1021A0001900C1F81E00084641690191007E8DF8B2
:1021B000080043F2CC20029AE1F7C8FB5748D0F858
:1021C00019100191407F8DF8080043F2CD20029A4A
:1021D000E1F7BCFB51481E300168019100798DF890
:1021E000080043F2CE20029AE1F7B0FB4C48E9F731
:1021F000F9FB09200090494842690123484903C975
:10220000F0F718FF6FF00300E9E6012E02D1FF207E
:10221000A870E8702068B0F5006F02D94FF4006034
:1022200020603B4850F82710701E4FF4006202FBFC
:1022300000187DE02068B0F5807F06D94FF48079E2
:102240002068A0F58070206003E0D4F800900020A2
:1022500020604B46424634490320E8F7B3F8099022
:10226000642005F0EDFE2B464A4641460320E7F781
:10227000FDFF8246642005F0E3FE4B4642462B49B3
:102280000320E8F79FF809904D44C844BAF1000FC5
:102290004ED00220214948610020C1F81900C1F840
:1022A0001E00084641690191007E8DF8080043F246
:1022B000CC20029AE1F74AFB1848D0F81910019196
:1022C000407F8DF8080043F2CD20029AE1F73EFBF3
:1022D00012481E300168019100798DF8080043F220
:1022E000CE20029AE1F732FB0D48E9F77BFB09208B
:1022F00000900A4842690123094903C9F0F79AFE90
:1023000050466CE64408002030040020C40200203F
:10231000140300203404002036040020C0DC002018
:102320006004002020040020F41F0020F42000207E
:10233000206800287FF47EAF51E6F048008880B125
:10234000EF4850F82700EF4909884FF4807202FBEC
:102350000108ED4BE948028841460320E7F786FF74
:1023600082460020E949486100BF1898022802D13E
:102370004FF4006B01E04FF4807BE14850F82720D8
:10238000102329460320E8F71DF882466868089064
:10239000A8680A900020069000BF0898584501D907
:1023A000D94601E0DDF82090D54850F8271006986E
:1023B00000FB0B1000F110024B4629460320E8F702
:1023C00001F88246BAF1000F00D01DE0002007900E
:1023D00007E00799685C05A902F0CAF90798401C54
:1023E000079007984845F4D30898484504D90898B9
:1023F000A0EB0900089001E04FF000090698401C8E
:102400000690B9F1000FC8D100BFC0490A98C1F8C1
:1024100019000598C1F81E0005990A98884234D021
:102420001020BA494861084641690191007E8DF843
:10243000080043F2CC20029AE1F788FAB348D0F8BA
:1024400019100191407F8DF8080043F2CD20029AC7
:10245000E1F77CFAAD481E300168019100798DF8F2
:10246000080043F2CE20029AE1F770FAA848E9F793
:10247000B9FA09200090A54842690123A44903C97B
:10248000F0F7D8FD6FF00900A9E500209F494861E9
:10249000084641690191007E8DF8080043F2CC2086
:1024A000029AE1F753FA9948D0F819100191407F48
:1024B0008DF8080043F2CD20029AE1F747FA9348DD
:1024C0001E300168019100798DF8080043F2CE209A
:1024D000029AE1F73BFA4FF6FC700490884850F8F6
:1024E000278050F82700811C04AB02220320E7F765
:1024F000BDFE82464FF6F07004908648007800F0EA
:1025000001007F4A52F82000811C04AB0222032004
:10251000E7F7ACFE824680480068804908607C4846
:10252000E9F760FA0220012300227949009003C9EB
:10253000F0F780FD01217A48006805F049FE504619
:102540004DE516B94FF0FF3049E5701EC0EB0010A5
:10255000216801EB801073490968884202D96FF045
:1025600003003CE5012E02D1FF20A870E87020682E
:10257000B0F5707F02D94FF470702060604850F859
:102580002710701E4FF4707202FB00182B46414654
:1025900003202268E7F76AFE8246BAF1000F01D0F5
:1025A00050461CE500201AE516B94FF0FF3016E53D
:1025B000701E216801EB00205A490968884202D93F
:1025C0006FF003000BE5012E02D1FF20A870E87028
:1025D0002068B0F5807F02D94FF4807020604848B1
:1025E00050F82710701E4FF4807202FB001842460C
:1025F0004D4903202368E7F7E5FE09902B46414645
:1026000003202268E7F732FE82464246474903200C
:102610002368E7F7D7FE0990444928462268DEF789
:1026200076F80990099810B10998401C0990BAF100
:10263000000F01D05046D2E40020D0E42F4800889B
:10264000C0F580702168884235D82C480088C0F5D4
:10265000807080B203902C49284A12888818294635
:10266000039ADEF780F8264850F8270025490988A4
:102670004FF4807202FB010822480088401C214967
:102680000880214B41460320E7F7F0FD82464FF4D6
:10269000807342461C490320E7F794FE2188039883
:1026A000081A164908800398291814480288164801
:1026B000DEF759F80FE01449104B1B88C81829465B
:1026C0002268DEF750F820880C49098808440B4935
:1026D00008804FF0000ABAF1000F09D002200B4920
:1026E00048610020C1F81900C1F81E00504676E488
:1026F000002074E46FF0080071E40000340400204E
:102700001403002036040020F41E0020C0DC00204A
:102710006004002044080020A8090020380400209C
:1027200008000020C4020020F41F0020F420002034
:102730002DE9F043C7B00746884600240025002055
:1027400002907E208DF82000ADF82280404800885D
:10275000ADF824000020ADF826008DF828000926E9
:1027600000BF06F10800F2280AD900208DF82100E8
:10277000B01D81B23A4608A8F0F78CFA0025002671
:10278000344800EB04108078002849D0314800EB31
:102790000410018805EB850000EBC500093008AA8C
:1027A00011522C4800EB0410806870B100202949B8
:1027B00001EB041100900888264901EB041102ABDB
:1027C00003AAD1F808C00021E04705EB850000EB23
:1027D000C5000B3008AA029911501E4800EB0410E6
:1027E000C07838B1802105EB850000EBC5000E30C4
:1027F000115407E0002105EB850000EBC5000E3009
:1028000008AA1154DDF8189005EB850101EBC5010C
:102810000F3108AA88184946F7F7B4F90D366D1C30
:10282000641C0D48008884429BDB76B1E8B240F01E
:1028300080008DF82100B1B23A4608A8F0F72AFAD4
:1028400018B1012047B0BDE8F0830020FAE700008E
:10285000E601002000000010E801002030B5BFB004
:1028600005460C4678208DF8000001208DF8010007
:102870000D20ADF8020011480088ADF804000020DA
:102880008DF806008DF807008DF808000C4830F828
:102890001400ADF809000B4850F82400CDF80B00E7
:1028A0008DF80E5022460F216846F0F7F3F910B16B
:1028B00001203FB030BD0020FBE70000E601002012
:1028C000BE010020C001002030B5BFB005460C4657
:1028D0007C208DF8000001208DF801000D20ADF85E
:1028E000020013480088ADF8040000208DF80600AF
:1028F0008DF807008DF808000E4830F81400ADF888
:1029000009000D48005D8DF80B001DB101208DF808
:102910000C0002E003208DF80C0022460D216846D1
:10292000F0F7B8F910B101203FB030BD0020FBE74F
:10293000E6010020B8010020D801002010B511E008
:102940000C490D4A128801EB021000F077FB0A488F
:102950000088401C0849088008460088102801DBD0
:102960000020088004480088044909888842E7D18B
:1029700010BD000030E00020CA090020C809002076
:1029800010B511E00C490D4A128801EB021000F05D
:102990006DFD0A480088401C0849088008460088E8
:1029A000102801DB002008800448008804490988B9
:1029B0008842E7D110BD000030E10020E609002088
:1029C000E40900202DE9F04F85B004460E46174675
:1029D0004FF0000B082C26D2DFE804F02504051187
:1029E0000612131C00BF00BF102F07D00420F3F7FE
:1029F00071F96FF0100005B0BDE8F08F19E000BF6D
:102A000000BF202F05D00420F3F764F96FF0100009
:102A1000F1E70EE0302F05D00420F3F75BF96FF0FB
:102A20001000E8E705E00620F3F754F96FF0030023
:102A3000E1E700BF04F00100002860D04FF0030878
:102A4000B8F1020F45D0B8F1030F54D101A8F1F746
:102A500031F900208DF8050001A8FEF765FA614AFA
:102A600008210020E6F78CFF5F4801684046E7F741
:102A70004FFA5E4A08210020E6F782FF3346102213
:102A8000594801684046E7F7F1FB0546584A1021CE
:102A90000020E6F775FF01208DF8050001A8FEF77C
:102AA00043FA102252493046DDF731FE8146B9F132
:102AB000000F02D04FF0020B02E00DB14FF0010BFE
:102AC0001B2000230122009018461946F0F7B2FAA5
:102AD00014E0454801684046E7F71AFA3346424891
:102AE000049A01684046E7F7C1FB054615B14FF06F
:102AF000010B03E002E04FF0010B00BF00BF04F048
:102B00000200002854D002213A48006805F060FB1A
:102B1000142005F095FAB24604F0010008B10AF15C
:102B2000100A4FF00108B8F1000F3CD0B8F1010FC6
:102B300003D0B8F1020F37D134E002212D480068EC
:102B400005F046FB142005F07BFA2020F0F71AFF71
:102B5000264B1022284801684046E7F7E1FA534621
:102B60001022254801684046E7F780FB05460DB175
:102B70004FF0010B1B4B10221F4801684046E7F73E
:102B8000CFFA04211B48006805F022FB142005F051
:102B900057FA1C2000230122009018461946F0F72E
:102BA00049FA04E003E002E04FF0010B00BF00BF70
:102BB000BBF1000F08D11120F3F72EF9642005F0C6
:102BC0003FFAF2F769FA0AE00320F3F783F864208A
:102BD00005F036FAF2F760FA6FF001000BE76FF0DC
:102BE000020008E7701E00201C030020801E002049
:102BF000901E0020080000202003002070B5C0B007
:102C000006460D4614467B208DF8040001208DF801
:102C100005000D20ADF8060017480088ADF8080043
:102C200000208DF80A008DF80B008DF80C00134879
:102C300030F81400ADF80D008DF80F601DB10120C3
:102C40008DF8100002E003208DF8100025B10C482B
:102C5000005D8DF8110003E00A48005D8DF8110059
:102C600022460E2101A8F0F715F810B1012040B05E
:102C700070BD0020FBE70000E6010020BE0100203F
:102C8000DD010020DC0100202DE9F04105460F4662
:102C90002B480068441CB4F5F04F00D300244FF4D7
:102CA000803000EBC416C6F30B0098B925480068C5
:102CB00084420BD12348006820302249086008462E
:102CC0000068B0F5F04F01D30020086031460320C2
:102CD000E7F71EF91C480068401C1B4908600846BD
:102CE0000068401C08B90020086017480068286088
:102CF000134800684FF4803101EBC010B0F5781F25
:102D000004D911480068401C0F4908600C4800684D
:102D10004FF4803202EBC0112B463A460320E7F70E
:102D2000A5FA07480068401C054908600846006885
:102D3000B0F5F04F01D300200860BDE8F08100003D
:102D4000FC090020000A0020F009002070B50024D2
:102D50003348008840F2E731884205DA304800887D
:102D6000401C2F49088002E000202D4908800120E6
:102D7000EFF7D4FB4FF655702A49096801EBC431CF
:102D800048802748008800F2E9302649096801EBAD
:102D9000C4310880F5F7A0FE2249096801EBC4316F
:102DA000C8602048006800EBC43046681D490968C7
:102DB00001EBC43101F11000314600F099FB0546EA
:102DC0001848006800EBC430856017480078A0B14F
:102DD0001349098801F2E93188B2012213490988AF
:102DE000F2F75CF80E49098801F2E93188B2012254
:102DF0000F490988F2F76CF807E001200A490870CA
:102E000001210A480088F1F77FFF0020EFF77AFBE5
:102E10000348008800F2E93006490860002070BDD0
:102E200008040020F40300200A0400200C04002001
:102E30000E040020FA03002070B5034615467BB34C
:102E4000022B02D96FF0010070BD40F25350814255
:102E500002D36FF00200F7E75B1E1348006800EB37
:102E6000C330303001EB410600EBC604002204E021
:102E700055F822002060241D521C062AF8DB0B485E
:102E800050F83300884202D2084840F83310481EF8
:102E900040F25356B04201D10120D5E70020D3E7DC
:102EA000FFE74FF0FF30CFE7F4030020E41E0020DF
:102EB000F0B50446022674B3022C01D9301FF0BDD0
:102EC00040F6F970814202D36FF00200F7E7581E16
:102ED000C3B2641E1348006800EBC43000F1300533
:102EE00001FB06F005EB800552F82300286002EB99
:102EF0008300C06868600C4850F83400401C0A4FDA
:102F000047F83400384650F8340040F6F977B842B4
:102F100002D30120D3E701E00020D0E74FF0FF30DB
:102F2000CDE70000F4030020E41E002070B5C0B01F
:102F300005460E46144679208DF8040001208DF8D0
:102F400005000D20ADF8060011480088ADF8080016
:102F500000208DF80A008DF80B008DF80C000D484C
:102F600030F81400ADF80D008DF80F600A4850F8E5
:102F7000240004908DF813502246102101A8EFF789
:102F800089FE10B1012040B070BD0020FBE70000B9
:102F9000E6010020BE010020C80100202DE9F0411B
:102FA000C0B080460E4617461C467D208DF80400B2
:102FB00001208DF805000D20ADF806001B480088A3
:102FC000ADF8080000208DF80A008DF80B008DF890
:102FD0000C00174830F81400ADF80D008DF80F8084
:102FE0008DF81070002512E0715D05F10D0001AA49
:102FF00011541048005D715D08440E4908550E4893
:10300000005D715D08440C490855681C85B2BD42DD
:10301000EADB07F10D01224601A8EFF73BFE18B1EC
:10302000012040B0BDE8F0810020FAE7E601002071
:10303000BE010020DC010020DD01002070B5064645
:103040001C480088441CB4F5805F00D30024E0B223
:1030500019490860E0B219490860E0B2B0B94FF40C
:10306000781101EB0410E6F751FE15480088A042E4
:103070000CD11348008800F580701149088008467B
:103080000088B0F5805F01DB0020088009490988CD
:103090004FF4781202EB011032461021E6F792FB52
:1030A000054615B16FF0010070BD02490C8000208B
:1030B000FAE70000C0090020D0090020D409002050
:1030C000C20900202DE9FF4F8FB00D4616461C4661
:1030D000DDF870B00A274FF0FF3002900F980328F8
:1030E00070D1BBF1080F6DD2DFE80BF00457AAF2E4
:1030F000AB6CF197D24920680860CDBB0020D14964
:103100000870D14800882168E6F736F8CF49086092
:103110000020CF490880CF490880CC48006898B18A
:103120000120CD49C1F8230001F12300016800917D
:1031300000798DF8040043F2CF20019AE0F706FCF5
:10314000002013B0BDE8F08F6FF00100C249C1F854
:10315000230001F123000168009100798DF804003B
:1031600043F2CF20019AE0F7F1FB6FF00100E8E7AE
:10317000FFE74FF0FF30B849C1F8230001F1230009
:103180000168009100798DF8040043F2CF20019A84
:10319000E0F7DCFB4FF0FF30D3E7A5B94FF0FF308D
:1031A000AD49C1F8230001F12300016800910079C5
:1031B0008DF8040043F2CF20019AE0F7C7FB4FF0EF
:1031C000FF30BEE738E12068B0F5006F02D94FF458
:1031D00000602060681E9D4909684FF4006202FB90
:1031E0000018324640462168E6F7ECF9074697B1E9
:1031F0006FF002009849C1F8230001F12300016833
:10320000009100798DF8040043F2CF20019AE0F795
:103210009DFB384695E7002093E78D48008870B104
:103220008A4800688B4909884FF4807202FB0108C4
:103230008A4A874801884046E6F7C4F9074600BF36
:1032400000BF4FF0000A00208349C1F82300282264
:103250007E48016805A8DDF786FA0698039007986E
:1032600004907F4903980968884232D877480399C7
:103270000068103000F03CF90290029904988842EE
:1032800007D06FF003007449C1F823006FF0090AFA
:1032900026E00998B0F5FA5F04D141F641710D9826
:1032A000884206D06FF004006B49C1F823006FF02C
:1032B0000A0A6C490B980968DFF70EFE80B16FF0BF
:1032C00005006549C1F823006FF00B0A08E055E0DE
:1032D0002AE06FF006006049C1F823006FF00C0A85
:1032E000BBF1020F0BD15C482330016800910079DB
:1032F0008DF8040043F2CF20019AE0F727FBBAF1E2
:10330000000F09D0192001235246009000200146E9
:10331000EFF790FE504614E753490C9808600120DF
:103320004849087000200CE72DB94FF0FF304A499A
:10333000C1F8230005E7012D02D1FF20B070F07025
:103340002068B0F5807F02D94FF480702060681E3D
:103350003E4909684FF4807202FB0018324640462D
:103360002168E6F72FF9074637B16FF002003A49B6
:10337000C1F823003846E4E60020E2E62068B0F514
:10338000807F02D94FF48070206031480088C0F5FA
:1033900080702168884236D82D480088C0F580703A
:1033A0001FFA80F92D492A4A128888184A46314660
:1033B000DDF7D9F925480068264909884FF480725D
:1033C00002FB010823480088401C22490880234A48
:1033D0004FF480714046E6F7F5F807462088A0EBE9
:1033E00009001B49088006EB0901194802881B489F
:1033F000DDF7B9F915480068164909884FF480725D
:1034000002FB01080EE01549114B1B88C818314614
:103410002268DDF7A8F920880D49098808440C497D
:103420000880002737B16FF002000B49C1F8230074
:10343000384686E6002084E66FF0080081E600004A
:1034400030040020280400203C0800202404002030
:103450003404002036040020C0DC0020F41E0020CC
:103460001404002000C000082C04002070B506469B
:103470001D480088401C84B2B4F5805F00DB002446
:1034800004F58070C11700EB11610912A0EB012156
:10349000B1B94FF4741101EB0410E6F737FC13488F
:1034A0000088A0420CD11148008800F580700F49B7
:1034B000088008460088B0F5805F01DB00200880A6
:1034C000094909884FF4741202EB011032461021A9
:1034D000E6F778F9054615B16FF0010070BD0248B6
:1034E00004800020FAE70000E0090020E209002043
:1034F00078B504460D464FF0FF300090002605E0F9
:103500002078694601F034F9641C761CAE42F7D38A
:10351000009878BD03B401984100009850EAC1209A
:1035200018BF04204A0D18BF40F0010040F2FF729E
:10353000B2EB515F08BF40F00200012808BF052030
:1035400002B07047014621F00040C0F1FF40C00FBB
:1035500070470000002817DB00F01F020121914096
:103560000A4A430942F8231000BF00BF00BFBFF35F
:103570004F8F00BF00BF00BF00BF00BF00BFBFF341
:103580006F8F00BF00BF00BF7047000080E100E008
:1035900002480068C0F30220704700000CED00E014
:1035A00010B5002804DB0A07130E054A135406E081
:1035B0000A07140E034A00F00F031B1FD45410BD5A
:1035C00000E400E018ED00E070B59B482DED020B23
:1035D0002DED068B079D25F00044A04218DC97488E
:1035E000844202DC0AD1069840B19DED060BBDEC89
:1035F000068B02B0BDE8704001F036B8002DCCBF9C
:103600009FED8F0B9FED900BBDEC068B02B070BD54
:103610008F48A04215DD8F48A042D8BF4FF0FF343D
:1036200058DD9DED060B51EC100BFFF773FF0428DE
:1036300008BF01F035F89DED060BBDEC068B02B01E
:1036400070BD9DED060B51EC100B01F01BFECDE99A
:10365000060181489FED828BA0423CDD8248A0425A
:103660001FDD00249FED82AB9DED060B53EC1A2B62
:1036700051EC100B07F0A4F99DED060B41EC190B72
:1036800053EC1A2B51EC100B07F0B0FC53EC182B39
:1036900007F0B8FE53EC192B07F046FACDE9060106
:1036A00049E09DED060B012453EC182B51EC100B57
:1036B00007F086F99DED060B41EC190B53EC182B26
:1036C00051EC100B07F09EFE53EC192B07F02CFA6F
:1036D000CDE906012FE06848A0421FDD02249FEDDE
:1036E000689B9DED060B53EC192B51EC100B07F06A
:1036F0007DFC53EC182B07F063F99DED060B41ECB4
:10370000180B53EC192B51EC100B07F07BFE53EC0C
:10371000182B07F009FACDE906010CE09DED060B28
:10372000032453EC102B9FED580B51EC100B07F0BA
:10373000FBF9CDE906019DED060B53EC102B51EC86
:10374000100B07F053FC41EC180B53EC182B07F04F
:103750004DFC41EC190B4E480621B0EE490AF0EE43
:10376000690A784400F0C4FC53EC182B51EC100BA0
:1037700007F03CFC41EC180B4648B0EE490AF0EE6D
:10378000690A0521784400F0B3FC53EC192B51EC85
:10379000100B07F02BFC41EC100B51EC180B53EC09
:1037A000102B002C0EDA07F00BF99DED061B53ECE5
:1037B000112B07F01BFC9DED061B53EC112B07F0A2
:1037C00049FD35E007F0FCF89DED061B53EC112B8D
:1037D00007F00CFC41EC100B2F48784400EBC400C0
:1037E00090ED001B51EC100B53EC112B07F00AFE6F
:1037F0009DED061B53EC112B07F004FE41EC100B62
:103800002648784400EBC40090ED001B51EC100BEF
:1038100053EC112B07F01EFD41EC100B002DA2BF45
:10382000BDEC068B02B070BD51EC100B07F08AF8AE
:1038300041EC100B01E70000000010440000F07F95
:10384000182D4454FB21F93F182D4454FB21F9BF96
:103850000000DC3F0000203E0000F33F00000000BD
:10386000000000000000F03F0000E63F0000000004
:103870000000000000000040008003400000000045
:10388000000000000000F83F000000000000F0BF52
:1038900072A7000028A70000B2A600006AA60000D8
:1038A00010B52F499FED2C1B2DED020B84B0059810
:1038B00020F000408842D8BF9DED040B2DDD294942
:1038C000884209D1049840B94FF00100DDF7F8F8BB
:1038D00000F0D6FE06B010BD05DB9DED040B00F038
:1038E000C3FE06B010BD68469DED040B00F02CF938
:1038F00010F0030004BF9DED021B9DED000B0CD0EA
:1039000001280ED09DED021B9DED000B022817D063
:10391000012000F069FC06B010BD00F031FB06B0DC
:1039200010BD9DED021B9DED000B012000F05CFC25
:1039300051EC100B07F006F806B041EC100B10BD6F
:1039400000F01EFB51EC100B06F0FCFF06B041EC42
:10395000100B10BD0000000000000000000000007F
:10396000FB21E93F0000F07F2DED020B019820F0D4
:10397000004001909DED000B02B070470000000078
:1039800010B52F499FED2C1B2DED020B84B005982F
:1039900020F000408842DCBF00209DED040B32DDAA
:1039A0002849884209D1049840B94FF00100DDF759
:1039B00087F800F065FE06B010BD05DB9DED040B39
:1039C00000F052FE06B010BD68469DED040B00F0FD
:1039D000BBF810F0030011D0012818D09DED021B98
:1039E0009DED000B02281AD000F0CAFA51EC100B22
:1039F00006F0A8FF06B041EC100B10BD9DED021BB8
:103A00009DED000B012000F0EFFB06B010BD9DED19
:103A1000021B9DED000B00F0B3FA06B010BD0120B3
:103A200000F0E2FB51EC100B06F08CFF06B041EC0D
:103A3000100B10BD0000000000000000000000009E
:103A4000FB21E93F0000F07F00B52DED048BB0EEC7
:103A5000409AF0EE609A83B051EC190B07F006FC27
:103A600041EC180B18EE100A18EE901A8DED008B31
:103A7000002818BF0120084320F00040C0F17F60FB
:103A800000F1E040C00F14D019EE101A19EE900AA0
:103A90008DED009B002918BF0121084320F0004054
:103AA000C0F17F6000F1E040C00F04BF0120DDF7EE
:103AB00007F8B0EE480A03B0F0EE680ABDEC048BDC
:103AC00000BD00000000000010B51D499FED1A1B4D
:103AD0002DED020B84B0059820F000408842DCBF39
:103AE00001209DED040B21DD1649884209D104987F
:103AF00040B94FF00100DCF7E3FF00F0C1FD06B074
:103B000010BD05DB9DED040B00F0AEFD06B010BD51
:103B100068469DED040B00F017F800F0010001214C
:103B2000A1EB40009DED021B9DED000B00F0F4FBAE
:103B300006B010BD00000000000000000000000002
:103B4000FB21E93F0000F07F2DE9F14F04462DED08
:103B5000020B2DED088B8AB09FEDE70B80ED020B79
:103B6000139EE74826F0004585420ADC9DED120BC6
:103B7000002084ED000B0AB0BDEC088B03B0BDE85B
:103B8000F08FE0489FEDE0AB9FEDE1BBA84247DD41
:103B9000E14F9FEDE39B9FEDE48B9DED120B53EC0A
:103BA0001A2B51EC100B002E1CDD07F02BFC41EC06
:103BB000100BBD4208D053EC1B2B51EC100B07F03F
:103BC00021FCC4E900010BE053EC192B51EC100B64
:103BD00007F018FC53EC182B07F014FCC4E90001A3
:103BE0000120C8E706F0ECFE41EC100BBD4208D006
:103BF00053EC1B2B51EC100B06F0E2FEC4E9000164
:103C00000BE053EC192B51EC100B06F0D9FE53ECE2
:103C1000182B06F0D5FEC4E900014FF0FF30AAE7EB
:103C2000C348A84279DB9DED120B51EC100B01F05B
:103C300029FB41EC180B9FEDC00B53EC102B07F048
:103C4000D5F99FEDBF1B53EC112B06F0B9FE07F021
:103C5000C3F8074607F01DF941EC190B53EC1A2B7A
:103C600007F0C4F953EC182B07F0F4FA41EC180BE9
:103C700053EC1B2B51EC190B07F0B8F9DFF8C8A275
:103C800041EC100B4FEA15580125FA4453EC102B68
:103C900051EC180B07F0B6FB032DC4E900013DD031
:103CA000C1F30A5005EB4511A8EB00001139814220
:103CB00034DA0AEB051BB0EE48AA9BED000BF0EEE0
:103CC00068AA53EC102B51EC190B07F08FF941EC5B
:103CD0001B0B51EC1A0B53EC1B2B07F093FB41EC25
:103CE000180B51EC1A0B53EC182B07F08BFB53EC11
:103CF0001B2B07F087FB9BED020B41EC1A0B53ECDF
:103D0000102B51EC190B07F071F953EC1A2B07F03B
:103D100079FB41EC100B6D1CB8E70EE0002EA8BF3C
:103D20003846BFF628AF94ED000B51EC100B06F0AF
:103D300009FEC4E9000178421DE7C6F3130040F410
:103D4000801EC6F30A50A0F2F530471100F01F059F
:103D5000C5F12000DDF848B00890002006900790DB
:103D60000520EC467949002D07EB0002794408BF95
:103D700051F8221009D051F8223001EB8201AB40FA
:103D80004A68089922FA01F11943A1FB0E26A1FB0A
:103D90000B131A449A4234BF0123002303EB060895
:103DA0000CEB8003D3E901A60E448E4234BF0121FF
:103DB000002192448A4411B1924502D903E0924510
:103DC00001D2012100E00021C3E901A641444CF8E1
:103DD0002010011EA0F10100C4DC029800F1005087
:103DE000850F0298DDE903678000DDF8148007F095
:103DF00050F841EC1A0B304607F062F89FED541B67
:103E000053EC112B07F0F2F841EC1B0B384607F08E
:103E100057F89FED511B53EC112B07F0E7F841ECDD
:103E2000180B404607F04CF89FED4D1B53EC112B3F
:103E300007F0DCF841EC190B51EC180B53EC192B83
:103E400006F0BEFD53EC1B2B06F0BAFD53EC1A2B0B
:103E500006F0B6FDCDE90801002008909DED080BA5
:103E600053EC1A2B51EC100B07F0CCFA53EC1B2B34
:103E700007F0C8FA53EC182B07F0C4FA53EC192BCF
:103E800007F0E8F99FED381B53EC112B07F0AEF863
:103E90009FED370B41EC180B53EC102B9DED080BED
:103EA00051EC100B07F0A2F853EC182B06F088FD2C
:103EB0009FED310B41EC180B53EC102B9DED080BD3
:103EC00051EC100B07F092F853EC182B06F078FD2C
:103ED00041EC100B139810F0004F06D06D4251ECDE
:103EE000100B06F02FFD41EC100B284684ED000B63
:103EF00041E600000000000000000000000000009B
:103F0000FB21E93F7CD9024000004054FB21F93FEE
:103F10003163621A61B4D03DFB21F93F000000001B
:103F20000000601A61B4D03D7370032E8A19A33B60
:103F3000FB2139410000000083C8C96D305FE43FB8
:103F4000000000000000E03FBAA2000008A200004C
:103F5000000000000000103E000000000000103CC7
:103F6000000000000000103A182D4454FB21F93DD8
:103F70003326A611460B113C00000054FB21F93DED
:103F800010B52DED040B2DED088B82B0B0EE419AEB
:103F9000F0EE619A0B9820F000449FED4BABB4F12A
:103FA000795F11DA9DED0A0B51EC100B06F014FF4E
:103FB000002801BFB0EE4A0AF0EE6A0A02B0BDEC7A
:103FC000088B04BF04B010BD9DED0A0B53EC102B01
:103FD00051EC100B07F00AF841EC180B3C48062195
:103FE000B0EE480AF0EE680A784400F081F853EC2D
:103FF000182B51EC100B06F0F9FF9DED0A0B41EC6C
:104000001B0B53EC192B51EC100B06F0EFFF41EC9E
:10401000190B53EC1B2B51EC180B06F0E7FF53EC7C
:10402000192B07F0EFF99FED2C0B41EC190B53EC1A
:10403000102B51EC180B06F0D9FF41EC100B28485F
:10404000844210DA53EC192B51EC100B07F0DAF91B
:1040500053EC1A2B07F0FEF841EC100B02B0BDEC4C
:10406000088B04B010BD1F48A042BCBF9FED1E1BB3
:104070008DED001B06DBA4F50010019000200090E0
:104080009DED001B51EC100B53EC112B07F0BAF90E
:104090009DED000B41EC180B53EC102B51EC1A0B5F
:1040A00007F0B0F941EC1A0B53EC192B51EC180B3B
:1040B00007F0A8F953EC1A2B07F0CCF841EC100BE1
:1040C000CCE7000000000000000000000000F03F0E
:1040D0002C9F000000000000000000000000E03FF6
:1040E0003333D33F0000E93F000000000000D23F1F
:1040F00070B504462DED028B4D1E00EBC500B0EEF1
:10410000408AF0EE608A90ED000B35F0060017D083
:1041100053EC182B51EC100B06F068FF41EC100B20
:104120006D1E04EBC50090ED001B51EC100B53EC21
:10413000112B06F045FC41EC100B35F00600E7D1E1
:10414000022D36D0042D1CD0062D1CBFBDEC028BD9
:1041500070BD53EC182B51EC100B06F047FF94ED9B
:104160000A1B53EC112B06F02BFC53EC182B06F01A
:104170003DFF94ED081B53EC112B06F021FC41ECA4
:10418000100B53EC182B51EC100B06F02FFF94ED95
:10419000061B53EC112B06F013FC53EC182B06F006
:1041A00025FF94ED040B53EC102B06F009FC41ECB9
:1041B000100B53EC182B51EC100B06F017FF94ED7D
:1041C000021B53EC112B06F0FBFB53EC182B06F0F3
:1041D0000DFF94ED001B53EC112B06F0F1FBBDEC31
:1041E000028B41EC100B70BD31B504462DED040B74
:1041F0002DED0A8BB0EE41BAF0EE61BA0B989DED51
:104200000A0B20F00040B0F1795F0DDA51EC100B91
:10421000FFF780F9042808BF00F042FA9DED0A0B71
:10422000BDEC0A8B05B030BD53EC102B51EC100BDC
:1042300006F0DCFE41EC180B9DED0A0B53EC182B3D
:1042400051EC100B06F0D2FE41EC190B2C48B0EEED
:10425000480AF0EE680A05217844FFF749FF9FED10
:104260002ACBB0EE40AAF0EE60AA9CB353EC1C2B14
:1042700051EC190B06F0BAFE41EC1C0B53EC1A2B57
:1042800051EC190B06F0B2FE9FED210B41EC190B1E
:1042900053EC102B51EC1B0B06F0A8FE53EC192B22
:1042A00007F0B0F853EC182B06F0A0FE53EC1B2BD4
:1042B00007F0A8F853EC1C2B07F0A4F89DED0A1B9F
:1042C00053EC112B06F0C6FFBDEC0A8B05B041EC98
:1042D000100B30BDFFE753EC1A2B51EC180B06F016
:1042E00085FE53EC1C2B06F06BFB53EC192B06F0F0
:1042F0007DFE9DED0A1B53EC112B06F061FBE3E7FD
:10430000B49D000000000000495555555555C5BFE6
:10431000000000000000E03FF1B506462DED040B63
:10432000BD482DED0C8B8AB0B0EE418AF0EE618A6B
:10433000179D25F000449FEDBABB9FEDBBCB844297
:1043400008DA9DED160B51EC100B06F045FD002828
:1043500000F0E980B64FA74231DC002D0DDA9DED6B
:10436000160B51EC100B06F0EDFACDE9160151ECED
:10437000180B06F0E7FA41EC180B9FEDAF0B53EC6E
:10438000102B9DED160B51EC100B06F063FF53EC58
:10439000182B9FEDAB0BCDE9040151EC100B07F08E
:1043A00031F841EC100B53EC102B9DED040B51EC4C
:1043B000100B06F005FB9FEDA48BCDE916019DEDDA
:1043C000160B53EC102B51EC100B06F00FFECDE941
:1043D00004019DED040B53EC102B51EC100B06F077
:1043E00005FE41EC190B9A480621B0EE490AF0EEA1
:1043F000690A7844FFF77CFE9648B0EE40DAF0EEAA
:1044000060DAB0EE490AF0EE690A06217844FFF757
:104410006FFE9DED041B51EC100B53EC112B06F0BD
:10442000E5FD9DED040B41EC1A0B53EC102B9DEDBB
:10443000160B51EC100B06F0D9FD41EC190B53ECA7
:104440001A2B51EC1D0B06F0BBFA53EC192B06F09E
:10445000CDFD53EC182B06F0B3FA9DED041B53EC85
:10446000112B06F0C3FD53EC182B06F0A9FA41EC12
:10447000180B9FED790B51EC190B53EC102B06F038
:10448000B5FD53EC182B06F09BFA41EC190B9DED92
:10449000160B53EC192B51EC100B06F091FA41EC72
:1044A000180BA74269DC304606F0F3FC41EC1A0B0E
:1044B00051EC180B53EC1A2B06F082FA41EC1B0B53
:1044C00053EC182B51EC180B06F090FD53EC1B2B02
:1044D00006F02AFB53EC192B06F094FF9DED161BFA
:1044E00053EC112B06F0B6FE9FED5D1B53EC112B28
:1044F00006F07CFD53EC1A2B06F0ACFE41EC180BD9
:10450000022000EAA570C0F1010006F0C2FC53ECE5
:10451000182B06F06BFD00BF41EC100B0AB0BDEC90
:104520000C8B05B0F0BD711C1698214308430CD0CC
:104530009DED160B012E1CBF53EC102B51EC1C0BE8
:1045400010D000BF06F0F0FAE6E79DED160B51EC37
:10455000100B00F097FE41EC100B51EC1B0B53ECD1
:10456000102BEFE751EC100BFEF7D4FF042808BF27
:1045700000F096F89DED160BD0E7012E04BFB0EECB
:10458000480AF0EE680AC9D08DED048B002404942B
:104590009DED040B53EC102B9DED160B51EC100B05
:1045A00006F058FE53EC192B06F054FE41EC190BA3
:1045B00053EC182B51EC1C0B06F0B6FA41EC180B1F
:1045C0008DED008B00949DED040B53EC102B9DEDB5
:1045D000000B51EC100B06F009FD53EC1B2B06F001
:1045E000EFF99DED000B41EC1A0B53EC192B51EC3C
:1045F000100B06F0FBFC53EC1A2B06F0E1F953EC20
:10460000182B06F0F3FC9DED001B53EC112B06F06C
:10461000D7F981E7000000000000303E00000000F4
:10462000000000000000F03F000000000000F0BFAC
:104630002894E53F00000000182D4454FB21E93F79
:10464000075C143326A6813C000000000000000037
:10465000429C0000589C0000635555555555D53F68
:10466000000000000000004010B553EC102B51EC8E
:10467000100B06F0A5F941EC100B10BD0000000076
:104680009FED050B10B553EC102B51EC100B06F001
:104690004BFA41EC100B10BD0000000000000000C0
:1046A0009FED050B10B553EC102B51EC100B06F0E1
:1046B0009DFC41EC100B10BD00000000000000103C
:1046C000074810B5007848B104F03CFF30B1054907
:1046D00000EB400001EB4010603810BD024810BDF7
:1046E000690C002098370120509E012010B5002A47
:1046F00006DA22F00042D21D22F00703102203E066
:10470000D21C22F003030C2213B19C188C4201D955
:10471000012010BD024401448360C0E90021C91A90
:10472000D018884202D810600246F9E700201060D5
:1047300010BD000005490978002905D000684FF632
:10474000FF71DFF80CC000DF70470000690C00202B
:10475000D98C030804490978002903D00068DFF8E0
:104760000CC000DF70470000690C0020018C0308BA
:104770000A784240034B53F822200B6882EA132246
:104780000A60704728C803082DE9F041174688469B
:10479000044602F06FFC6FF00106002C4ADD2A4847
:1047A0000179A14246DB04EB4401006801EBC4013E
:1047B0006FF02B0202EB810145182878072839D1C8
:1047C000E878012836D1286A08B1741F36E02846F7
:1047D00000F076FF04000ED1A878C00701D0241F96
:1047E0002CE00321284600F042FBC1071BD02846DD
:1047F00000F066FF0446A978A07801F0390120F0A6
:1048000039000843A070287F2077687F6077E88AA6
:10481000E082204605F004F8221D3946404600F0AB
:1048200015F8A47F0AE0810702D56FF0050405E0C2
:10483000800601D5344601E04FF0FF3402F02AFC37
:104840002046BDE8F081000024DB0308002811D0D9
:1048500000290FD01388002B0CD10B68102B09DB1B
:1048600010230B6001210180518809BA090C418095
:104870005168416070470A88012A07D100220280EE
:104880004A8812BA120C42804968416070470000A1
:10489000F0B5244B07461C4618692469012280693B
:1048A00096460146267F03E0047854B10E30521C30
:1048B0009642F9DA1A6900200123527F0C46154608
:1048C00011E080F800E047701046F0BD94F801C098
:1048D000BCF1010F05D194F803C0AC4501D8654681
:1048E00018465B1C0E349E42F0DA80B901230C4658
:1048F00009E06578022D04D1E578954201D82A4671
:1049000018465B1C0E349E42F3DA0028DDD0C0EB63
:10491000C0026FF00D0303EB4202114481F800E086
:104920004F70F0BDD8DA030801787F2913D00E222A
:10493000B2EB111F0FD0006800BA60B1411C0AD061
:1049400008490A6809685268896813BA09BA80EA8E
:1049500003020A4201D0002070470843401CFBD0EC
:1049600001207047F0DA030810B50E4C2078C0071C
:1049700003D0608810B1401E608010BD607850B1D7
:10498000401E6070092000226080211DBDE810409B
:10499000104600F08FB8E1680120884700202070A1
:1049A00010BD0000989D0120F0B51E4B002201258E
:1049B00019691C6909268969247F2FE00F78012F66
:1049C0002AD9C78896FA86FCB7EB1C4F0DD18768A9
:1049D000D1F808C067451FD18789B1F80CC0674579
:1049E0001AD1D0F80E00486009E0D0F80E70D1F866
:1049F00004C0674510D182688A60808988814878C0
:104A0000022800D14D701869407FC8701869807FF6
:104A1000887003200870F0BD0E31521C9442CDDC2A
:104A2000F0BD0000D8DA030870B505460E462A200E
:104A300002F0C8F90446A86860601C4AA889208171
:104A400091680868C4F80A008888E08140F606008A
:104A500000BA000C2082012000BA000C60824FF4E2
:104A6000006000BA000CA0820620A0750420E0754A
:104A700030BA000C2083A8686062A8892085D5F828
:104A80000E00C4F82A0091680868C4F81A008888E3
:104A9000E0830748006840682062204601F080FDFE
:104AA0002046BDE8704002F0E1B90000D8DA030802
:104AB000F0DA03082DE9F041054616460F462A2094
:104AC00002F080F9044626480121002D01D02A4633
:104AD00000E0244A13686360928822818268136828
:104AE000C4F80A309288E28140F6060212BA4FEA10
:104AF000124222820ABA4FEA124262824FF40062E4
:104B000012BA4FEA1242A2824FF00602A2754FF08B
:104B10000402E27502D000BF4FF0080109BA4FEA63
:104B20001141218380680168C4F81A108088E083ED
:104B300000D10D4D28686062A888208506B90A4E0C
:104B40003068206207B9084F3868C4F82A00204648
:104B500001F026FD2046BDE8F04102F087B90000D3
:104B6000D8DA030817DE030858DE03082DE9F04100
:104B700004464FF47A40B4FBF0F6B4FBF0F100FBCE
:104B80001147002507E04FF47A4005F0ABFE08B16D
:104B9000BDE8F0816D1CB542F5DB384605F0A2FE9C
:104BA00000BFF5E72DE9F04190460E46044602F0BD
:104BB00061FA6FF00107002C17DD224D2879A04221
:104BC00013DB4146304600F0CEFC6FF00202F8B134
:104BD00004EB440101EBC4016FF02B03286803EBE5
:104BE000810144182078012801D03C4625E07088D6
:104BF00000BA030C002128680EE00778022F09D3C1
:104C0000C7899F4206D1C77894F803C0674501D190
:104C1000144612E02C30491C2F798F42EDDC3146CE
:104C200004F10C00FFF727FE02202070E078022834
:104C300002D1204600F010F9002402F02BFA2046A1
:104C4000BDE8F08124DB03082DE9F047884699464A
:104C50001746C0B20121089D00F0E8F8041E47D0B5
:104C60000026B8F1060F42D2DFE808F00313080867
:104C700044463946201D00F0E9FF38E06660A66032
:104C8000A078800701D5032000E0012020700221D8
:104C90002AE005202070A078800724D52675224DB3
:104CA000617D6FF02B0601EB410202EBC101286828
:104CB00005E000BF01EB4102286802EBC10106EBF1
:104CC00081010844017D0029F4D1A17F01752046AE
:104CD00003F096FB617D286801EB410202EBC10104
:104CE00006EB810144180121204600F05BF8012009
:104CF000BDE8F0870421F7E705F18040001D02F0D0
:104D000061F807000DD0BD80FE802A46494607F1B4
:104D10000800DBF728FD3946204603F065FB082133
:104D2000E2E74FF0FF30E3E724DB03082DE9F0472B
:104D300088461F469146C0B2022100F077F8061E51
:104D40002CD0B078400605D54146301D00F06FFFED
:104D5000002823D0B8F80000142500B90825E81968
:104D600000F18040001D02F02DF8040018D0A7804B
:104D7000E58004F108004146054600F067FFE08841
:104D80003A4628444946DBF7EEFC2146304603F01C
:104D90002BFB0821304600F005F80120BDE8F08724
:104DA0000020FBE770B50446807E0D46284204D003
:104DB000A57604F1200001F0BAF9E07E284204D083
:104DC000E57604F1240001F0B2F9A07F294601F054
:104DD000ADF970BD10B50446407848B1E1780229BC
:104DE0001DD002F06DF9607802F022FD00206070A5
:104DF000204603F005FB206A18B120212046FFF76A
:104E0000D1FF606A18B120212046FFF7CBFF2C218B
:104E10002046DBF749FD2020A076E07610BD02F0A9
:104E20002BFF607803F006F8E0E7000030B5094C8E
:104E300003460122206807E045789D4202D1C578EB
:104E40008D4205D02C30521C25799542F4DA002091
:104E500030BD000024DB030881784A0706D441F006
:104E600004018170C189407802F052BF704710B5CB
:104E7000044641F02000410606D5E07604F1240006
:104E800001F0AAF9E07E10BDA07604F1200001F047
:104E9000A3F9A07E10BD00002DE9F041044602F008
:104EA000E9F8002C03DD354E3079A04202DA6FF0CC
:104EB00001045DE004EB440101EBC4016FF02B023F
:104EC000306802EB810144182078C0B3062812D064
:104ED000E178022912D0072816D0607802F03EF956
:104EE000607802F0F7F9022835DDA078C00727D0F6
:104EF0006FF003043CE06FF0060439E02046FFF752
:104F000069FF34E0FFF766FF204600F0D9FB002878
:104F1000F8D10127804635680DE0687DA17F884281
:104F200007D185F815802878032802D12846FFF795
:104F300051FF2C357F1C3079B842EEDADEE716E0FF
:104F40000620207002212046FFF791FF800702D43F
:104F50004FF0FF340CE0A0788007CFD5607D0028AB
:104F6000CCD003202070E189607802F0C9F90024D8
:104F700002F090F82046BDE8F081000024DB030831
:104F800080EA0160074A082100284FEA400000DA61
:104F9000504000284FEA400000DA5040891EF3D10B
:104FA00070470000B71DC10491FAA1F358400822D0
:104FB00008E000F000431BB14000044B584000E003
:104FC0004000521E002AF4D170470000B71DC104F2
:104FD0002DE9F04104460D464FF0FF362F4606E01E
:104FE00014F8011B3046FFF7DFFF06467F1E002F37
:104FF000F6D1F043BDE8F08101460F48007880EA21
:10500000010202F0010088B10C480088401C80B207
:105010000A4B18800A4B1B8898420AD10648007830
:1050200080F00100044B1870012070470020034BF2
:1050300018800020F9E700004E0B00204C0B0020E8
:105040004A0B002008480068C0010BD507480068DB
:10505000C00707D0054880380068002802DA0449F4
:105060000120087070470000FCED00E0800E00E0B9
:10507000D80C00204FF06042D36F002BFCD0036BA4
:10508000D367D36F002BFCD0C07840EA0120A2F890
:105090007C0070474FF06041CA6F002AFCD081F855
:1050A0007C00704738B52D4D6868806980472C4C6E
:1050B000217A814251D0207201280ED02868002127
:1050C000826B0320904728680021826B0220904762
:1050D00028680321826B04203CE06868C06980472F
:1050E000009960F3010100910099820862F3820146
:1050F0000091C108009861F3DF0000900098C0F3B0
:105100008001009861F39F00607200980099C0F3DD
:10511000800060F39F01607808B141F08001114880
:1051200041F25552408A104201D041F0200142F62E
:10513000AA22104201D041F040012868826B012070
:10514000904728680121826B03209047286801213D
:10515000826B022090470120E07138BDD8DA030845
:10516000049D0120EC9D01200148006902F038BF38
:10517000049D012001220270002242705E22827092
:105180004A7802F07F02C2708A780271C978417150
:105190007047002806D04FF4107240F2DC51904264
:1051A00001D2104670478842FCD90846704700007B
:1051B000C00704D002480121C06802F019BF70473F
:1051C000049D01200949072849780DD2DFE800F045
:1051D00004090606060606000620704721B10420D1
:1051E000704709B10220704700207047049D0120DC
:1051F0002DE9F0411E4D1F4C20E000BFA6F10E002E
:1052000040F2DD5188422BD220796179401AC0B238
:10521000202825D246F0004001F0D4FD07001FD021
:1052200028683146426A381D9047207900F01F00F7
:1052300004EB800047612079401C20712868806A57
:1052400080470600DAD12079617988420ED0207833
:10525000800701D50220A072BDE8F04101F020BF17
:1052600028680021426A08469047E7E7BDE8F081D8
:10527000D8DA0308049D01200148006902F0B4BE99
:10528000049D012082B0CDE9000121F00040019091
:105290009DED000B02B051EC100B704710B5184893
:1052A00001684068174AC2E90010012016490870D9
:1052B0001649174800F00AFC1649086018B9012081
:1052C0001549086002E000201349086000201349D6
:1052D000086012E00C48007800B90FE00F48006841
:1052E00042F21071884200D908E0012002F0A8FEC5
:1052F0000A480068401C09490860EBE700BF10BD80
:10530000100200205802002049020020C9A503080D
:105310000802002070020020500200204C020020F1
:10532000002020E04FF00042134B03EB40131A60C3
:105330004FF48C42104B03EB40135A6000EB4002D9
:105340000E4B03EB42220C4B03EB40139A60411CC3
:10535000042900D10021084A02EB4112064B03EB5D
:105360004013DA60401C0428DCD3034A044BDA60A3
:105370000022044B9A71704710400120D040012058
:105380000090024004400120002019E0114A124B15
:1053900003EB40131A6000EB4002104B03EB422278
:1053A0000D4B03EB40139A60411C022900D10021F0
:1053B000094A02EB4112084B03EB4013DA60401C30
:1053C0000228E3D3044A064B1A610022054B5A71A6
:1053D000704700000000103090400120D05801209C
:1053E00000900240044001202DE9F04116460D4690
:1053F000074601F03FFE6FF00104002F3CDD2A4814
:105400000179B94238DB9EB107EB4701006801EB37
:10541000C7016FF02B0202EB81010844017859B3F8
:10542000012D0BD0022D06D0032D04D0042D02D067
:105430006FF0020420E0C17801291DD13268012DEE
:1054400006D0022D0DD0032D1BD0042D13D121E049
:10545000817821F0010181706AB141F00101817010
:1054600009E0817821F00801817012B141F0080152
:1054700018E004F0D5F9002401F00CFE2046BDE848
:10548000F0818178002A21F010018170F1D041F083
:10549000100107E08178002A21F020018170E8D016
:1054A00041F020018170E4E724DB0308017809075B
:1054B000890E01F0D7BA000028B1012803D00228D4
:1054C00001D000207047024951F820000088704741
:1054D000F0DA030870B5044600787F280AD0194E28
:1054E000194D707CC00716D02046296800F092FB49
:1054F00078B908E0154920680968884201D103207D
:1055000070BD042070BD11492068091F09688842D8
:1055100001D1002070BDB07CC00706D0204669686C
:1055200000F078FB08B1012070BDF07CC00706D008
:105530002046A96800F06EFB08B1022070BD044847
:10554000C07970BD90DA0308F0DA030854DE03086E
:10555000DC0C00200188012903D1406808B100203B
:10556000704701207047002807D00288012A05D122
:10557000102903DB408808B10120704700207047E4
:105580000EB5802200B109B110460AE00178012968
:10559000FAD101A900F05AF8042801D0002000E057
:1055A0001020DDE9011203B000BD70B50D46040006
:1055B00003D012B92078012801D0802070BD204688
:1055C00003F010FA28B12946204600F06AF80020BE
:1055D00070BD812070BD10B503F082F910B1017863
:1055E000022901D0802010BD4188A1F57F42FF3AF9
:1055F00003D000F05DF8002010BD812010BD70B513
:105600000C4603F005FE4FF0004108B1220C01D01A
:10561000084670BD058BC178A0B200F003F828469B
:1056200070BD00000A460146074810B500EB820035
:1056300050F8040C002805D003F0D8FBBDE810405A
:1056400003F0C4BB10BD00002437012010B5044690
:105650008089002824D0608904EB800000690860FC
:10566000606840B16078022805D10021204603F02F
:10567000BDFB03F0ABFB04F10C0000BFD0E85F1FE3
:10568000491E8AB2C0E8512F0029F7D16089401C19
:1056900080B26081E189884201D1002060810420CC
:1056A00010BD10B503F0A2FBBDE8104003F08EBBA7
:1056B00010B5002103F09AFBBDE8104003F086BB53
:1056C000014600200A7D002A0CD0074802EB420365
:1056D00003EBC20200686FF02B0303EB820210445D
:1056E000027D0A757047000024DB03082DE9F047AE
:1056F0000F46054601F0BEFC6FF00104002D5FDD92
:10570000DFF8CC8098F80400A84259DB002F03DDB5
:1057100030480079B84202DA6FF0020450E005EB3D
:10572000450101EBC5016FF02B02D8F8000002EB38
:10573000810145182878022842D1E87801283FD114
:10574000687802F075F807202870A8784FF00009F3
:1057500040F00200A87085F801900126D8F80040BA
:1057600028E0217821BB0121E17084F81C9084F8A5
:105770001D90B8F80600E08203202070A67705F19E
:105780000C0104F10C0000F061FAA07840F0020076
:10579000A070A87F6075104801F078FD002800DA3D
:1057A0000020C0B26070E18901F0AAFD7F1E0CD01C
:1057B0002C34761C98F80410B142D2DA4FF0FF3442
:1057C00001F068FC2046BDE8F0870024F8E70000FF
:1057D00024DB030810DB0308494C030870B5194C9F
:1057E000194DF3F7DFF8194800684FF47A71B0FBF0
:1057F000F1F0174908604FF44070ECF737FD2215BF
:1058000029462046DAF7AFFF21466803ECF738FD5A
:10581000E5F78EFCDEF7E4F802F014FD0D490860B0
:1058200003210C48006802F025FDE7F7E1F86FF06E
:1058300001010848006802F01DFDE9F7D5FD0020D0
:1058400070BD000000FE01200000010800D903081F
:1058500000000020080000200148C06802F0CCBB16
:105860003C9E01200148C06802F0E8BB3C9E01203C
:10587000124F134D134E4FF0FF394FF000084946B9
:10588000012002F0B7FB00BF04F0D2FB01217868D1
:1058900002F0ACFB01F0EEFB2C1D02E000B18047F2
:1058A00008342068411CF9D101F0F4FB86F80C8023
:1058B000B07B0028E3D002F0B5FBE5E79C0C0020AC
:1058C00034DB0308EC9D0120704770470D4C192014
:1058D0000025A072A17A012002F08CFBA07A192881
:1058E00001D2401CA072FFF73FFCFFF781FCA079BA
:1058F00028B1A5712078C00701D0FFF7D3FBFFF7CF
:10590000BBFCE7E7049D01202DE9F0411D4616464A
:105910000F46044601F0AEFB24F0FF00B0F5807F97
:1059200006D0B0F5007F0AD0B0F5407F13D10FE06C
:10593000E0B22B463246394600F070FC16E014F017
:10594000FF0F08D12A463146384601F039FB0DE0F9
:1059500014F0FF0F05D0032401F09CFB2046BDE8A6
:10596000F0812A463146384601F03EFB0446F3E713
:105970002DE9F0411D4616460F46044601F07AFB1C
:1059800024F0FF00B0F5807F06D0B0F5007F0AD08C
:10599000B0F5407F13D10FE0E0B22B4632463946D6
:1059A00000F06AFE16E014F0FF0F08D12A463146D7
:1059B000384601F009FB0DE014F0FF0F05D0032479
:1059C00001F068FB2046BDE8F0812A4631463846A2
:1059D00001F00EFB0446F3E770B5002002F010FB67
:1059E000174D286001F046FBDAF758FC01F074FA15
:1059F00020211448DAF758FF1348144CC1681148A5
:105A0000C1610121016002E000B1804708342068D3
:105A1000411CF9D102F0FEFA686010B9032001F0D0
:105A200027FB02F001FB040002D1032001F020FB60
:105A30006421204602F000FB01F02CFB002070BD29
:105A40009C0C0020EC9D012090DA030834DB030855
:105A500070B50D4606001CD0DDB10020044613E0F1
:105A6000A1F13002092A05D9313A052A02D920329A
:105A7000052A03D8401C02280BDC04E0022808DBBE
:105A80002D2906D10020641C315D0029E8D1112C9C
:105A900001D0002070BD6B1C2A4609A13046DAF700
:105AA00069FDEB1CAA1C06A1B01DDAF763FD6B1D96
:105AB0002A1D03A106F10C00DAF75CFD012070BD80
:105AC000256868782D256868780000002DE9F04188
:105AD0000D46064601F0CEFA0EB1308890BB314C2F
:105AE0004FF0000704F10A01A078C2072E482AD01F
:105AF000227812B1022A29D11EE01DB3256166B1B8
:105B00003146A01D00F0A2F8A01D00F0B0F800285A
:105B1000A07807D020F0020006E0006800F046F808
:105B2000E780F1E740F00200A07060787B2102F08E
:105B3000EFF8022020702EE025B9607802F09CF882
:105B4000277028E004E01DB122781AB1042423E074
:105B5000032421E025615EB13146A01D00F076F8F6
:105B60007B202081A01D00F082F830B1062413E0D4
:105B7000006800F01BF8E780F2E76078002102F08F
:105B8000C7F80320E0700A20A0800125257003F0EB
:105B9000A1FE00B1A580002401F07CFA2046BDE8FA
:105BA000F0810000A89D01202CDB03087CB521B307
:105BB00000231C4625460DE0A2F13006092E03D82D
:105BC000641C032C19DC04E0BCB12E2A15D100247E
:105BD0005B1C6D1C425D002AEED10F2D0DDC032BEA
:105BE0000BD154B1CB1C8A1CCDE900234B1C0A46B7
:105BF00003A1DAF7BFFC01207CBD00207CBD0000C2
:105C0000256868752E256868752E256868752E25A7
:105C1000686875004A680068896812BA00BA09BAEB
:105C20005040084201D10120704700207047B0F970
:105C30000020B1F900309A4206D12AB9406849687B
:105C4000884201D101207047002070470A880280F5
:105C50004A8842800A88002A01D149684160704719
:105C6000018809B100207047001D00F017BF30B156
:105C7000018821B9406800BA08B1002070470120AE
:105C8000704700002DE9F0410D460646FEF74CFE38
:105C9000002849D0254C002021698A69097F07E046
:105CA00013781BB153683768BB4231D0401C0E32A9
:105CB0008142F5DC1E4F30463968FFF7ABFFB8B9BB
:105CC0003868C06800BA00282ED0216900208A698F
:105CD000097F0BE013783BB193682F68BB4203D177
:105CE0009389AF88BB4217D0401C0E328142F1DC51
:105CF0000120FEF7CDFD002816D02169C0EBC000C1
:105D00006FF00D02896902EB40000A18306850609C
:105D100028689060A88890812069407FD0702069B1
:105D2000807F907003201070BDE8F081D8DA0308FE
:105D3000F0DA03082DE9F041224C80460D46206937
:105D4000226900218069127F08E0037823B1466848
:105D5000D8F800309E4232D00E30491C8A42F4DC22
:105D60004046FEF7E1FD002829D0174F404639682C
:105D7000FFF750FF002822D00120FEF789FD060022
:105D80001DD03A6841460020121DFEF793FE20699F
:105D9000C6EBC6016FF00D02806902EB41010844B9
:105DA000D8F80010416029688160A9888181216943
:105DB000C97FC1702169897F817003210170BDE8AD
:105DC000F0810000D8DA0308F0DA03082DE9F04189
:105DD000284E0F4604463168FFF71CFF30B934687F
:105DE00054F80C0F00BA002818D00027224D0021CB
:105DF0004FF0020828692A698069127F12E003784F
:105E000073B14368D4F800C0634509D10178032910
:105E10002DD34178012901D180F80180BDE8F081BE
:105E20000E30491C8A42EADC3846FEF731FD070095
:105E30001DD0326821460020121DFEF73BFE286966
:105E4000C7EBC7016FF00D02806902EB4101084406
:105E50002168416009490A688260898881812969CD
:105E6000897F81702969C97FC17080F80080002016
:105E7000D4E70000F0DA0308D8DA030817DE0308D5
:105E800030B50B4B00210A4618690124806904E0F3
:105E900000F8012B491C00F80D4B1D692D7F8D4228
:105EA000F6DC0448026042608260C26030BD0000DF
:105EB000D8DA0308989D0120084900208860084826
:105EC000006990F82000002806D0064802680020EB
:105ED000111D121DFEF7EEBD70470000989D0120B8
:105EE000D8DA0308F0DA03082DE9F04101882A29FD
:105EF0004FD3428A012109BAB2EB114F49D1818AAD
:105F00004FF4006212BAB1EB124F42D1817D0629E3
:105F10003FD1C17D04293CD1018B424E09BA0F0CFF
:105F200000F11A018B1D404A002500F112040A2FCE
:105F30002FD2DFE807F02E05472E2E2E2E2E3568A5
:105F40003568D0F82A606D68AE4204D11846FFF774
:105F500099FE022131E0046AA6421AD1116915693D
:105F6000002389692D7F18E00E78032E13D38E68E5
:105F7000D0F81A70BE420ED18E89C78BBE420AD1AC
:105F80004C601069407FC8701069807F8870032062
:105F90000870BDE8F0810E315B1C9D42E4DCF8E73F
:105FA0009268456A1668B542F3D1008D9288904296
:105FB000EFD11846FFF766FE09212046BDE8F04103
:105FC000FEF732BDD0F82A100ABA22B13068406814
:105FD000814221D0DDE715498A682AB1036A146835
:105FE000A34201D11570D4E70B78DA07D1D0006A4B
:105FF0004A689042CDD123F001000870C968BDE81D
:10600000F041002008479168426A0B689A42C0D16B
:10601000008D89888842BCD12046BDE8F041FEF75A
:10602000C3BC0000F0DA0308D8DA0308989D012009
:106030002DE9F041394C3A4D207838B9287BC0071A
:1060400001D0FEF791FC287B800764D50120A8735E
:106050002078344D401C20700021334A55E01069EF
:106060006FF00D078669C3EBC30007EB40003044B7
:106070000678EEB3C67826B1761E16F0FF06C67017
:1060800041D146785EB32F68D0F804C0FF68BC45A4
:1060900001D1417023E0012E03D006B3022E1ED0A1
:1060A00031E00678032E2DD086785EB3761E16F08A
:1060B000FF06867026D0022101701169C97FC17068
:1060C000416809BA19B9002108302A6802E0011DA7
:1060D0002A680020BDE8F041121DFEF7EBBC0678EF
:1060E000032E09D086786EB1761E16F0FF0600E00A
:1060F00009E0867006D001E0042101701169C97FB2
:10610000C170E4E701705B1C237010692378007F85
:106110009842A4D22170BDE8F0810000780C0020E4
:10612000EC9D0120F0DA0308D8DA0308704710B5B7
:1061300004460068002805D04FF4004101F058FFE4
:106140000020206010BD000003482C220179006867
:106150005143DAF7A9BB000024DB030870B51C48E3
:10616000007BC00732D01B4E002534682BE020781E
:10617000072826D2DFE800F0251A1A04251A0E0097
:10618000607801F0A7F802281BDAE189607801F055
:10619000B7F816E0607801F09DF8022811DC0221C2
:1061A0002046FEF7FFFD012020700AE0208B40B161
:1061B000401E0004000C208303D110212046FEF76E
:1061C000F1FD2C346D1C3079A842D0DC70BD00008C
:1061D000EC9D012024DB030870B5044601F020FF8C
:1061E0004FF0FF354FF40046C4F8000000F052FFB6
:1061F0002946304601F0FEFE00F03CFF20680028F2
:10620000F4D170BD70B515460C4604E02178FEF758
:10621000B7FE641C6D1E002DF8D170BD70B51E4612
:1062200014460D4648BB44B33EB30846FEF7CAFFCA
:1062300018B3B04221D8144A072D1ED2DFE805F06A
:10624000041B0B0E121518001048806801682160AD
:106250008088A08016E01068406801E010688068BF
:1062600020600FE01068C068FAE710680069F7E77F
:1062700010684069F4E7E00701D0032070BD1068A2
:1062800000882080002070BDF0DA0308D8DA030807
:106290002DE9F04194216648DAF706FB654DD5E912
:1062A0000210FFF7D5FB18B1A8680078C00702D02C
:1062B000032000F0DDFE2868406880470446800423
:1062C00001D55D4800E00020296889688847286872
:1062D0000169022088472968A86889698847286871
:1062E0006A68016C5268C06B9047514E10B1001D36
:1062F00017D019E0307840F0010030706868C1684C
:10630000022088476968C4F3812009698847686862
:10631000416908208847002211461046FFF7D4FA49
:1063200002E0032000F0A4FE286980B30120707011
:106330002869808AFEF72DFF404F39680880286958
:1063400039680068091DFFF731FCD8B12869396840
:1063500040680831FFF72AFCA0B1286939688068D5
:106360000C31FFF723FC68B128693968C068103127
:10637000FFF71CFC30B12869396800691431FFF758
:1063800015FC10B9032000F073FEFFF779FD2869B2
:10639000062290F82800001DF0700120A968FFF780
:1063A00031FF274948600020E20700D00120620742
:1063B00001D540F48270220701D540F48260E206E4
:1063C00001D540F48250A20601D540F00200220619
:1063D00001D540F40270E20501D540F40260A20547
:1063E00001D540F40250A20701D420F4A85062065F
:1063F00001D420F4285072780AB920F0FF00B27856
:1064000002B9C0B24882A00403D4307840F0020040
:10641000307007490020103101F0CEFDF0600028F7
:1064200004D1BDE8F041032000F022BEBDE8F081B8
:10643000049D0120D8DA0308B1510308F0DA0308FB
:10644000EC9D01202DE9F041494C4A4D4FF00106E9
:10645000207B4FF00007400701D5AE710AE0E879D4
:1064600040B1287A012831D0002211460020FFF7E0
:106470002BFAEF71687808B1FFF7DAFD29796879AE
:10648000814273D0A673E773618A218200F01F01F5
:1064900005EB8101401C4C696871208A00BA000C30
:1064A000B0F5006F1ED0A0F50060063813D000F2E2
:1064B0002910B0F5004F04D02288211D0020FFF7DD
:1064C00004FA2046BDE8F04100F0D0BC00F020F90D
:1064D0006A7A0121CAE768780028F2D02046FFF7DF
:1064E00003FDEEE768780028EBD0204600F050FA74
:1064F0000028E6D0204960680A68904203D12289CA
:1065000089888A420BD01D4900BAB1EB102F06D002
:1065100004F10A0104F11E00FFF70CFC05E004F190
:106520000A0104F11E00FFF7ADFB204600F010FB4E
:1065300004001BD0E07E01280AD002280CD00628D7
:106540000ED01128BDD10021204601F017FCB8E77C
:10655000204600F037F9B4E7204600F0F1F9B0E743
:106560000021204600F006FFABE7FFE7BDE8F08121
:10657000EC9D0120049D012017DE03085E00010050
:106580000649426889680B689A4205D10089898862
:10659000884201D10120704700207047D8DA0308F3
:1065A00070B50546FEF7E0FD0B4E00240022306872
:1065B0002988036A281D984710B1801C07D103E081
:1065C000FEF75AFE012070BD641C102CEEDBFEF7B6
:1065D00053FE002070BD0000D8DA030870B50446F1
:1065E0002148007A002801D009B1002070BD1F4960
:1065F000D4F822001E4D0968884203D128686060E3
:10660000A8881FE0D4F81E0000BA0028EED094F845
:1066100022100E2204F122000646B2EB111F04D113
:106620000146201DFEF7A6FD0DE000F07BFA0028D4
:10663000E4D101213046FFF7C9FB0028D6D081689C
:106640006160808920814FF4006000BA000C2082D4
:10665000084880680168C4F80A108088E0812046F4
:10666000BDE87040FFF79CBF049D012050DE030889
:1066700017DE0308D8DA030870B51D4614460E4627
:1066800088BB84B37DB30846FEF79CFDA84231D198
:106690001D4D072E2ED2DFE806F0042B161A1E22FF
:1066A00027002078C00725D1184D2168A86801600F
:1066B000A1888180FEF758FD2968A8688969884704
:1066C000FEF7DAFD1DE028682168416019E02868BE
:1066D0002168816015E028682168C16011E02868A0
:1066E000216801610DE005E028682168416108E04A
:1066F000E00701D0032070BD2088FEF74AFD29681D
:106700000880002070BD0000F0DA0308D8DA030822
:106710002DE9F041294C207A00284CD0E078042162
:1067200000EB400001EB4000804600F04BFB0546CB
:106730006078002680B3284600F0FEF8024601216A
:106740002C464FF0000C12E0206806BA6EB10B46E2
:10675000201D08E007683FBA77407F0201D1C0F8EA
:1067600000C0001D5B1C9342F4D3491C241D9142C0
:10677000EAD305EB820405EB080700260AE000BF18
:1067800054F8040D00BA28B1BF1F21463846FEF761
:10679000F1FC761CAC42F3D1FEF7E6FC084831462A
:1067A0000068C26938469047FEF766FD2846BDE896
:1067B000F04100F05BBBBDE8F0810000049D0120CA
:1067C000D8DA0308F8B50188044604295DD3364FAA
:1067D000387C400604D404F1260000F043F9E0BB05
:1067E00094F826000026C8B308284ED194F8270054
:1067F00098BB2088223000F0E5FA80F8266080F807
:10680000276006852288054604F12A012A30121FD6
:10681000D9F7A9FF387C000608D5F97B234850F842
:106820002100008850B12188884207D2218805F1D3
:10683000260000F017F900BA000C2885208828806F
:10684000802000900023012204F11E01284600F060
:1068500087F9284600F00AFB24E016E0FFE7144D14
:106860002878C00712D094F8270070B92846D4F8C9
:106870001E108068814208D1618DA88809BAB0EBEA
:10688000114F02D120881A2801D00020F8BD122211
:10689000084904F12E00D9F73AFF0028F5D1E9693B
:1068A00088472E700120F8BDEC9D0120F0DA030826
:1068B000BC9D01201DDE030838B53C2000F082FAA3
:1068C0000446082084F82600002184F8271021853A
:1068D00017491222888800BA000C6085C8881549BB
:1068E00000BA000CA08504F12E00D9F73CFF104936
:1068F0001A2208310D46802000F0D2F938B91A2149
:1069000004F1260000F0AEF800BA000C20851A2031
:10691000208080200090002301222946204600F09C
:106920001FF90546204600F0A1FA284638BD0000B0
:10693000BC9D01201DDE0308002070470020704729
:10694000704770B50025049C23444619368876BAF2
:1069500033444E19AD1C3688042D76BA3344F4DB2B
:106960000020611E04E01518801C2D886DBA2B4490
:106970008842F8DBA04202D0105C03EB002398B2FF
:1069800000EB134000EB1040C04380B270BD00002C
:1069900070B50446808A218800BA050C05F10E0006
:1069A000814242D3A07C0421B1EB101F3DD1A07FD6
:1069B00000F0F000E02838D2274EF07B20B904F137
:1069C0001E0000F0AFF880BBF07B032825D02349E0
:1069D000D4F8222051F8201049688A421DD020495D
:1069E00009688A4219D000BB04F122000E22017806
:1069F000B2EB111F02D1FFF7A1FF01E000F092F806
:106A000028B1E07E022808D011280ED105E02046EA
:106A1000FFF7B6FD48B1E07EF6E7307CC00706D14F
:106A200004F11200FEF742FD08B1002070BD208B7A
:106A300000BA000C800404D0F07BFEF73DFD002876
:106A4000F4D0A07C0007800E00F10E016180281AAE
:106A50002080012070BD0000EC9D0120F0DA0308C9
:106A600050DE030830B500231A464C1E04E085189A
:106A7000921C2D886DBA2B44A242F8DB8A4202D0C8
:106A8000805C03EB002398B200EB134000EB104056
:106A9000C04380B230BD70477047000010B50D4C48
:106AA0000168226809BA8A4203D02160FEF712FD0C
:106AB000A071A179084829B1012905D0022905D082
:106AC000064810BD006802E0406800E08068001DD4
:106AD00010BD0000DC0C0020F0DA030854DE0308CF
:106AE0000E4900200860888088710D48827C52071A
:106AF0000AD4C27C52070CD4427CD20701D00020B9
:106B00000AE0827CD20701D0012005E0C07CC007EA
:106B100001D0022000E00420C8717047DC0C002086
:106B200090DA0308094900680A68096800BA5268DF
:106B3000896812BA09BA42400A4202D10843401C8D
:106B400001D000207047012070470000F0DA0308F0
:106B5000018B09BA090C890401D0FFF79CBF70476B
:106B60002DE9F0410F4606990446012A05D0022A74
:106B700003D0062A01D0112A72D1002F70D0DFF87D
:106B800018810120002588F80E00022A02D16088B1
:106B9000262826D04520A07420881430208080B27A
:106BA00000BA000C3D4EA082E374B08803BA1B0CFF
:106BB000401CE382B080062A22D000202083A176E8
:106BC000E276A5833846FFF769FF0068C4F81E0027
:106BD0003868C4F82200B079FEF76EFC074665807D
:106BE00050E04620A074942084F82600042084F805
:106BF000270084F8285084F8295020881830CDE7E1
:106C00004FF4804000BA000CD8E739462046FFF721
:106C100043FF051E2CD0B17908EB4100807C800732
:106C200006D405F11200FEF741FC00BA000CA8835F
:106C300028880E302880B179284605291AD2DFE845
:106C400001F003070B1014000021FFF7C7FC0BE055
:106C5000212100F0B7F907E0002100F0C7F903E0B7
:106C60000EE0002100F08AF820B1A5420AD10120EF
:106C7000BDE8F081A54203D000210846FFF70CFFD4
:106C80000020F5E72188608814398842BDDB0021A7
:106C90000846FFF701FFEAE7EC9D0120DC0C00202D
:106CA00070B5124C064615460868226800BA824242
:106CB00004D020600846FEF70DFCA071A07918B141
:106CC000012801D0022808D1094951F8201009886B
:106CD00019B1A94201D2002070BD064901EB400064
:106CE000408A3040F8D0012070BD0000DC0C00204C
:106CF000F0DA0308EC9D01200449002008600448F4
:106D000043F6FF7141830183FFF7EABE7C0C00204C
:106D1000EC9D0120174910B50C68002C28D01648AE
:106D2000012282730322C273028B028260680860B0
:106D3000207AC0B92046FFF72BFEA0B1E07E0128E3
:106D400004D006280BD011280DD103E02046FFF710
:106D500039FD08E00021204601F010F803E0002191
:106D6000204600F007FB2046BDE8104000F07EB84A
:106D700010BD00007C0C0020EC9D012070B5054684
:106D800000880E4640F0804000F01CF8041E15D02C
:106D90000020606026722A8805F1120104F11200B9
:106DA0000E3AD9F7E0FC0649086808B90C6004E01F
:106DB000416809B10846FBE74460012070BD00004E
:106DC0007C0C002070B5064620F040400F3020F0CB
:106DD0000305FEF741FD1C49B00F07D008684A685B
:106DE0002844904202D9FEF73DFD11E0174804689F
:106DF00020686368021BD21AAA420BD204460068BC
:106E00000028F5D1FEF72EFDB00F01D100F030F9CA
:106E1000002070BD180013D018192268026020608D
:106E200000F1080445600868284408600869401CAF
:106E30000861FEF717FD268000206080204670BDA7
:106E400065600834EFE700003C9E012090DA0308FB
:106E5000054901EB80000A684068824201D20120A6
:106E600070470020704700003C9E012070B5040070
:106E70002DD0FEF7F1FC164B0020083C196810E0FD
:106E80000846096849B10A7892070AD0FEF7EAFC79
:106E90000220BDE8704000F0EBB8FEF7E3FC0120F3
:106EA000F7E7A142ECD10B4A4D681468641B1460EB
:106EB0001469641E14611A688A4202D10020486075
:106EC00001E009680160BDE87040FEF7CBBC70BD11
:106ED00090DA03083C9E012070B5154D0020154C3A
:106EE000D5E900211144091F11600860506020603D
:106EF0002061012001F084F8E0606868B0F5803F0F
:106F000006D200EB4000800860606868400805E039
:106F1000A0F5804060606868A0F50040A060A87C93
:106F200010B9E87C002802D060684008A06070BDFD
:106F300090DA03083C9E012070B5002814D001802F
:106F4000A0F108050F31686821F00304A0420BD9B5
:106F5000061BFEF781FC05486C600168891B016017
:106F6000BDE87040FEF77EBC70BD00003C9E012075
:106F7000024800210170418070470000BC9D012043
:106F800010B50D4C2078C0070FD0608828B10B4990
:106F9000097BC90709D0401E06E0607830B1401E69
:106FA000607001F0FFF90920608010BDE1690120E7
:106FB00088470020207010BDBC9D0120EC9D012061
:106FC0000220704700207047022070470449054A9C
:106FD0004868504343F2390210444860704700004B
:106FE000EC9D01206D4EC641022070470020704785
:106FF0000220704710B5094C09490020207009791A
:1070000001B10121A170E070A0802061054800F06D
:1070100059FE002800DA0020607010BDA89D0120F4
:107020002CDB03084598030810B50F4C2078012885
:1070300011D1A0880D4920B1097BC9070BD0401E92
:1070400008E001208873E07830B1401EE07002F063
:1070500041FC1420A08010BD002122690846904701
:10706000BDE8104002F04CBCA89D0120EC9D012021
:10707000704700000148006800F0BEBF9C0C002073
:107080000348012141730168491C016000F008B800
:10709000EC9D01200148006800F0D0BF9C0C00204E
:1070A0000548017BC9064FF0010101D58173704786
:1070B0000248406800F09CBFEC9D01209C0C002021
:1070C00010B5002803DD14490A79824201DA032051
:1070D00010BD00EB400202EB001009686FF04B029C
:1070E00002EB80000C1894F900000B2812D2DFE8A4
:1070F00000F0110A060C060C0C0606060C00012115
:10710000204603F0D3F9002010BD0421204603F0EF
:107110001BF9F4E7042010BD10DB0308002816DD7E
:107120000D490A79824212DB00EB400202EB0010AB
:1071300009686FF04B0202EB8000084401780A29CD
:1071400005D18078C10602D410F0210F01D00020B3
:10715000704701207047000010DB030870B500285D
:1071600003DD264D2979814201DA032070BD00EB51
:10717000400202EB00106FF04B02296802EB800026
:107180000C1894F900000B2836D2DFE800F0352DFA
:107190000E060E2D2D2D2D2D1000206A401C206274
:1071A00024E0204603F082F91EE00121F9E7A078EF
:1071B000C10719D1D4E90812914217D040F001005B
:1071C000A070400702D5501C60620DE011212046DE
:1071D00003F0BAF8208FB4F9361000EBE1006083B9
:1071E0006879A077E08A2083002070BD11212046B5
:1071F00003F0AAF80521D4E7042070BD10DB0308D2
:1072000010B500281BDD0E4B1C79844217DB00EB08
:10721000400404EB00101B686FF04B0404EB80008B
:10722000184490F90030002B09DD437801F0070184
:1072300023F007030B4343708271110AC17110BD23
:1072400010DB030810B5010088B201D540F0804082
:107250004A30FFF7B7FD002802D04A2141804E3066
:1072600010BD0000084900EB400202EB0010096865
:107270006FF0370202EB8000085A4FF4B461884285
:1072800000D908467047000010DB030810B5020063
:1072900003D00F4C0120216806E06FF0020010BD02
:1072A0000B7853B1401C4C3123798342F8DA052026
:1072B000FFF7DEFE6FF0010010BD01230B7000230D
:1072C0004B708B71CB718A64A289CA82487710BDDA
:1072D00010DB0308002803DD08490A79824202DA3C
:1072E0004FF0FF30704700EB4002096802EB0010DE
:1072F0006FF04B0202EB80000856704710DB03086A
:1073000010B5002818DD1A4B1A79824214DB99B1A6
:1073100000EB400404EB00106FF04B041A6804EB20
:107320008000104490F90020012A07D0022A05D0DD
:10733000092A03D0042010BD032010BD427842F07A
:1073400008024270022202700022827081804FF493
:1073500006718182198AC187828602624262026452
:10736000827742648260C2600261104610BD0000F4
:1073700010DB03082DE9F34F418800F1040B01EB0A
:107380000B068146327B6FF0030000EA920081B069
:10739000142850D3B9F8002082424CD30144101A6B
:1073A000A9F802101FFA80F849463046029A02F006
:1073B00065FE040076D0029800283CD1F848007C95
:1073C000C0060BD4B9F8000009F122010090062391
:1073D0003246081FFFF7B5FA00282CD170684FF02D
:1073E000000A05BAB06807BA94F90000801E09289F
:1073F0006FD2DFE800F0E4EFEEEDECEBEAE9050038
:10740000707B41070AD5206CA84270D0291A12D48B
:10741000E18F0844281A0ED51021F1E181074FEAC7
:10742000C0600AD5002806DA206C6D1CA84202D183
:10743000606AB842F0D0BDE8FE8F0028FBDA236A0C
:107440000021F81A17D4606A381A002813DCF08972
:10745000226B00BA000CD21B08D4E26AB2EB050C16
:1074600004D4AA4207D1A28E824204D2A18EA08661
:10747000C4E90B57411A606A83422BD0A06A381ABC
:10748000002810DCB8F1000F0FD1707BC0070CD1C1
:1074900059B9E07FFF2801D2401CE077204602F076
:1074A000C5FE02E026E184F81FA03946204602F01E
:1074B0005BFEA078C0070DD0606AB84204D10521F8
:1074C000204602F0F3FF20E17F1CB84202D10521E3
:1074D0006BE1A8E1A07820F00201A170206CA84225
:1074E00006D06D1CA84297D1E08A208394E71FE163
:1074F00041F01000A070B8F1000F22D0E18F01B36D
:1075000081060BD520F02000A070CDF800A000234C
:10751000A56C607F04F10C020421A847CDF800801F
:10752000B9F80210A56C01EB0B03607F04F10C02AB
:107530000521A847401C3FF47EAF216C01EB0800F9
:107540002064707BC00715D0D4E90801884211D1AE
:10755000CDF800A00023A56C607F04F10C0202218D
:10756000A847206C1121401C2064204602F0ECFE4C
:1075700008211AE1A078B8F1000F20F01000A070E7
:107580001AD06078810708D5E18F414503D9A1EB76
:107590000801E18701E0A4F83EA0C00706D0207FE3
:1075A00020B9E08F10B10320207705E084F81CA0FB
:1075B0001021204602F0C8FEE08A20833BE7707B62
:1075C000410708D50221F0E020E105E1F3E0C7E042
:1075D00098E063E02FE0C10627D4800725D5CDF8D9
:1075E00000A00023A76C607F04F10C021946B84785
:1075F000D8B13146204602F087FDFFF7E7FC206254
:107600006062A062F08900BA000CA086681E6D1C42
:107610002564E0624FF6FF70A087624884F81FA0DF
:10762000A4F836A0C08820875EE049463046029A1A
:1076300002F0F3FEC6E7707B410779D4810712D5CB
:10764000C006BBD5606AB842B8D1204602F01AFF26
:10765000F08900BA000CA086681E6D1C2564E062EB
:10766000606A206235E0C10615D5606AB842A5D1CE
:10767000206CA842A2D1204602F004FF606A20627A
:10768000CDF800A00023A56C607F04F10C0201215D
:10769000A8470A2189E0800790D42BE0707B41073E
:1076A00046D4810726D5C00618D5606AB84285D170
:1076B0003146204602F028FD204602F0E3FE606AD3
:1076C0002062F08900BA000CA086681E6D1C25643B
:1076D000E0621021204602F037FED1E73146204615
:1076E00002F012FD6D1C25641221204602F02CFED2
:1076F00003215AE0029A03B049463046BDE8F04FF4
:1077000002F08BBE707B400712D4707BC1074FEA3A
:10771000C06018D000280CDA606AB84202D0216A32
:10772000B94291D105EB0801491C2164206220E097
:107730006FE005EB0800401C20641021204602F099
:1077400003FE072131E00028BFF638AF606A791CDC
:1077500088423FF433AFB84289D10621206224E049
:10776000707B410755D4C10709D005EB0800401CC8
:1077700020641021204602F0E7FD092115E00107F1
:107780007FF51CAFC006FBD5606AB8428FD105EB10
:10779000080020641421204602F0D6FD25E00000F8
:1077A000EC9D012010DB0308012103B02046BDE859
:1077B000F04F02F07BBE707B41072AD4C10604D58E
:1077C000606AB842ADD12062D7E7C007C1D005EBEF
:1077D0000800401C20641FE6707B410719D4C106D5
:1077E00007D5606AB8429CD1206260780007DBD57B
:1077F000E8E6C007ADD005EB0800401C112120646D
:1078000003B02046BDE8F04F02F09EBD707B4107FB
:10781000DBD5CDF800A00023A56C607F04F10C023D
:107820000321A847E1E7BDE8FE4F0620FFF720BC93
:1078300010B5002803DD0D490A79824201DA0320E0
:1078400010BD00EB400202EB001009686FF04B0224
:1078500002EB8000084490F90010012901DD0420AA
:1078600010BD4C21D9F720F8002010BD10DB030813
:1078700010B5002815DD12490A79824211DB00EBB0
:10788000400303EB00106FF04B030A6803EB80002A
:10789000104402780A2A01D0042010BD42789207D1
:1078A00001D4032010BDC28F0B8A9A4206D0C38731
:1078B0008178C90602D4102102F046FD002010BDD7
:1078C00010DB03082DE9F0411646A1F14E0511B178
:1078D00069884A2902D00320BDE8F08100283FDDF5
:1078E0002F4F397981423BDB00EB400202EB001065
:1078F0006FF04B02396802EB80000C1820780A28E0
:1079000002D1A078C10701D004242AE0C10601D425
:10791000800601D5012424E0A08AB04220D3FEB124
:1079200006F14A012846FFF707FBA07840F0200047
:10793000A07041071AD420F0020040F08000A0702F
:1079400032462946204602F03AFD208FB4F936101F
:1079500000EBE10060837879A077E08A208308E07B
:1079600003242846FFF782FA2046B5E7606A3044D0
:107970006062002068600B49AE81E8810968A960F7
:10798000A178490700D5A860606C10B9656404E06F
:10799000084641680029FBD1456000209CE70000B3
:1079A00010DB0308EC9D012003484C22017900689C
:1079B0005143D8F779BF000010DB03082DE9F843E5
:1079C000DFF8A882AA4D98F80C00C00713D0002158
:1079D000434628680CE0428B0AB1521E42831A7B50
:1079E000920703D5028B0AB1521E02834C30491C08
:1079F0002A798A42EFDC0027DFF878923E4616E1CA
:107A000099F800104846491CC9B289F800102A7933
:107A1000914201D90121017099F80020296802EBF7
:107A2000420000EB02106FF04B0202EB80000C18DA
:107A300094F900000B287DD2DFE800F0F8F8F8C6D2
:107A4000B9E0F0E0E0D40600A078C00708D0D4E99F
:107A50000801884204D11121204602F075FC44E05F
:107A6000207F40B198F80C10C90704D0401E10F0D8
:107A7000FF00207707D0208B38B1A07841074BD585
:107A80000021606C38E01021C3E0607840071CD50D
:107A9000A078800706D4A07840F04200A0706879F2
:107AA000A0770AE0608B002844D1A07F40B1401E3F
:107AB000A077A07840F04000A070E8886083E2E7FB
:107AC000A07840F01000A070B9E01121204602F02B
:107AD0003BFCA078002340F01000A0700096A56C3D
:107AE000607F04F10C020221A8470521B9E0C28998
:107AF00022B18289406811440028F8D1608FA28E9B
:107B0000904200D31046A28A1144814229D82046CF
:107B1000BDE8F84302F0CEBB800622D5D4E90801C7
:107B20000A1A608FA18E884200D30846A18A1144A8
:107B3000814200E055E014D80120FFF789F980B1B7
:107B4000A078002340F01000A0700096D4F848C040
:107B5000607F04F10C020421E047A07820F030009F
:107B6000A070D4E90801884260D0608BC8BBA07FB8
:107B7000C8B1401EA077608FA18A88420AD9A28E20
:107B8000824200D210464008B0EB410F00D84800B6
:107B9000A0876187E677A07820F00800A0702046D3
:107BA00002F07AFBB3E7204602F069FB88E7608BBE
:107BB000B8B9206A6062A07FF0B3401EA077288920
:107BC0006083A687022124E0608B50B9206A60623E
:107BD000A07F88B3401EA077E8886083A687122123
:107BE00017E023E0608B08BB6078000701D5022115
:107BF00000E00121204602F059FC17E0608BA8B993
:107C0000206A6062A07FB8B1401EA077E8886083D8
:107C100011212046BDE8F84302F096BB608B28B9DD
:107C2000A07F48B1401EA077E88860837F1C287938
:107C3000B8423FF6E5AE00E001E0BDE8F88304217C
:107C4000204602F081FB00960023A56C607F04F1C2
:107C50000C020321A8476078000701D5022100E04B
:107C600001212046BDE8F84302F020BCEC9D012034
:107C700010DB03088E0C0020002803DD08490A7978
:107C8000824201DA03207047096800EB40006FF080
:107C90000B0202EB800008440121017000207047B4
:107CA00008DB030810B5010088B201D540F0804020
:107CB0003E30FFF787F8002802D03E214180423055
:107CC00010BD000010B5030003D0104A0120116858
:107CD00006E06FF0020010BD0C7854B1401C0C316E
:107CE00014798442F8DA0420FFF7C2F96FF001003A
:107CF00010BD01220A7003244C7000244C800C71CA
:107D00008A714C71CA718B6010BD000008DB0308DA
:107D100070B50C46002815DD16490A79824211DB40
:107D2000096800EB40006FF00B0202EB80000D18B9
:107D30002878012801D0042070BD2CB1204602F023
:107D4000BBFD88B1032070BD0B4C4FF4404620882A
:107D5000401C80B22080B04200D22680208802F0F1
:107D6000ABFD0028F3D124886C800220287000200D
:107D700070BD000008DB0308840C00202DE9F843E7
:107D8000884604464188001D0E180822B18808BAAA
:107D9000B2EB104F45D8244A012015683EE02B78FD
:107DA000022B39D177886B883FBAB3EB174F33D1A9
:107DB00010F0FF0735D06878800714D5F08890B1AF
:107DC000B8F1000F2DD11948007C40070BD408BA38
:107DD000000C04F12201009011233246081FFEF727
:107DE000B0FD00281DD1308800BA010C1048B8F150
:107DF000000F418015D100210180D4F81E10416090
:107E00002388AC68014601B006F108023846A44652
:107E1000BDE8F043083B6047401C0C3513798342B2
:107E2000BDDABDE8F883000008DB0308EC9D012003
:107E3000860C0020002803DD0C490A79824201DA11
:107E400003207047096800EB40006FF00B0202EB63
:107E5000800008440178012901D9042070470021DD
:107E600001604160816008467047000008DB03083C
:107E70002DE9F84398460D46A2F1420412B16188FB
:107E80003E2902D00320BDE8F883002803DD4449E1
:107E90000A79824203DA2046FEF7E8FFF2E7096832
:107EA00000EB40006FF00B0202EB80000E1828463A
:107EB000FDF7DDFE70BB688860B33078022801D022
:107EC000042528E0B8F1000F24D0298840F60E00E0
:107ED00009B140F2AC50804500D98046708804F169
:107EE0003A0700BA000C6087688800BA000CA087C7
:107EF00008F1080001BA090CE1870021F98020800F
:107F00002846FDF7ADFE80467078C00723D028884C
:107F100068B120E003257078410703D520F0040004
:107F2000707002E02046FEF7A1FF2846ABE72288EA
:107F3000291D0820FEF7B4FE68B92088009011239F
:107F40003A46291D4046FEF7FCFC08B94FF6FF7083
:107F500000BA000CF8802888002788B92979802089
:107F60000E22B2EB111F00D1B0792188A1820090BE
:107F700033791122291D04F11400FEF7F1FD00B937
:107F800002277078410705D520F0040070703E206C
:107F9000608002E02046FEF769FF384673E7000084
:107FA00008DB030803480179006801EB41018900FF
:107FB000D8F77ABC08DB030810B50C4608B10020DE
:107FC00010BD0121054800F0C9F8206003480021D8
:107FD000BDE81040001D00F013B900007CDA030872
:107FE0004FF0FF3100F0DCB800F0CEB800F0E4B89C
:107FF00000F0EEB800F0F8B84FF0FF3100F0A2B892
:1080000008B1034801E00248001F00F079B8000001
:1080100060DA03080021014800F0F2B86CDA0308C6
:1080200000F010B900F03EB900220121014800F033
:108030004BB9000064DA030800F05CB900F076B8D0
:10804000EFF3058109B182207047DFF808C000DF37
:1080500070470000359B0308EFF3058008B18220CC
:108060007047EFF31480C00703D0DFF80CC000DFC7
:10807000704701F069BD0000499B030888B0EFF329
:10808000058010B1822008B07047EFF3148010F023
:108090000301134806D001291BD0022911D003295E
:1080A00019D113E008A981F309880078C0070BD023
:1080B0005FF0020080F31488BFF34F8FBFF36F8F20
:1080C00009E00078C00706D10320F3E70078C00775
:1080D00001D0FF20D7E7DFF80CC000DFD3E70000B6
:1080E000F4D80308B99B0308EFF305820AB1FDF742
:1080F00047BADFF808C000DF70470000259C03087E
:10810000EFF3058109B100207047EFF31481C9072F
:1081100002D10449497819B1DFF80CC000DF70477B
:1081200001F09DBD680C00205F9C0308EFF3058102
:1081300009B182207047DFF808C000DF70470000F7
:108140007B9C0308EFF305820AB182207047DFF8B9
:1081500008C000DF704700009D9C0308EFF3058214
:108160000AB100207047EFF31482D20702D1044A0B
:1081700052781AB1DFF80CC000DF704701F0ABBDD8
:10818000680C0020D79C0308EFF3058109B1FDF7C7
:1081900022BADFF808C000DF70470000FB9C03082C
:1081A000EFF3058212B14FF0FF307047DFF804C0E3
:1081B00000DF7047239D0308EFF3058212B14FF0F3
:1081C00000407047DFF804C000DF7047559D03088A
:1081D000EFF305820AB1FDF712BADFF808C000DF3D
:1081E00070470000799D0308EFF305830BB18220EF
:1081F0007047DFF808C000DF704700009D9D03084E
:10820000EFF305820AB100207047EFF31482D20722
:1082100002D1044A52781AB1DFF80CC000DF70476F
:1082200001F0E6BD680C0020F19D0308DFF80CC0EA
:1082300000DFDFF80CC000DFFEE700005D9E0308F2
:10824000B99E0308EFF3058008B100207047DFF8FE
:1082500008C000DF704700005D9E0308EFF3058152
:1082600009B184207047DFF808C000DF70470000C4
:10827000799E0308EFF305820AB182207047DFF888
:1082800008C000DF704700008B9E0308EFF30581F4
:1082900009B182207047DFF808C000DF7047000096
:1082A000B99E0308EFF3058008B182207047DFF81C
:1082B00008C000DF70470000F19E0308DFF804C02B
:1082C00000DF7047FB9E0308EFF305830BB100202E
:1082D0007047EFF31483DB0702D1044B5B781BB1CB
:1082E000DFF80CC000DF704701F014BE680C0020FE
:1082F000159F0308EFF305820AB182207047DFF86B
:1083000008C000DF704700004D9F0308EFF30581B0
:1083100009B182207047DFF808C000DF7047000015
:10832000B19F0308094C4FF0FF3529462068FFF73D
:10833000DBFE02460846102AF7D1FFF7BFFF0028F0
:10834000F3D0024608469047EFE70000640B002098
:10835000012806D0022805D0032804D0042804D11F
:1083600002E003E002E001E000E000BF00BF00BF68
:10837000FEE700BFFEE70000074801684FF0E0207D
:10838000416100218161072101610448016841F0D8
:108390007F41016040177047F0D8030820ED00E0EE
:1083A000704700000248C188491CC180FEF784BAAA
:1083B000BC9D012010B9B7EE000A7047002808DA0A
:1083C000414208B2411E064A02EB810191ED000ACA
:1083D000F3E7044901EB800191ED000AEDE70000AD
:1083E00088B703089CB7030800220A60826A12B9A2
:1083F00081627047024610680028FBD11160704707
:1084000010B50146806A00228A6203E00468FEF724
:108410002DFD20460028F9D110BD1CB50024009484
:10842000019400F001F81CBD2DE9F05F99469046DB
:108430008A460446DDF82CB0FEF71CFE6FF00105FD
:10844000002C4DDD57480179A14249DBBAF1000FFC
:1084500002D0B8F1000F02DC6FF002049CE004EBE4
:108460004401006801EBC4016FF02B0202EB8101B3
:108470004418D6102078072832D2DFE800F0310700
:108480000D048C108C00A06A48B984E0A06A38B34F
:10849000E078012803D023E0E078022820D1206A88
:1084A00010B16FF0060477E0A06A00BB5FEAC97004
:1084B00002D1A078C00702D06FF003046CE0E08A1C
:1084C00020831A212046FCF7D2FC0021218381075A
:1084D00061D4C10602D56FF007045DE0810601D5C5
:1084E0002C4659E0000702D44FF0FF3454E0E07806
:1084F000A56A02281ED00026A888E988471AA8EB9A
:108500000600B84200D2074605F1080001440AEB14
:1085100006003A46D8F727F9E8883E44C119A888EA
:10852000814222D25FEA897035D4E8883844E880F5
:10853000A56230E0AE884046464500D90646E88848
:1085400005F10807C11932465046D8F70CF93A46EA
:1085500059460A98FCF77AF95FEA89701BD42868B3
:10856000A0622846FEF782FC15E02F685FEA89705A
:1085700002D42846FEF77AFC3D0001D04645BBD127
:108580005FEA897007D4A5622DB9A078800602D56C
:108590006078FFF76DF93446FEF77CFD2046BDE8B4
:1085A000F09F000024DB030850E8001F31B10B6886
:1085B00040E80032002AF7D108467047BFF32F8FFA
:1085C000FAE710B568B161B10B3121F0030201681F
:1085D00044680B1A1B1B934205D208460968002900
:1085E000F5D1002010BD210007D021180368C1E992
:1085F0000032016001F1080010BD4260083010BD7A
:1086000070B50D46002812D04FF6FF71084C884215
:1086100004D222680146104600F016FC206845701E
:10862000044800F037F9BDE8704000F01BBD70BD94
:10863000700C00200C9E01200F4810B50D494268B7
:108640000E480B680068934204D00A60CB88421E33
:108650001A448A808A8880B282420AD10020086047
:10866000054800F017F90146BDE81040024800F047
:108670000FBC10BDD00C00200C9E0120CC0C0020A3
:1086800070B5194DE86800282CD0A88A401EA88231
:10869000002621E0A06838B161684160606810B1CF
:1086A000A16881606660A6600F482146183800F016
:1086B000EFFBA08AA8826078042804D10B49E08AE5
:1086C00009880844A08201206070E068E860E068E2
:1086D00008B10561E6602661A88A002802D1EC682D
:1086E000002CD7D170BD0000249E0120CC0C0020AE
:1086F00070B504000FD00D4DA1780126286882784E
:1087000091420CD900F0E0FB286846702046BDE895
:10871000704000F0A7BC064800F0BCF8F7E76670B0
:108720002146BDE87040024800F0B2BB700C00204A
:108730000C9E01200321FFF763BF0000054A02EBF6
:10874000810151F8041C002902D00A8B82430A835C
:10875000704700002437012010B50446008B084301
:1087600020836278618B062A18D0052A19D1084225
:1087700017D001EA0002628388432083204600F07C
:10878000DDFB01206070628B0821204600F0CEFBEB
:108790002146BDE81040034800F07ABB31EA0002F0
:1087A000EAD010BD0C9E01200246154810B500EB22
:1087B000810050F8044C002C21D0208B10432083E2
:1087C0006278618B062A17D0052A18D1084216D084
:1087D00001EA0002628388432083204600F0AEFB5A
:1087E00001206070628B0821204600F09FFB20462C
:1087F000BDE81040FFF77CBF31EA0002EBD010BDAE
:108800002437012070B503460C480D460468208BC0
:1088100042B133EA000101D0062109E098432083E8
:10882000022070BD10EA030101D06183F6E7052143
:1088300063832846FFF7E4FE012070BD700C002022
:10884000814202D342688A4201D8012070470268FF
:108850000A60BFF35F8F50E8003F0A689A42F6D182
:1088600040E80012002AF2D10020704768B161B1DF
:108870000022083902E00246006830B18842FAD18D
:108880002AB1006810600020704701207047002165
:108890004160F8E70146406842684A600B78002270
:1088A000022B05D0012B03D0032B01D0426070476F
:1088B00043680BB199604260826070470649074B7C
:1088C00048681B6882789B789A4202D142684A6065
:1088D00070470020704700000C9E0120700C0020A3
:1088E000810700D00020704770B50446002015466F
:1088F000207001226270A17084F824106060A06072
:10890000E06020612062A082E0822083608384F89E
:108910002500E08C18B90548FFF746FEE0622946BD
:108920002046BDE8704000F01DB8000098F6002019
:1089300008B1082901D2012070470144091F002213
:1089400001600A6042601046704700000348002141
:10895000016003490988C18070470000D00C0020E5
:10896000E4D8030870B5C28C1C4D930802D12A8844
:10897000C2F38D03C26A02EB8302540700D5121FB3
:108980004FF0807442E9021400242646B2F14002FE
:1089900042F82460641C0E2CFAD3C469146282620B
:1089A00001632968C90014D5112B12D94FF0FF318A
:1089B000103B11EB53014FF0CC3305D042F8043C8F
:1089C00042F8083D491EF9D1C16A121F8A4200D9F6
:1089D0001360C06A0249016070BD0000E0D803085E
:1089E000A52E5AE2C1898089081A704701220270B7
:1089F000002242708270426002814281103982817D
:108A00008908C181704700002DE9F04104464068A3
:108A10000E464FF0000804F10C05E8B3607801271A
:108A200001283ED0022813D003285CD10846FFF766
:108A3000BBFD050057D02046FFF72CFF0446294612
:108A400000F06EFA6770204600F078FA214621E0C7
:108A50002046FFF71FFF0646002100F061FA21893A
:108A6000F06904EB81010861D5E85F0F401C81B219
:108A7000C5E8501F0028F7D12089401C80B2208112
:108A8000E189884201D1A4F808807770304600F06F
:108A900055FA3146174800E00CE0BDE8F04100F01F
:108AA000F7B92046FFF7F6FE04463246102100F0E3
:108AB0003DFAC7E7A089E189884216D2208904EBF4
:108AC00080000661D5E85F0F401C81B2C5E8501FE9
:108AD0000028F7D12089401C80B22081E18988429A
:108AE00001D1A4F80880BDE8F081BDE8F041032081
:108AF000FFF72EBC0C9E012070B5044680891546F8
:108B00000026C0B3608904EB8000006908606089BA
:108B1000401C80B26081E189884200D16681606832
:108B200010B1607802280BD014F10C04D4E85F0F68
:108B3000401E81B2C4E8501F0028F7D1002070BD4C
:108B40002046FFF7A7FE0546002100F0E9F921893C
:108B5000E86904EB810108612089401C80B2208112
:108B6000E189884200D12681284600F0E7F92846AD
:108B7000FFF7BEFDE2E7FFE73DB10B486268016821
:108B80002AB1204600F084F908E0012070BD616040
:108B900001684E60006884600120607008212846EA
:108BA000FFF72EFDF1E70000700C0020002814D024
:108BB000411C13D00C4A4FF6FE7190420CD800EBCA
:108BC0004002C2EBC0120948036803EBC202521E06
:108BD000B2FBF3F0884204D9084670474FF6FF70A5
:108BE000704780B27047000000093D0000D90308BB
:108BF000032101700021418041608160C1607047A4
:108C00002DE9F0410446408820B1314DA1682A6821
:108C1000914202D0FF20BDE8F081401E0004000C0C
:108C2000608053D12968086AA04209D1E0680862CF
:108C300008E0C268A24202D1E268C26002E01046C7
:108C40000028F6D191F824000A6A06E053681BB1A7
:108C50009B78834200D91846D268002AF6D18870E2
:108C6000DFF870806168012611B32046FFF712FE1D
:108C70000746002100F054F9384600F05FF966809D
:108C8000A760386AE0603C622968D8F804008A78F6
:108C90008078824201D3384616E00E4800F0F8F89A
:108CA00039460C4800F0F4F8286846707E700AE0F7
:108CB000D8F804108A782968824207D9054800F05C
:108CC000E7F8286846700020FFF712FD0020A2E7B1
:108CD000700C00200C9E012070B51C4D0E46044601
:108CE0004188286861B1A268824210D1A1F57F4015
:108CF000FF3803D0491C6180002070BDFF2070BD8B
:108D0000A060016AE160046201206080F4E776B14E
:108D100091788078814203D29070A06800F0DEF8EC
:108D2000606830B12046296800F0B2F808E0012000
:108D300070BD2868606029680020486028688460E9
:108D400009213046FFF75CFCF1E70000700C0020C1
:108D500070B51B48012102685170006800F0B4F83A
:108D6000184D6C7818E000BF05EBC4014868027824
:108D7000EAB1012A20D000F013F9E878641C84429B
:108D800000D100240F48801CD0E84F1F491EC9B2F3
:108D9000C0E8421F002AF7D1A8780028E4D16C70FF
:108DA0000948FFF777FDBDE8704000F05BB909891D
:108DB00089B2FFF7D1FCE0E78968FFF725FEDCE721
:108DC000700C0020A03601200C9E0120054801787F
:108DD00011B101214170704703494FF08050086084
:108DE00070470000C40C002004ED00E0F0B4154D05
:108DF000AB1CEE784FEA0507D3E84F2FB24202D101
:108E0000BFF32F8F11E0521CD4B2C3E8424F002AA7
:108E1000F2D100BFD7E84F2F541CB44200D1002438
:108E2000E4B2C7E8434F002BF4D1EB78934205D965
:108E300005EBC202C2E90101F0BC7047F0BC0220A0
:108E4000FFF786BAA0360120104A10B5D368ABB13F
:108E500013469B8A03E08CB12246A48A2344D4683B
:108E60008B42F8D3C460D0600261C46804B1206151
:108E7000591A8182908A401A908210BD0024C460E1
:108E8000D060C91A02619182848210BD249E0120A3
:108E900030B502780023022A03D0012A01D0032A28
:108EA00000D101238C7800E01046426812B1957819
:108EB000A542F9D24A6041601BB102B1916088605D
:108EC00030BD0020FBE7000003494A6842600022F1
:108ED00082604860704700000C9E012010B58368D6
:108EE00004462BB9607801280ED1084B03E09B683B
:108EF00018780028FBD0204600F034F82146BDE861
:108F000010401846FFF7C4BF10BD00000C9E0120A2
:108F100090F82510806A09B16030704720307047A2
:108F200010B50C46FFF7F4FF046010BD70B5154690
:108F30000C46FFF7EDFFC0E9004570BD10B50169B3
:108F400000290ED0C268CA60C36800223BB18B8A78
:108F5000848A23448B82C3681961C26000E08A82DC
:108F6000026110BD816839B142684A6041680029D8
:108F700001D0806888607047054906E04A688242EF
:108F800002D140684860704711460029F6D1704709
:108F90000C9E012002220270002242604180704734
:108FA00010B5416881B1FFF775FC0446FFF7C6FFB5
:108FB0000120607001462046FFF7B2FF2146BDE860
:108FC00010400348FFF764BF4188491C418010BD31
:108FD0000C9E012010B5416861B1FFF75BFC0446AF
:108FE0000121FFF79DFF2046FFF7A8FF2046FFF76E
:108FF0007FFB02E04188491C4180002010BD000039
:1090000010B50C46418819B1491E4180002010BDA1
:1090100034B10A4A4368116823B1FFF739FF07E00A
:10902000012010BD416013680021596011688860FB
:1090300007212046FFF7E4FAF2E70000700C002059
:1090400006480068D0E90A10814203D30068044949
:10905000884202D00120FFF77BB97047700C0020D6
:10906000A52E5AE20749022248604270064A127849
:10907000002A05D006C98A4202D0C078FCF70AB897
:1090800070470000700C0020D80C002070B5FBF772
:10909000D9FF00200446204A204902E042F820403F
:1090A000401C0B889842F9D31D48342201881D4882
:1090B000FBF71CFB1C48008880B240F000421B48B4
:1090C00001681B48FBF712FB1A48082201881A485E
:1090D0000068FBF70BFB194DFF20194AE870EC8480
:1090E00000212846FFF700FC164804210170446067
:1090F00015480170C46004618482144815490560F4
:10910000022068701248047044700978C170BDE88C
:109110007040FFF71BBC000024370120DCD8030897
:1091200008D9030848F20020E0D803080CD9030846
:1091300098F6002030D903086C0B0020D09C012049
:10914000738303080C9E0120249E0120700C0020D4
:10915000A036012014D903081B4810B5016841F45A
:109160007F01016000684FF07F4101EA002016494D
:10917000C0431439B0FA80F00968C0F10800C1F3A7
:109180000221814200D3481C0F49091F0B686FF070
:109190008072824063F317020A60FFF7EDF80B4913
:1091A000002808600EDB00F1E021FF2281F8002496
:1091B00000F01F02012191404009800000F1E020F1
:1091C000C0F8001110BD000020ED00E0C80C002028
:1091D0000C4810B50268012151700068FFF774FE59
:1091E000FFF72AFA08480168491C0160FFF748FAAE
:1091F00000F0F0FE0548FFF74DFBBDE81040FFF71B
:1092000031BF0000700C0020CC0C00200C9E01200F
:10921000002805D0810702D10178002900D0002064
:109220007047000030B50B4C0023626805E095687C
:109230008D4204D813461268491B002AF7D10260F8
:10924000816012B19568691A91600BB1186030BDE8
:10925000606030BD680C00200D4B0022596803E0AF
:10926000814204D00A4609680029F9D104E019B105
:10927000016822B1116003E04FF0FF307047596080
:10928000016819B18A6880681044886000207047BE
:10929000680C00202DE9F0411E46174680460D4619
:1092A00011F0FF0F00D14D1C1848FFF77DF9041E87
:1092B00016D0280AE762E084E9B242462046E66119
:1092C000FFF712FB01251248124905E000EB850269
:1092D00052F8042C32B16D1C0A889542F6D9002050
:1092E000BDE8F081002DFAD000EB850040F8044C79
:1092F0000948E570007818B101212046FBF7BAFE55
:109300002046FFF7F5F92846EAE7000048F200207A
:1093100024370120DCD80308D80C00202DE9F05FA9
:10932000584DDFF85891DFF8588129684FF0010A4D
:10933000002618B1CA78AB46824243D14E70D6F7A8
:10934000B4FF29688862FFF77BFE2868046A1FE083
:109350006068C0B12046FFF79DFA07460021FFF77D
:10936000DFFD3846FFF7EAFD87F801A03946464899
:10937000FFF78EFDE168A4F802A0A760386AE060FC
:109380003C620C4604E0E0686680A660E660044645
:10939000002CDDD12868C27808EB820141F8046C0A
:1093A000C16A3A48FFF74CFA2868C66299F800107B
:1093B00011B10021FBF75EFE35482968FFF740FA3E
:1093C0002E6056E03349098888420CD808EB8008A3
:1093D00058F8045C3DB12846FFF7C4FD2846FFF766
:1093E000ADFD2C6A22E0FF20BDE8F09F6068C0B1AF
:1093F0002046FFF74FFA07460021FFF791FD384658
:10940000FFF79CFD87F801A039461F48FFF740FD94
:10941000E168A4F802A0A760386AE0603C620C46EC
:1094200004E0E0686680A660E6600446002CDDD1BA
:1094300048F8046C1548E96AFFF702FAEE6299F8F9
:10944000000018B100212846FBF714FE29461048F9
:10945000FFF7F6F90C48DBF8001040688B7882784B
:109460009A4209D981F801A00748DBF80010FFF7FC
:109470000FFD0020FFF73CF90020B5E7D80C0020D5
:1094800024370120700C00200C9E012098F600204B
:1094900048F20020DCD8030870B5FFF70FFA04008B
:1094A0000CD0074D07482968FFF7F2FC2968012016
:1094B00048702046BDE87040FFF7D4BD70BD000085
:1094C000700C00200C9E012070B51A4D80B11A4A14
:1094D000128890421FD8194A02EB800050F8044CC1
:1094E000CCB1A17084F824102868A04205D014E003
:1094F00028688170286880F82410114840688078B6
:10950000884215D90E482968FFF7C2FC2968012056
:10951000487000200AE0FF2070BD2046FFF7DEFC07
:109520006078012804D10648FFF7B4F9FFF7E0F8A6
:10953000002070BD700C0020DCD803082437012007
:109540000C9E012002480068002800D0C0787047B7
:10955000700C002033B58BB00C460BA8D7F7CCF9B4
:1095600005462C2229466846D7F742F900986071D3
:10957000019820710298E0700398A0700498401C34
:1095800060700598643820700DB030BD1CB50024A3
:109590000094019400F002F81CBD00002DE9FF4F7B
:1095A00083B01646DDE910878A460446FDF762FD62
:1095B0006FF00109002C68DD5E480179A14264DB8F
:1095C0006FF00205BAF1000F22D0002E20DD0268F4
:1095D00004EB440000EBC4016FF02B0000EB8100B2
:1095E00014182078002850D0616A09B12C1F9BE024
:1095F000E1784FF0FF3B01290CD0B8F1000045D0D5
:109600003946FBF7B0FF18B14046FBF7A3FFD8B3CC
:109610002C4689E06FF00507052814D1002530E0BD
:109620006078FDF77BFDA0B90698C00702D1A0784D
:10963000C00702D0002DEBD160E046212046FBF7A9
:1096400016FC810701D53C466EE0810664D44007D4
:109650004FD56078FDF706FE8046711B414500D26C
:1096600088464046FDF7EEFD0AEB050142460090B4
:10967000D7F779F8607842460099FEF723F970BB76
:109680004544B542CCD34EE000E045E02046FBF730
:10969000E3FB00200746009043E000BF40F60E05C4
:1096A000B8F1000006D001462348FBF7E4F8224851
:1096B000008800E0A08808B140F2AC55B54200D95E
:1096C00035462846FEF7EEFA0AEB07012A460190D6
:1096D000D7F749F8B8F1000F02D0174901E008E0C8
:1096E000211D60782B46019AFEF7C2FBB0B10098AD
:1096F00008B15C4618E0A078C00702D06FF0030400
:1097000012E00220208350212046FBF7B0FB00210D
:1097100021830D46800601D54C4605E001202F44EB
:109720000090B742BAD33446FDF7B4FC07B02046E8
:10973000BDE8F08F24DB0308920C002031B56846A9
:10974000D7F7DAF804466069642803DD6069A0F1A0
:10975000640500E000250A49CD70207C401C48705B
:10976000207B88700020E9F75FFF207A05490870A8
:1097700020794870207888700020E9F7B9FF38BD5B
:10978000B4000020B000002013B5BDF8060000F0C2
:109790007F001349C870BDF80400C0F3032048706F
:1097A000BDF8040000F01F0088700020E9F73CFFBE
:1097B000BDF80200C0F304200A490870BDF8020099
:1097C00000F03F004870BDF800004FF47A7190FB44
:1097D000F1F0044988700020E9F78AFF1CBD000001
:1097E000B4000020B000002010B5044620780A49DB
:1097F000C87060784870A07888700020E9F714FF7E
:10980000E0780649087020794870607988700020F7
:10981000E9F76EFF10BD0000B4000020B00000208A
:1098200082780021130700D50121D30601D541F02C
:109830000401920601D541F00201828B4078FDF7C8
:10984000DFBC000070B5214C15460A4661788142A4
:1098500026D1108820BB50887B2821D1302B1FD3E4
:109860002078012802D002281AD10BE0A11D104651
:10987000FCF7DDF9002814D0287800F00700042850
:109880000ED10FE0A078800705D5A11D1046FCF78A
:10989000CEF9002805D0287800F00700052801D06F
:1098A000002070BDA86A0A4900BA884202D949421C
:1098B000084400E00020E96A226909BA904720784C
:1098C000022801D000F01CF8012070BDA89D0120E5
:1098D000807EAA8310B53020FEF7E4F904463021DB
:1098E000D6F7C0FF05491B20207048782246302358
:1098F000BDE81040891DFEF7BBBA0000A89D0120FD
:1099000010B5044C6078FEF7B7F900202070A080F5
:10991000E07010BDA89D01202DE9F04114460E46CF
:109920000546FDF7A7FB012D01D0032D0AD1012E1D
:1099300005D0022E06D144B1022C03D105E024B19A
:10994000012C02D06FF002050CE0184F01253C6895
:1099500003E0207858B12C346D1C3879A842F8DA2D
:109960004FF0FF35FDF796FB2846BDE8F08100205B
:10997000022E02D0012E04D009E00D48FEF7A2F914
:1099800002E00C48FDF782FC002800DA002010F00D
:10999000FF006070E4D0E670002020776077F888E0
:1099A000E08201202070A577DCE7000024DB0308BB
:1099B0002D4D0308494C0308F0B50646B0EE403A79
:1099C0000022AFE0B7EE005A73EE055A05EE102AFA
:1099D000B8EEC55A65EE852ABDEEE25A15EE107A4C
:1099E00039B205EE101AB8EEC55A32EEC50A771A2A
:1099F00039B2002902DA01F5C06739B24F1E3BB215
:109A0000002B02DA03F5C0673BB25F1E3CB2002CAC
:109A100002DA04F5C0673CB2671E3DB2002D02DADF
:109A200005F5C0673DB2002078E000EB4007DFF8A5
:109A3000FCC00CEBC72757F8217005EE107AF8EE42
:109A4000C50A00EB40070CEBC72757F8237005EE5B
:109A5000107AB8EEC51A00EB40070CEBC72757F891
:109A6000247005EE107AF8EEC51A00EB40070CEBF7
:109A7000C72757F8257005EE107AB8EEC52AB0EE64
:109A8000005A22EE055AF2EE025A05EEE15AF3EEC2
:109A9000025A05EE815AF2EE065A05EEE05AF1EE50
:109AA000085AC5EE253AF1EE005AB0EE425A05EEDC
:109AB000E15AF1EE045A05EE815AF0EE005A15EE25
:109AC000A05AF0EE005A85EE254AF0EE085AB0EEA4
:109AD000425A05EEE15AF0EE085A05EE815A35EE8B
:109AE000605AF1EE085AC5EE254AB0EE605A03EE10
:109AF000805A64EE005A05EE805A64EE805A65EE94
:109B0000805A05EE805A0A4F07EB8027C2F1FF0CFE
:109B100007EB8C0787ED005A471C38B2062884DB18
:109B2000571C3AB2FF2A7FF74DAFF0BD0823002043
:109B300008B3002010B5002804D0FFF737F8FEF76F
:109B4000F9FD402010BD000010B5134C207860B91D
:109B50001248400705D1124801681048FEF7E8FE98
:109B600008B1852010BDFFF791FA0E49FF20096862
:109B70008870207858B900210B4800F041F80B4953
:109B8000086000210A4800F033F90A490860012002
:109B900020700020607010BD680C002038F8002094
:109BA00010D90308700C002028D90308640B00208A
:109BB00018D90308600B002070B50F4D687808B104
:109BC000002070BD0D4C206890F824100020FFF795
:109BD0007BFC2068C178FF2903D1816A203181F3A1
:109BE0000988616811B9606000202060FFF7B4FA4D
:109BF00001206870E4E70000680C0020700C002071
:109C000010B5040005D0216819B1606808B1027868
:109C10000AB1002010BD8900103189B2FEF7E6FEBE
:109C2000606810BD3EB504000D464FF0800012D0B4
:109C3000217801290FD12846FEF7B8FF02462046B9
:109C400001A9FEF759FF012801D0102003E00DB152
:109C5000402000E00020DDE9011203B030BD10B566
:109C6000002804D004680CB1207808B1002010BD91
:109C70002046FEF7BDFF204610BD10B5FEF730FEB2
:109C800010B10178032901D0802010BDFEF7B8FF84
:109C9000FF2801D0002010BD812010BD70B50D46F9
:109CA000FEF71EFE040002D02078032801D0802099
:109CB00070BD2846FEF77AFF01462046FFF70CF8F4
:109CC000012803D0FF2804D0002070BD0DB1C120B1
:109CD00070BD812070BD10B5002807D0046824B184
:109CE000207810B9B1F5803F01DB002010BD89B2AA
:109CF0002046FFF74FF9204610BD10B5FEF7F0FDE6
:109D000010B10178022901D0802010BD4188A1F551
:109D10007F42FF3A03D0FFF75DF9002010BD81209C
:109D200010BD70B50D46FEF7DBFD04004FF0FF30AF
:109D30000DD0217802290AD12846FEF737FF0146C7
:109D40002046FFF75DF9012802D06088401C70BDF5
:109D5000002070BD70B50C46FFF75AFA4FF0004175
:109D600008B1220C01D0084670BD058BC178A0B2A5
:109D7000FEF7E4FC284670BD70B50C46FFF748FAC4
:109D80004FF0004108B1220C01D0084670BD058B90
:109D9000C178A0B2FEF708FD284670BD70B5044634
:109DA0000D46000C01D086201EE008462CB1FEF7BF
:109DB000FDFE0146A0B2012205E0FEF7F7FE0146D6
:109DC00000224FF6FF70FEF71DFD022802D04DB1B4
:109DD000402008E008200CB1214605E0034909684D
:109DE000498B01E000200021324670BD700C00203C
:109DF00070B50E46040029D0206838B3606810F1B1
:109E0000030F23DB032821DCE16829B11048FEF7AA
:109E1000D8FB05001AD000E000256068E168001D4D
:109E200040EA012133462A462068FFF733FA40B161
:109E3000084901EB8000084950F8040C826A51631C
:109E400070BD1DB129460248FEF710FD002070BD0F
:109E500038F80020243701202D82030810B5FFF7C1
:109E600071FB002804D0034901EB800050F8040C7A
:109E700010BD00002437012010B5FFF7C9F910B15B
:109E80008078001F10BD842010BD10B50C46FFF770
:109E9000BFF920B1E11C072903D3862010BD802023
:109EA00010BD241DE1B2C078FFF70EFBFF2801D0E2
:109EB000002010BD812010BD10B5FFF7A9F918B121
:109EC000C18C19B1C46A02E0802010BD0024C078A2
:109ED000FFF724FAFF2806D01CB121460348FEF7FD
:109EE000C5FC002010BD812010BD000038F8002006
:109EF00010B5FFF7D1FA002010BD10B5FEF7F0FC49
:109F000020B141690A680169104610BD0020014670
:109F100010BD000010B503000CD0186850B158688F
:109F2000002808D009B1012904D1074C24680CB1DC
:109F300004790CB1002010BD0024046001240471D8
:109F40004171C0E9042310BD600B002070B50E46BE
:109F5000FEF7C6FC040016D0BEB1144A00214FF42F
:109F60007A7310681268401E41F1FF35E6FB030565
:109F700029460023D6F786FA0546207901280CD019
:109F8000022808D103E0802070BD862070BD2046E5
:109F9000FFF762F920B1812070BD02202071E560D9
:109FA00029462046FFF73EF9002070BD00D903087E
:109FB00010B5FEF795FC18B10179022908D101E02E
:109FC000802010BD01210171FFF746F90028F8D06B
:109FD000812010BD2DE9F041134E7468002C1CD077
:109FE000A068124F401E4FF00108A06012E0254605
:109FF00024687460002229463868FBF7D6FA10B14D
:10A000000420FEF7A5F96879012808D085F80480B6
:10A01000002C02D0A0680028E9D0BDE8F0812846D5
:10A02000E968FFF7FFF8F3E7680C0020640B0020F5
:10A0300011480021427BDAB1417301218173112162
:10A0400001738168491C01F00F028160082A07D062
:10A050000A2A0CD1891D816013210173FCF7B6BF58
:10A060001522027311F47C7F01D11D210173704709
:10A070001022027381737047EC9D0120F0B50346F6
:10A08000C2BB204A00251479106816E090F90060E0
:10A09000022E10DD5E88878836BAB7EB164F0AD1DC
:10A0A0001F88C6893FBAB6EB174F04D1D1F81E609E
:10A0B0000769BE421DD04C30641E002CE6DC587B84
:10A0C00010F0150F1BD1800719D51479106814E012
:10A0D0000278022A0FD15E88828836BAB2EB164F18
:10A0E00009D11A8812BA120CC2818581D1F81E10CA
:10A0F0000161F0BD03E04C30641E002CE8DC002060
:10A10000F7E7000010DB0308F0B50A7B6FF00303EC
:10A1100003EA9205143D25D000224FF4B4634FF4B6
:10A12000067414311CE08E5C002E1BD0012E02D070
:10A13000022E10D101E0521C12E08E187778042F05
:10A1400009D1768876BA9E4201D91E4602E0A6421F
:10A1500000D2264686828E187678002E02D03244AF
:10A16000AA42E0D3F0BD000070B50446026A406C1C
:10A170000D46014604E083891A44954203D04068A5
:10A180000028F8D100E030B9531C9D4234D1A378A7
:10A19000DB0731D015462562A26A521B00D5A562A5
:10A1A0008A6882B1204B1B689A1AB4F93630B2EB38
:10A1B000E3021344E38600D55242B4F93830A2EBEF
:10A1C000A3021A4422870022626440B14368636498
:10A1D000426004E008464E68FCF748FE314600291C
:10A1E000F8D1A078010708D5A16A691A04D420F033
:10A1F0000800A070A08F608770BD608FA18F4FF4A2
:10A2000080356B1E8842A18A05D80144A94200D33B
:10A210001946618770BD494391FBF0F10A18AA42C3
:10A2200000D31A46628770BDEC9D0120C17F0329CF
:10A2300024D317D1828E418F8A4200D21146828A5E
:10A240004908B1EB420F00D85100818702EB42026E
:10A2500011444187416A8162817841F0080181702F
:10A2600000F01AB88178090708D5418F828A114415
:10A27000B1F5803F01D34FF6FF714187704710B5AC
:10A280000146406C00224A6403E04468FCF7EEFD9E
:10A2900020460028F9D110BD817841F00401817079
:10A2A000406C002102E08160C18140680028FAD141
:10A2B000704700002DE9F0410446006A656C04E037
:10A2C000E98929B1A9896D680844002DF8D117E002
:10A2D000B5B11C49A27F4979891A072900D90721FC
:10A2E000228FB4F9363002EBE3028A406283E18ABE
:10A2F0002183A17841F08001A1706F6877B112E0ED
:10A30000A178C90704D060621121204600F01CF832
:10A31000A07820F00400A070BDE8F081CA0702D147
:10A3200021F00401A170AE89A86046F000422946E0
:10A33000204600F044F86F60AE81EE810020A860F6
:10A34000EAE7000010DB030870B504460E464E2015
:10A35000FCF738FD00210180A2888280E289C2805A
:10A36000626A05468260A078420605D520F040006A
:10A37000A070A868401EA860B00702D0606A401CA8
:10A380006062206CE860700702D5F00600D4E960D6
:10A39000E08F2882AE74A08970B1E0790123E8745F
:10A3A000217704F110022846A16800F0B3F828468E
:10A3B000BDE87040FCF75ABD0023A079EFE730B448
:10A3C0000C4691B221808388A380C389E380002A50
:10A3D00004DB426AA260426A11444162016CE1609E
:10A3E000C18F21821021A17481780A0604D521F041
:10A3F000800181701821A174818959B1C17901232B
:10A40000E1740021017700F110028168204630BC20
:10A4100000F080B800238179F2E72DE9F04105468C
:10A42000407B17460E4640072AD44A20FCF7CAFC58
:10A43000002304460380688800BA010CA1802888A4
:10A4400000BA010CE180A86801BAA160686801BA8D
:10A45000E160687B10F0120F02D00420E36000E09E
:10A460001420A074238237B906F11E02E374111D73
:10A47000204600F04FF82046BDE8F041FCF7F6BC5E
:10A48000BDE8F081838F818A4FF6FF722BB1B1F561
:10A49000896F06D202EA810105E002EA4102828761
:10A4A00001E001EB410141877047000030B4184AD8
:10A4B000002301700B2922D2DFE801F021212115B0
:10A4C0000A1B1B1B1B060E0002214183837714E02D
:10A4D00051894183917C0FE0C18A0183817821F009
:10A4E000020181700377D18841835179817730BC33
:10A4F0007047D1884183012181770383F7E7837017
:10A500004FF406718182118AC18730BCFFF7B7BE54
:10A5100010DB0308F8B5044600F13A0580881646BA
:10A5200000BA000C2880E08800BA000C6880A0689F
:10A5300000BA6860E06800BAA86050202873A07C68
:10A540006873208A00BA000CE881002028826882A3
:10A5500020886080A07C80070FD54FF4017104F142
:10A560004E0009BA090C01801649C98909BA090CBB
:10A57000418060202873042020802088143082B21B
:10A5800022800BB10020F8BD31462020FCF788FB6B
:10A5900060B93046FCF782FA2188009106232A46EA
:10A5A0003146FCF7CEF900BA000C2882E37C208803
:10A5B000A082802000900622314604F11400FCF7AE
:10A5C000CFFAF8BD10DB03082DE9FF4E81468A461D
:10A5D0000020A4490870A448006800287ED1A34840
:10A5E00001684068A24AD2E90032C91A60EB020051
:10A5F0009F4AC2E900101046006801909D490091F1
:10A60000DDE90010884203D94FF47A709A49086056
:10A610009A48D0E90030964A06CA591A904105D2A4
:10A620009348D0E90010954AC2E900109048D0E95B
:10A630000030934A06CA591A904105D28C48D0E995
:10A6400000108F4AC2E900108E480468B9F1000F6B
:10A6500013D124F0080404F001040068844204D0FB
:10A66000884804602046EBF708F801208649086016
:10A670004FF47A7080490860F1E002208249086056
:10A680008248006800280BDB804800684FF4616155
:10A6900048437F49086008460068484403900CE03E
:10A6A0007A48006840424FF4616148437849086045
:10A6B00008460068A9EB00000390CDF808A0754A91
:10A6C000DDE902101268C2E9001071480068401C00
:10A6D0006F4908604846FFF731F800E068E044F051
:10A6E00008046D48D0E90010002359405840014348
:10A6F0004CD0694BDDE902100CCB8D1A60EB0306E0
:10A7000008206942B04149D2644800686449096838
:10A71000A0EB010B4FEA5B00451946F100065A46D3
:10A72000002328463146D5F7ADFE5E4908605A4AF7
:10A73000DDE9020103C259480068594908605948D7
:10A740000068B0F5022F08D956480068B0F5042F0C
:10A7500003D25448006854490860474800684FF4E1
:10A76000FA31B1EB400F04DB434800684000424936
:10A770000860381E01DB014600E041424B4A91422D
:10A780000CDD4FF47A703C49086007E0424ADDE98D
:10A79000020103C241480068414908603948006825
:10A7A00084425CD0374804602046EAF766FF56E0F2
:10A7B000B9F1000F01D1012000E00020BAF1000F33
:10A7C00001D1012100E000210840A0B124F00804DB
:10A7D00004F001042B480068844204D02948046036
:10A7E0002046EAF74AFF0120274908604FF47A70B3
:10A7F0002149086033E072B600212D48EEF7F1FCE4
:10A8000062B62248006800280BDB204800684FF43D
:10A81000616148431E490860084600684844039047
:10A820000CE01A48006840424FF4616148431849FF
:10A83000086008460068A9EB0000039004F00200DD
:10A8400018B11C485044029001E0CDF808A0114A0C
:10A85000DDE90201126803C24846FEF76FFFBDE85A
:10A86000FF8E000049020020840200201002002018
:10A8700058020020BECCCC0C1C020020600200203C
:10A8800068020020200200205002002094000020D6
:10A890007C02002024020020380200201802002040
:10A8A0004002002078020020300200203789410059
:10A8B000001400408081557C094B10B500221968B6
:10A8C00009E04C88844204D10C78012C01D9012084
:10A8D00010BD0C31521C1C799442F2DC002010BDDA
:10A8E00008DB030870B5044600250FE00120FDF7E2
:10A8F000A7FB0848006840B10020064908604FF4F3
:10A900007A70FDF79DFB012070BD6D1CA542EDD353
:10A910000020F9E72C02002010B500290AD00878A1
:10A92000002807D005487844D6F770FB002801D0EE
:10A93000002010BD0248784410BD00008A38000095
:10A940008238000081F00041704780F0004070477D
:10A9500021F00041704720F00040704721F0004294
:10A96000A2F16052B2F5801F01F0004328BFD2F17E
:10A970007F6C0BD95FEA001C43EAC20242EB5070C5
:10A9800018BF704728BF20F001007047B2F5801F44
:10A99000BCBF184670474FEA410C1CF5001F02D29D
:10A9A000084600F08FBE70B500F0CAFB00000089B9
:10A9B000FFF7F6BF4FF00040A0F5800070470000A1
:10A9C00010B591EA030F48BF83F0004300F12285E0
:10A9D000841A71EB030C05D2121943EB0C03001B14
:10A9E00061EB0C01DFF824E14FEA1154A4EB135C96
:10A9F0001EEA430F18BF9EEA445F73D023EA0E039A
:10AA0000DCF1200E21EA045143F4801332D322FA00
:10AA10000CFE10EB0E0023FA0CFE41EB0E01CCF104
:10AA2000200E03FA0EFE10EB0E0051F10001B1F5FD
:10AA3000801FCCF1200E32D201EB045112FA0EF23B
:10AA4000BDE8104058BF7047401C38BF5FEA420263
:10AA500018BF7047002814BF20F0010041F1000129
:10AA60004FEA410313F5001F38BF7047A1F1C04101
:10AA700000F0B4BB012A43EB0302ACF1200CDCF183
:10AA80001F0E32BF4FF0000E23FA0CF310EB030041
:10AA900041EB0451B4EB115FD0D0A1EB045101F5AF
:10AAA000801149085FEA300001EB04510ED350F1E8
:10AAB000000038BF12FA0EFE08D1BDE81040C9E709
:10AAC000401C38BF5FEA4202CAD1C3E7BDE810406C
:10AAD0004FEA410313F5001F38BF7047A1F1C04191
:10AAE00000F07CBB9EEA445F08D011EA5E0FBDE82F
:10AAF000104004BF01F0004100207047BDE8104045
:10AB000070B500F01DFB00BF64FBBE3E0000E0FF1F
:10AB1000491058BFC1F140415B1058BFC3F14043D9
:10AB20008B42EFF3008070472DE9C04130B4DFF86D
:10AB3000A0C23CEA111418BF3CEA131400F0EC80E8
:10AB400081EA03051CEA111444EAD57418BF1CEA13
:10AB5000131500F0C780A4EB05044FF0004545EA4B
:10AB6000C12145EAC32341EA505143EA525304F15B
:10AB70007F74994204F500344FEAC0204FEAC222A4
:10AB800008BF904200F09C804FEA13650FF2401618
:10AB9000765D4FEA134506FB05F7C7F1807706FBA4
:10ABA00007F74FEAD737A7FB03687642C8F5803826
:10ABB000A7FB06CE38BFA8F1010807FB08E64FF057
:10ABC000000EA6FB028CE6FB03CEDCF1000CCEF1FE
:10ABD000004E38BFAEF1010EA6FB0C584FF0000737
:10ABE0004FF00005E6FB0E87A1FB08C6A0FB07CED1
:10ABF00016EB0E0645F10005E1FB076515F1E04E89
:10AC00007EBFA4F580345FEA46066D4116F18007E9
:10AC100045F100054FEA17274FEA066647EA056740
:10AC2000A6F1DE46B6F1805F4FEA15251FD93846FA
:10AC300024F0010C05EBC471BCF1FE6F01EB0C11AB
:10AC400002D8F0BCBDE8008124425CBF01F5801E43
:10AC50009EEAC47F02D4F0BCBDE80081244238D40F
:10AC6000F0BCA1F1C041BDE8004100F0B7BA4FEA25
:10AC7000D22242EA43524FEAD323A7FB02864FEA8D
:10AC8000D02040EA415007FB03661EEA0E0F4FEA50
:10AC9000D12105FB026658BFA6EB0056B6EB005665
:10ACA0004FEA520E4EEAC37E18EB0E0E56EB530ED1
:10ACB000BDD518EB02085E417F1C55F10005B6E7D3
:10ACC0004FF480154FF000074FF000064FF00008DA
:10ACD000ADE7F0BC4FF0000001F1C04101F00041D0
:10ACE000BDE8008111EA0C1F0CEA131500D00CE03E
:10ACF00013EA0C1F00F025804FF00000F0BC81EA41
:10AD0000030101F00041BDE80081F0BCBDE8004155
:10AD100081EA030100F062BAF0BCBDE8004170B501
:10AD200000F00EFA097EFC3E00F007B881EA03014C
:10AD30004FF0000001F00041704781EA030100F08C
:10AD40004DBAF0BCBDE800414FF00000214970470A
:10AD5000FFFDFBF9F7F5F4F2F0EEEDEBE9E8E6E4E0
:10AD6000E3E1E0DEDDDBDAD8D7D5D4D3D1D0CFCD67
:10AD7000CCCBCAC8C7C6C5C4C2C1C0BFBEBDBCBBA0
:10AD8000BAB9B8B7B6B5B4B3B2B1B0AFAEADACAB9B
:10AD9000AAA9A8A8A7A6A5A4A3A3A2A1A09F9F9E75
:10ADA0009D9C9C9B9A999998979796959594939327
:10ADB000929191908F8F8E8E8D8C8C8B8B8A8989BE
:10ADC0008888878786858584848383828281818041
:10ADD0000000FF070000F87F4FEA41034FEA53539A
:10ADE000A3F58063D3F11E03C8BFD3F1210C0CDDA2
:10ADF0004FF0004242EAC12242EA505232FA03FCCA
:10AE00008CEAE17CACEBE1707047102BC4BF0020F2
:10AE1000704703F5787CBCF1FF3F04D06FF000422F
:10AE200082EA2100704770B500F08AF949922480C7
:10AE300000207047F2E700004FEA1153A3F580634A
:10AE4000D3F11E03A8BFD3F1200C08DB4FF0004262
:10AE500042EAC12252EA505232FA03F070470942E4
:10AE60000BD4102BC4BF0020704703F5787CBCF1D5
:10AE7000FF3F05D04FF0FF3070474FF000007047A4
:10AE800070B500F05DF900BF499224800020704742
:10AE9000F0E710F0004248BF4042B0FA80F310FAE9
:10AEA00003F10AD0C3F11D0303F580634FEA41505B
:10AEB00002EB035202EBD12170474FF000007047C4
:10AEC000B0FA80F310FA03F10AD0C3F11D0303F5C1
:10AED00080634FEA41504FEA035202EBD1217047A1
:10AEE0004FF0000070470000B1FA81F30B3B20D314
:10AEF000994010D1B0FA80F310FA03F108BF7047FF
:10AF0000C3F11D0303F580634FEAD1224FEA41509C
:10AF100002EB03517047C3F1200C20FA0CFC98405F
:10AF2000C3F1320303F5806341EA0C0101EB0351E5
:10AF3000704710B5C3F10004C3F1320CC4F1200E08
:10AF40000CF5806201FA0EFC21FA04F100FA0EF30E
:10AF5000E040BDE8104040EA0C0001EB025138BF70
:10AF60007047401C41F100015B0008BF20F0010068
:10AF70007047000051EA030C17D41CF5801F58BF1E
:10AF8000BCF5801F00F10680994218BF704708BFCA
:10AF90009042704707D711F5801F58BF13F5801FE7
:10AFA00019D499427047894270471CF5801F08D513
:10AFB000BCF5801FF7D58B4218BF704708BF82428F
:10AFC00070474FF4001C1CEB410F38BF1CEB430FC4
:10AFD00001D28B42704770B500F0B2F8922449005C
:10AFE0004FF000514FF08053FFF792BDDFF848C19A
:10AFF00070B51CEA111E1EBF1CEA13159EEA0C0F49
:10B0000095EA0C0F00F06F8081EA030423EA4C13E9
:10B010004EEAD47E21EA4C1141F4801143F48013AE
:10B02000AE44A1FB024CA0FB0365AEF17F7E361956
:10B0300055EB0C05A1FB034C4CF10003A0FB021CDB
:10B0400016EB0C06654153F10003094218BF46F0A8
:10B05000010613F4007F0BD14FEA03314FEA0530AC
:10B06000340341EA155140EA16506FF003020AE03A
:10B070004FEAC3214FEAC520F40241EA555140EAA4
:10B0800056506FF0020202EB2E4201EB025585EAA8
:10B09000CE710AD05FEA440C18BF24F0004450F18E
:10B0A000000041F1000120EAD47040F2FE7C6245CC
:10B0B00000D270BDA84214BF4FF080444FF040440E
:10B0C000002E08BF0024BEF1806FA8BFA1F1C041CF
:10B0D000BDE8704080F282804FF0000001F1C04175
:10B0E00001F0004170479EEA0C0F0CEA131518BFDF
:10B0F00095EA0C0F06D04FF0000081EA030E0EF027
:10B10000004170BD00F01CF88900013E00F007B856
:10B1100000F009B84FEA430C5FEA5C5C08D081EAB2
:10B12000030100F05BB84FEA410C5FEA5C5CF6D1CA
:10B130004FF00000014970470000FF070000F87F52
:10B140000EF1020E2EF0030E5EF8046B364205D4AB
:10B15000012A43EB030515F5001F12D8012841EB26
:10B16000010C1CF5001F0CD80ED14FEAD17C15F54F
:10B17000001F0CEB4C0C0CF1020C08BF4CEBD37C09
:10B1800004E04FF0080C01E04FEAD37C0CEB4C05D7
:10B1900026FA05F606F00706B6F1040C06D20EEB09
:10B1A000860CBDE870404CF0010C6047DFE80CF005
:10B1B000090B02024FF000414FF00000A1F5002101
:10B1C00070BD19461046012851EB010418BFD4F593
:10B1D000001484BF002001F0004170BD0808A0F5F4
:10B1E00000114FEA3101704753EA010C17D41CF5E6
:10B1F000801F58BFBCF5801F00F106808B4218BF2E
:10B20000704708BF8242704707D713F5801F58BFA9
:10B2100011F5801F19D48B4270479B4270471CF573
:10B22000801F08D5BCF5801FF7D5994218BF70471D
:10B2300008BF904270474FF4001C1CEB430F38BF0F
:10B240001CEB410F01D2994270470FB40CBC03BCF8
:10B25000FFF7C1BE91EA030F10B581F000413FF541
:10B26000B7AB83F0004300F0D5B800002DE9F04102
:10B2700001F5801CBCF5001FC0F2A9804FEA115CEB
:10B2800021EA0C510CF1FD0C41F480115FEA5C0CD9
:10B290000CF5C07C01D34000494130A4890241EA49
:10B2A000905187028E0E0A0CA45D04FB04F602FB8B
:10B2B00006F6C6F14046A4FB0662F60D46EA4226B3
:10B2C00006FB06F4A4FB01235242C3F1404338BFFE
:10B2D0005B1EA6FB02420024E6FB0324D20B42EADB
:10B2E0004446A6FB0623A1FB02E2A3FB07E4E3FB23
:10B2F00061426442C2F1404E38BFAEF1010EA6FB7E
:10B3000004234FF00002E6FB0E32A2FB034634009A
:10B31000E2FB6264A1FB06E6A4FB07E8E4FB6168CC
:10B320007642C8F1405838BFA8F10108A2FB06E4F4
:10B33000A3FB08E5E2FB6854A1FB05E6A7FB04E8D4
:10B34000E1FB648618F1200556F10006A809A8F172
:10B350001B08B10908F03F08B8F10A0F40EA8660FF
:10B360001CD901EB0C51BDE8F08100BFFCF5EEE803
:10B37000E2DDD8D3CFCBC7C3C0BDB9B6B4B1AEAC94
:10B38000A9A7A5A3A19F9D9B9A9896959392908F0C
:10B390008D8C8B898887868584838281A0FB006859
:10B3A00000FB01F208EB4208B8EB872807D53418F8
:10B3B00058EB0104D5D5401C51F10001D1E7341AF6
:10B3C00078EB0104CDD4401E71F10001C9E75FEABA
:10B3D0004C0C5FEA9C5C0DD105D34FF0000001F0EE
:10B3E0000041BDE8F081BDE8F04170B5FFF7A8FE6F
:10B3F0006DDBFFBEBDE8F0414FF000000049704733
:10B400000000F87F10B591EA030F48BF83F00043B6
:10B410003FF5DEAA841A71EB030C07D212198CF0E7
:10B42000004C43EB0C03001B61EB0C01DFF8A4E1C3
:10B430004FEA1154A4EB135C1EEA430F18BF9EEAB7
:10B44000445F00F0B08023EA6E03524221EA0451C7
:10B45000C3EB6E0338BF5B1EDCF1200E25D322FA4E
:10B460000CFE10EB0E0043FA0CFE41EB0E01CCF18A
:10B47000200E03FA0EFE10EB0E0051F10001CCF18C
:10B48000200E29D412FA0EF201EB0451BDE810404F
:10B4900058BF7047401C1CBFB2F1004F70470028D6
:10B4A0000CBF491C20F00100704712EB020E43EB69
:10B4B000030218BF4FF0010E4EEA4202ACF1200C1D
:10B4C000DCF11E0E54D943FA0CFE10EB0E0051F1C4
:10B4D000FF31CCF11E0ED5D50EF1010E12FA0EFE83
:10B4E000404141EB010101EB445C5FEA5C5C10D937
:10B4F00010EBDE7001EB045138BFBEF1004FBDE828
:10B50000104018BF704700280CBF491C20F00100F4
:10B51000704730D24FEAD42C11F5001124F40064A6
:10B520001BD0B1FA81F20B3AA41AA41ED2F1200367
:10B53000914030FA03F31943904001EBCC71002C99
:10B5400001EB0451BDE81040A8BF704701F1C041B4
:10B550004FF0000001F000417047B0FA80F310FA9C
:10B5600003F100D110BDE41A173C4805C90AE4E70D
:10B5700001EB045110BD491001EB0451BDE810402E
:10B580004FEA300002E04FF0000170474A0008BF68
:10B590000042F8D0B2F5001F28BF704701F000410B
:10B5A0004FF0000070479EEA445F07D011EA5E0F3B
:10B5B000BDE8104004BF002100207047BDE81040E6
:10B5C00070B5FFF7BDFD00BF40DFF63E83F00041E0
:10B5D000104670470000E0FF43004FEAD30C4FEAEB
:10B5E0003C0C43401FBF40070CF1605113F0FE4F6D
:10B5F00070471CF0006F03D100200CF00041704731
:10B600000CF0004343EA507010B540EACC0000F063
:10B610000EF800BF000000924FEA0001FFF7DEBD08
:10B620004FF000414FF00000A1F5002170470EF1EE
:10B63000020E2EF0030E5EF8044B244204D44FEAAF
:10B640004102B2F17F4F11D84FEA4003B3F17F4F6F
:10B650000CD80ED14FEAD07CB2F17F4F0CEB4C0CE2
:10B660000CF1020C08BF4CEBD17C04E04FF0080C4D
:10B6700001E04FEAD17C0CEB4C0324FA03F404F014
:10B680000704B4F1040C06D20EEB840CBDE81040A4
:10B690004CF0010C6047DFE80CF0070802024FF0A5
:10B6A0000040A0F5800010BD0846420018BFD2F14E
:10B6B000807288BF00F0004010BD4FF04070E1EE96
:10B6C000100A7047FF2141EAD050C00570470000C2
:10B6D0004FEAC1230A1543EA50534FEAC02C18BF62
:10B6E00043F000431BD4A2F24E02D2F57C72C0F2AA
:10B6F0002080502AA8BF502223FA02F12CFA02F02F
:10B7000060B4D2F1200284BF03FA02F52843C2F1EB
:10B7100000029CBF23FA02F5284360BC704701F188
:10B72000804212F5801F04DA4FF000004FF0000154
:10B73000704770B5FFF704FD49922480002001E0B6
:10B740006FEAE17001467047952202080000000090
:10B750000100000000010000B1FB01080100000031
:10B760000100000000020000053B0208000000008C
:10B77000020000000004000045FB0208FFFFFFFF7D
:10B780000200000000040000CDCCCC3D0AD7233CD1
:10B790006F12833A17B7D138ACC5273700000000C5
:10B7A000000020410000C84200007A4400401C46CE
:10B7B000A151020800000000010000000004000088
:10B7C00000001F003C005B0079009800B600D50027
:10B7D000F400120131014F0100001F003B005A002C
:10B7E00078009700B500D400F300110130014E013C
:10B7F000601700208417002094170020A417002051
:10B80000FC170020EDA40108FFFFFFFF010000006E
:10B810000004000061F802080100000001000000BF
:10B8200020030000541E0020EB3C904D53444F5326
:10B83000352E3000028001000110000040F80100A8
:10B840000100010000000000000000000000297459
:10B8500019022753544D333320555342202046417B
:10B8600054313220202033C98ED1BCF07B8ED9B820
:10B8700000208EC0FCBD007C384E247D248BC199F5
:10B88000E83C01721C83EB3A66A11C7C26663B07F0
:10B89000268A57FC750680CA0288560280C3107338
:10B8A000EB33C98A461098F7661603461C13561EDA
:10B8B00003460E13D18B7611608946FC8956FEB87B
:10B8C0002000F7E68B5E0B03C348F7F30146FC113B
:10B8D0004EFE61BF0000E8E600723926382D74176D
:10B8E00060B10BBEA17DF3A66174324E740983C7AB
:10B8F000203BFB72E6EBDCA0FB7DB47D8BF0AC98CB
:10B9000040740C487413B40EBB0700CD10EBEFA0CD
:10B91000FD7DEBE6A0FC7DEBE1CD16CD19268B5528
:10B920001A52B001BB0000E83B0072E85B8A562463
:10B93000BE0B7C8BFCC746F03D7DC746F4297D8C51
:10B94000D9894EF2894EF6C606967DCBEA030000F1
:10B95000200FB6C8668B46F86603461C668BD06619
:10B96000C1EA10EB5E0FB6C84A4A8A460D32E4F7C8
:10B97000E20346FC1356FEEB4A525006536A016A34
:10B9800010918B4618969233D2F7F691F7F64287CC
:10B99000CAF7761A8AF28AE8C0CC020ACCB8010249
:10B9A000807E020E7504B4428BF48A5624CD136156
:10B9B00061720B40750142035E0B497506F8C34185
:10B9C000BB000060666A00EBB04E544C445220202D
:10B9D000202020200D0A52656D6F76652064697302
:10B9E0006B73206F72206F74686572206D65646977
:10B9F000612EFF0D0A4469736B206572726F72FFCE
:10BA00000D0A507265737320616E79206B65792021
:10BA1000746F20726573746172740D0A0000000007
:10BA2000000000ACCBD855AAF8FFFFFF4F00FFFF86
:10BA3000FF00000000000000000000000000000007
:10BA400000000000000000000000000000000000F6
:10BA5000000000000000000021F0FF2340022560EC
:10BA60000227800229A0022BC0022DE0022F000332
:10BA700031200333400335600337800339A0033B93
:10BA8000C0033DE0033F00044120044340044560FF
:10BA90000447800449A0044BC0044DE0044F000556
:10BAA00051200553400555600557800559A0055B99
:10BAB000F0FFFFFFFFFFFFFF00000000000000009D
:10BAC0000000000000000000000000000000000076
:10BAD0000000000000000000000000000000000066
:10BAE0000000000000000000000000000000000056
:10BAF0000000000000000000000000000000000046
:10BB00000000000000000000000000000000000035
:10BB10000000000000000000000000000000000025
:10BB20000000000000000000000000000000000015
:10BB30000000000000000000000000000000000005
:10BB400000000000000000000000000000000000F5
:10BB500000000000000000000000000000000000E5
:10BB600000000000000000000000000000000000D5
:10BB700000000000000000000000000000000000C5
:10BB800000000000000000000000000000000000B5
:10BB900000000000000000000000000000000000A5
:10BBA0000000000000000000000000000000000095
:10BBB0000000000000000000000000000000000085
:10BBC0000000000000000000000000000000000075
:10BBD0000000000000000000000000000000000065
:10BBE0000000000000000000000000000000000055
:10BBF0000000000000000000000000000000000045
:10BC00000000000000000000000000000000000034
:10BC10000000000000000000000000000000000024
:10BC2000000000000000000041564D202020202090
:10BC3000202020280000000000000000000000007C
:10BC4000000000000000000053595354454D2020CF
:10BC500044415421000000002100BB320000DC837D
:10BC6000BB32020000000100574F524B4A202020F7
:10BC700044415421000000002100BB320000DC835D
:10BC8000BB320300000002004D4541534A202020F2
:10BC900044415421000000002100BB320000DC833D
:10BCA000BB32220000003A00E54541535F322020BC
:10BCB00054585421000000002100BB320000DC83F6
:10BCC000BB32420050000000524541444D45202007
:10BCD00054585421000000002100BB320000DC83D6
:10BCE000BB32020060000000000000000000000005
:10BCF0000000000000000000000000000000000044
:10BD00000000000000000000000000000000000033
:10BD10000000000000000000000000000000000023
:10BD20000000000000000000000000000000000013
:10BD30000000000000000000000000000000000003
:10BD400000000000000000000000000000000000F3
:10BD500000000000000000000000000000000000E3
:10BD600000000000000000000000000000000000D3
:10BD700000000000000000000000000000000000C3
:10BD800000000000000000000000000000000000B3
:10BD900000000000000000000000000000000000A3
:10BDA0000000000000000000000000000000000093
:10BDB0000000000000000000000000000000000083
:10BDC0000000000000000000000000000000000073
:10BDD0000000000000000000000000000000000063
:10BDE0000000000000000000000000000000000053
:10BDF0000000000000000000000000000000000043
:10BE00000000000000000000000000000000000032
:10BE10000000000000000000000000000000000022
:10BE2000000000000000000054686973206973205E
:10BE30006120555342204D656D6F727920446576BF
:10BE40006963652044656D6F6E7374726174696FA8
:10BE50006E20666F720D0A74686520535420535427
:10BE60004D333246343239492D446973636F7665F8
:10BE7000727920626F61726420776974682053540C
:10BE80004D3332463432392E0000000000000000ED
:10BE900000000000000000000000000000000000A2
:10BEA0000000000000000000000000000000000092
:10BEB0000000000000000000000000000000000082
:10BEC0000000000000000000000000000000000072
:10BED0000000000000000000000000000000000062
:10BEE0000000000000000000000000000000000052
:10BEF0000000000000000000000000000000000042
:10BF00000000000000000000000000000000000031
:10BF10000000000000000000000000000000000021
:10BF20000000000000000000000000000000000011
:10BF30000000000000000000000000000000000001
:10BF400000000000000000000000000000000000F1
:10BF500000000000000000000000000000000000E1
:10BF600000000000000000000000000000000000D1
:10BF700000000000000000000000000000000000C1
:10BF800000000000000000000000000000000000B1
:10BF900000000000000000000000000000000000A1
:10BFA0000000000000000000000000000000000091
:10BFB0000000000000000000000000000000000081
:10BFC0000000000000000000000000000000000071
:10BFD0000000000000000000000000000000000061
:10BFE0000000000000000000000000000000000051
:10BFF0000000000000000000000000000000000041
:10C000000000000000000000000000000000000030
:10C010000000000000000000000000000000000020
:10C020000000000000000000000000000000000010
:10C030000000000000000000000000000000000000
:10C0400000000000000000000000000000000000F0
:10C0500000000000000000000000000000000000E0
:10C0600000000000000000000000000000000000D0
:10C0700000000000000000000000000000000000C0
:10C0800000000000000000000000000000000000B0
:10C0900000000000000000000000000000000000A0
:10C0A0000000000000000000000000000000000090
:10C0B0000000000000000000000000000000000080
:10C0C0000000000000000000000000000000000070
:10C0D0000000000000000000000000000000000060
:10C0E0000000000000000000000000000000000050
:10C0F0000000000000000000000000000000000040
:10C10000000000000000000000000000000000002F
:10C11000000000000000000000000000000000001F
:10C12000000000000000000000000000000000000F
:10C1300000000000000000000000000000000000FF
:10C1400000000000000000000000000000000000EF
:10C1500000000000000000000000000000000000DF
:10C1600000000000000000000000000000000000CF
:10C1700000000000000000000000000000000000BF
:10C1800000000000000000000000000000000000AF
:10C19000000000000000000000000000000000009F
:10C1A000000000000000000000000000000000008F
:10C1B000000000000000000000000000000000007F
:10C1C000000000000000000000000000000000006F
:10C1D000000000000000000000000000000000005F
:10C1E000000000000000000000000000000000004F
:10C1F000000000000000000000000000000000003F
:10C20000000000000000000000000000000000002E
:10C21000000000000000000000000000000000001E
:10C22000000000000000000000000000000000000E
:10C2300000000000000000000000000000000000FE
:10C2400000000000000000000000000000000000EE
:10C2500000000000000000000000000000000000DE
:10C2600000000000000000000000000000000000CE
:10C2700000000000000000000000000000000000BE
:10C2800000000000000000000000000000000000AE
:10C29000000000000000000000000000000000009E
:10C2A000000000000000000000000000000000008E
:10C2B000000000000000000000000000000000007E
:10C2C000000000000000000000000000000000006E
:10C2D000000000000000000000000000000000005E
:10C2E000000000000000000000000000000000004E
:10C2F000000000000000000000000000000000003E
:10C30000000000000000000000000000000000002D
:10C31000000000000000000000000000000000001D
:10C32000000000000000000000000000000000000D
:10C3300000000000000000000000000000000000FD
:10C3400000000000000000000000000000000000ED
:10C3500000000000000000000000000000000000DD
:10C3600000000000000000000000000000000000CD
:10C3700000000000000000000000000000000000BD
:10C3800000000000000000000000000000000000AD
:10C39000000000000000000000000000000000009D
:10C3A000000000000000000000000000000000008D
:10C3B000000000000000000000000000000000007D
:10C3C000000000000000000000000000000000006D
:10C3D000000000000000000000000000000000005D
:10C3E000000000000000000000000000000000004D
:10C3F000000000000000000000000000000000003D
:10C40000000000000000000000000000000000002C
:10C41000000000000000000000000000000000001C
:10C42000000000000000000000000000000000000C
:10C4300000000000000000000000000000000000FC
:10C4400000000000000000000000000000000000EC
:10C4500000000000000000000000000000000000DC
:10C4600000000000000000000000000000000000CC
:10C4700000000000000000000000000000000000BC
:10C4800000000000000000000000000000000000AC
:10C49000000000000000000000000000000000009C
:10C4A000000000000000000000000000000000008C
:10C4B000000000000000000000000000000000007C
:10C4C000000000000000000000000000000000006C
:10C4D000000000000000000000000000000000005C
:10C4E000000000000000000000000000000000004C
:10C4F000000000000000000000000000000000003C
:10C50000000000000000000000000000000000002B
:10C51000000000000000000000000000000000001B
:10C52000000000000000000000000000000000000B
:10C5300000000000000000000000000000000000FB
:10C5400000000000000000000000000000000000EB
:10C5500000000000000000000000000000000000DB
:10C5600000000000000000000000000000000000CB
:10C5700000000000000000000000000000000000BB
:10C5800000000000000000000000000000000000AB
:10C59000000000000000000000000000000000009B
:10C5A000000000000000000000000000000000008B
:10C5B000000000000000000000000000000000007B
:10C5C000000000000000000000000000000000006B
:10C5D000000000000000000000000000000000005B
:10C5E000000000000000000000000000000000004B
:10C5F000000000000000000000000000000000003B
:10C60000000000000000000000000000000000002A
:10C61000000000000000000000000000000000001A
:10C62000000000000000000000000000000000000A
:10C6300000000000000000000000000000000000FA
:10C6400000000000000000000000000000000000EA
:10C6500000000000000000000000000000000000DA
:10C6600000000000000000000000000000000000CA
:10C6700000000000000000000000000000000000BA
:10C6800000000000000000000000000000000000AA
:10C69000000000000000000000000000000000009A
:10C6A000000000000000000000000000000000008A
:10C6B000000000000000000000000000000000007A
:10C6C000000000000000000000000000000000006A
:10C6D000000000000000000000000000000000005A
:10C6E000000000000000000000000000000000004A
:10C6F000000000000000000000000000000000003A
:10C700000000000000000000000000000000000029
:10C710000000000000000000000000000000000019
:10C720000000000000000000000000000000000009
:10C7300000000000000000000000000000000000F9
:10C7400000000000000000000000000000000000E9
:10C7500000000000000000000000000000000000D9
:10C7600000000000000000000000000000000000C9
:10C7700000000000000000000000000000000000B9
:10C7800000000000000000000000000000000000A9
:10C790000000000000000000000000000000000099
:10C7A0000000000000000000000000000000000089
:10C7B0000000000000000000000000000000000079
:10C7C0000000000000000000000000000000000069
:10C7D0000000000000000000000000000000000059
:10C7E0000000000000000000000000000000000049
:10C7F0000000000000000000000000000000000039
:10C800000000000000000000000000000000000028
:10C810000000000000000000000000000000000018
:10C8200000000000000000000000000096300777C4
:10C830002C610EEEBA51099919C46D078FF46A7014
:10C8400035A563E9A395649E3288DB0EA4B8DC7934
:10C850001EE9D5E088D9D2972B4CB609BD7CB17EB4
:10C86000072DB8E7911DBF906410B71DF220B06A84
:10C870004871B9F3DE41BE847DD4DA1AEBE4DD6D94
:10C8800051B5D4F4C785D38356986C13C0A86B6494
:10C890007AF962FDECC9658A4F5C0114D96C0663B4
:10C8A000633D0FFAF50D088DC8206E3B5E10694C94
:10C8B000E44160D5727167A2D1E4033C47D4044BD4
:10C8C000FD850DD26BB50AA5FAA8B5356C98B242B4
:10C8D000D6C9BBDB40F9BCACE36CD832755CDF4534
:10C8E000CF0DD6DC593DD1ABAC30D9263A00DE5164
:10C8F0008051D7C81661D0BFB5F4B42123C4B35654
:10C900009995BACF0FA5BDB89EB802280888055FD3
:10C91000B2D90CC624E90BB1877C6F2F114C685833
:10C92000AB1D61C13D2D66B69041DC760671DB0121
:10C93000BC20D2982A10D5EF8985B1711FB5B606F3
:10C94000A5E4BF9F33D4B8E8A2C9077834F9000F33
:10C950008EA8099618980EE1BB0D6A7F2D3D6D08D3
:10C96000976C6491015C63E6F4516B6B62616C1CC3
:10C97000D83065854E0062F2ED95066C7BA5011BF3
:10C98000C1F4088257C40FF5C6D9B06550E9B71293
:10C99000EAB8BE8B7C88B9FCDF1DDD62492DDA1553
:10C9A000F37CD38C654CD4FB5861B24DCE51B53A73
:10C9B0007400BCA3E230BBD441A5DF4AD795D83D73
:10C9C0006DC4D1A4FBF4D6D36AE96943FCD96E34B3
:10C9D000468867ADD0B860DA732D0444E51D033393
:10C9E0005F4C0AAAC97C0DDD3C710550AA410227A3
:10C9F00010100BBE86200CC925B56857B3856F2073
:10CA000009D466B99FE461CE0EF9DE5E98C9D929D2
:10CA10002298D0B0B4A8D7C7173DB359810DB42E12
:10CA20003B5CBDB7AD6CBAC02083B8EDB6B3BF9A5E
:10CA30000CE2B6039AD2B1743947D5EAAF77D29DEA
:10CA40001526DB048316DC73120B63E3843B6494CA
:10CA50003E6A6D0DA85A6A7A0BCF0EE49DFF0993CA
:10CA600027AE000AB19E077D44930FF0D2A308873A
:10CA700068F2011EFEC206695D5762F7CB676580EA
:10CA800071366C19E7066B6E761BD4FEE02BD389EA
:10CA90005A7ADA10CC4ADD676FDFB9F9F9EFBE8E4A
:10CAA00043BEB717D58EB060E8A3D6D67E93D1A18A
:10CAB000C4C2D83852F2DF4FF167BBD16757BCA66A
:10CAC000DD06B53F4B36B248DA2B0DD84C1B0AAF0A
:10CAD000F64A0336607A0441C3EF60DF55DF67A88A
:10CAE000EF8E6E3179BE69468CB361CB1A8366BC1A
:10CAF000A0D26F2536E2685295770CCC03470BBB6A
:10CB0000B91602222F260555BE3BBAC5280BBDB269
:10CB1000925AB42B046AB35CA7FFD7C231CFD0B509
:10CB20008B9ED92C1DAEDE5BB0C2649B26F263ECFB
:10CB30009CA36A750A936D02A906099C3F360EEB09
:10CB40008567077213570005824ABF95147AB8E2C9
:10CB5000AE2BB17B381BB60C9B8ED2920DBED5E5A9
:10CB6000B7EFDC7C21DFDB0BD4D2D38642E2D4F1F9
:10CB7000F8B3DD686E83DA1FCD16BE815B26B9F689
:10CB8000E177B06F7747B718E65A0888706A0FFFE9
:10CB9000CA3B06665C0B0111FF9E658F69AE62F8A9
:10CBA000D3FF6B6145CF6C1678E20AA0EED20DD7A9
:10CBB0005483044EC2B30339612667A7F71660D0C9
:10CBC0004D476949DB776E3E4A6AD1AEDC5AD6D909
:10CBD000660BDF40F03BD83753AEBCA9C59EBBDE29
:10CBE0007FCFB247E9FFB5301CF2BDBD8AC2BACAD9
:10CBF0003093B353A6A3B4240536D0BA9306D7CD49
:10CC00002957DE54BF67D9232E7A66B3B84A61C468
:10CC1000021B685D942B6F2A37BE0BB4A18E0CC328
:10CC20001BDF055A8DEF022D1111EEEE0000000002
:10CC30004100000000010000000000000000803FF3
:10CC4000000000400000404044174154FB210940CF
:10CC50000000003FF304B53FD7B3DD3F286B6E4EB5
:10CC60006F12833A0000B4420000C842000034430F
:10CC70000000B443584701008B2E3A00591F0108A9
:10CC8000000000000100000020030000BFF6F037A4
:10CC900000401C3B0A0000000A0000000A000000DF
:10CCA0000000803F0000803F0000803F0000803F88
:10CCB0000000803F0000803F0000803F0000803F78
:10CCC0000000803F0000803F0000803F0000803F68
:10CCD0000000803F0000803F0000803F0000803F58
:10CCE0000000803F0000803F0000803F0000803F48
:10CCF0000000803F00000000000000000000000075
:10CD00000000000000000000000000000000C04122
:10CD10000000000000000000000000000000000013
:10CD20000000000000000000000000000000000003
:10CD300000000000000000000000000000000000F3
:10CD400000000000000000000000000000000000E3
:10CD5000000000000000000000005C430000003FF5
:10CD60000000003F000040400000A0400000803F65
:10CD70000000C03F000080400000C040CDCCCC3D52
:10CD8000CDCC4C3ECDCC4C3E64000000100E0000DB
:10CD90000000A042010100000000000000000000AF
:10CDA0000000C8429A99993E9A99993E9A99993E5B
:10CDB0000080BB440080BB440080BB4400000000F6
:10CDC000000000000000000001000000CD00000095
:10CDD000050000000F0000000A0000001400000021
:10CDE0000C000000080000000D0000000100000021
:10CDF0000400000018DD0020020000000400000014
:10CE00001CDD0020030000000400000020DD0020E5
:10CE1000040000000400000024DD002005000000E4
:10CE20000400000028DD00200600000004000000CF
:10CE30002CDD0020070000000400000030DD002091
:10CE4000080000000400000034DD0020090000009C
:10CE50000400000038DD00200A000000040000008B
:10CE60003CDD00200B0000000400000040DD00203D
:10CE70000100801040000010000001100000401070
:10CE800001000020400000200000012000004020A0
:10CE90002000001000080010000020100000001802
:10CEA00020000020000800200000202000000028B2
:10CEB000100000100004001000001010000000140A
:10CEC00010000020000400200000102000000024BA
:10CED0003D000010400F001000002D100000401F0A
:10CEE0003D000020400F002000002D200000402FBA
:10CEF0000100001040000010000001100000401070
:10CF000005000301FFFF06000401FFFF0700050104
:10CF1000FFFF0A010D0101080E01020302080F01C3
:10CF20000303030803010A02FFFF04010B02FFFFD2
:10CF300005010C02FFFF02040C04FFFF05040D04B1
:10CF4000FFFF06040E04FFFF07050607FFFF0805A5
:10CF50000707FFFF09050B05FFFF0D06FFFFFFFF9A
:10CF60000C06FFFFFFFF0E06FFFFFFFFAC101D0FBB
:10CF7000FFFFFE00AC101D016409F6016509F70111
:10CF8000AC101FDC0096000000000100140000003F
:10CF900004000000B8DE00201500000004000000BE
:10CFA000BCDE00201600000004000000C0DE0020EF
:10CFB0001700000008000000C4DE00201800000078
:10CFC00004000000CCDE0020190000000400000076
:10CFD000D0DE00201A00000001000000D4DE002096
:10CFE0001B00000001000000D5DE00201C00000036
:10CFF00001000000D6DE00201D000000010000003E
:10D00000D7DE00200000000000000000000000004B
:10D010000000000000000000000000000000000010
:10D020000000000000000000000000000000000000
:10D0300000000000000000000000000000000000F0
:10D04000000000001405000001000000D8DE0020F0
:10D05000150500000F000000D9DE002016050000B5
:10D060000F000000E8DE0020170500000F000000A0
:10D07000F7DE0020180500000F00000006DF00208A
:10D08000280500000100000015DF00202905000030
:10D090000F00000016DF00202A0500000F0000002E
:10D0A00025DF00202B0500000F00000034DF0020EA
:10D0B0002C0500000F00000043DF00200000C842E4
:10D0C000AE47B13F00000000030400000400000070
:10D0D00054DF0020040400000400000058DF00209A
:10D0E0000000000000000000000000000000000040
:10D0F00000000000000005000D0400000400000016
:10D1000060DF00200E0400000400000064DF002047
:10D11000130400000100000068DF00201404000078
:10D12000020000006ADF0020CD040208FFFFFFFFBD
:10D130000100000000040000913B01080000000015
:10D1400001000000000200001C64ED4A2602703F4E
:10D1500080492A53CC41703F88CE19EEAF60A3BE00
:10D16000801BCB7B6199A3BE91ED7C3F35FA6F406C
:10D17000D122DBF97E4A2240FAD51C20986307C0F1
:10D180009D8026C286A7FC3F37894160E57C6F40C1
:10D190000BB5A679C7992140A7052FFA0A5207C0F7
:10D1A0001AFA27B858D1FA3F00C1814001C0804126
:10D1B00001C0804100C1814001C0804100C1814067
:10D1C00000C1814001C0804101C0804100C1814057
:10D1D00000C1814001C0804100C1814001C0804147
:10D1E00001C0804100C1814001C0804100C1814037
:10D1F00000C1814001C0804100C1814001C0804127
:10D2000001C0804100C1814000C1814001C0804116
:10D2100001C0804100C1814001C0804100C1814006
:10D2200000C1814001C0804101C0804100C18140F6
:10D2300000C1814001C0804100C1814001C08041E6
:10D2400001C0804100C1814000C1814001C08041D6
:10D2500001C0804100C1814001C0804100C18140C6
:10D2600000C1814001C0804100C1814001C08041B6
:10D2700001C0804100C1814001C0804100C18140A6
:10D2800000C1814001C0804101C0804100C1814096
:10D2900000C1814001C0804100C1814001C0804186
:10D2A00001C0804100C1814000C0C101C30302C26E
:10D2B000C60607C705C5C404CC0C0DCD0FCFCE0ED6
:10D2C0000ACACB0BC90908C8D81819D91BDBDA1A46
:10D2D0001EDEDF1FDD1D1CDC14D4D515D71716D6B6
:10D2E000D21213D311D1D010F03031F133F3F23226
:10D2F00036F6F737F53534F43CFCFD3DFF3F3EFE96
:10D30000FA3A3BFB39F9F83828E8E929EB2B2AEA05
:10D31000EE2E2FEF2DEDEC2CE42425E527E7E62675
:10D3200022E2E323E12120E0A06061A163A3A262E5
:10D3300066A6A767A56564A46CACAD6DAF6F6EAE55
:10D34000AA6A6BAB69A9A86878B8B979BB7B7ABAC5
:10D35000BE7E7FBF7DBDBC7CB47475B577B7B67635
:10D3600072B2B373B17170B05090915193535292A5
:10D3700096565797559594549C5C5D9D5F9F9E5E15
:10D380005A9A9B5B99595898884849894B8B8A4A85
:10D390004E8E8F4F8D4D4C8C4484854587474686F5
:10D3A0008242438341818040000101000303010266
:10D3B000030202020906060205050A0A080A0A0A09
:10D3C00000C1814001C0804101C0804100C1814055
:10D3D00001C0804100C1814000C1814001C0804145
:10D3E00001C0804100C1814000C1814001C0804135
:10D3F00000C1814001C0804101C0804100C1814025
:10D4000001C0804100C1814000C1814001C0804114
:10D4100000C1814001C0804101C0804100C1814004
:10D4200000C1814001C0804101C0804100C18140F4
:10D4300001C0804100C1814000C1814001C08041E4
:10D4400001C0804100C1814000C1814001C08041D4
:10D4500000C1814001C0804101C0804100C18140C4
:10D4600000C1814001C0804101C0804100C18140B4
:10D4700001C0804100C1814000C1814001C08041A4
:10D4800000C1814001C0804101C0804100C1814094
:10D4900001C0804100C1814000C1814001C0804184
:10D4A00001C0804100C1814000C1814001C0804174
:10D4B00000C1814001C0804101C0804100C1814064
:10D4C00000C0C101C30302C2C60607C705C5C40424
:10D4D000CC0C0DCD0FCFCE0E0ACACB0BC90908C894
:10D4E000D81819D91BDBDA1A1EDEDF1FDD1D1CDC84
:10D4F00014D4D515D71716D6D21213D311D1D010F4
:10D50000F03031F133F3F23236F6F737F53534F4E3
:10D510003CFCFD3DFF3F3EFEFA3A3BFB39F9F83853
:10D5200028E8E929EB2B2AEAEE2E2FEF2DEDEC2C43
:10D53000E42425E527E7E62622E2E323E12120E0B3
:10D54000A06061A163A3A26266A6A767A56564A4A3
:10D550006CACAD6DAF6F6EAEAA6A6BAB69A9A86813
:10D5600078B8B979BB7B7ABABE7E7FBF7DBDBC7C03
:10D57000B47475B577B7B67672B2B373B17170B073
:10D580005090915193535292965657975595945463
:10D590009C5C5D9D5F9F9E5E5A9A9B5B99595898D3
:10D5A000884849894B8B8A4A4E8E8F4F8D4D4C8CC3
:10D5B0004484854587474686824243834181804033
:10D5C0000001010003030102030202020906060230
:10D5D00005050A0A080A0A0A0004004002000000C1
:10D5E0001D000AB86402400010014000000008005D
:10D5F00000400046000A0010014010000000250015
:10D600000A00000000040006000000207520020847
:10D61000FFFFFFFF010000000004000000C1814087
:10D6200001C0804101C0804100C1814001C08041F2
:10D6300000C1814000C1814001C0804101C08041E2
:10D6400000C1814000C1814001C0804100C18140D2
:10D6500001C0804101C0804100C1814001C08041C2
:10D6600000C1814000C1814001C0804100C18140B2
:10D6700001C0804101C0804100C1814000C18140A2
:10D6800001C0804101C0804100C1814001C0804192
:10D6900000C1814000C1814001C0804101C0804182
:10D6A00000C1814000C1814001C0804100C1814072
:10D6B00001C0804101C0804100C1814000C1814062
:10D6C00001C0804101C0804100C1814001C0804152
:10D6D00000C1814000C1814001C0804100C1814042
:10D6E00001C0804101C0804100C1814001C0804132
:10D6F00000C1814000C1814001C0804101C0804122
:10D7000000C1814000C1814001C0804100C1814011
:10D7100001C0804101C0804100C1814000C0C10101
:10D72000C30302C2C60607C705C5C404CC0C0DCD91
:10D730000FCFCE0E0ACACB0BC90908C8D81819D901
:10D740001BDBDA1A1EDEDF1FDD1D1CDC14D4D51531
:10D75000D71716D6D21213D311D1D010F03031F121
:10D7600033F3F23236F6F737F53534F43CFCFD3D51
:10D77000FF3F3EFEFA3A3BFB39F9F83828E8E92941
:10D78000EB2B2AEAEE2E2FEF2DEDEC2CE42425E5F1
:10D7900027E7E62622E2E323E12120E0A06061A161
:10D7A00063A3A26266A6A767A56564A46CACAD6D11
:10D7B000AF6F6EAEAA6A6BAB69A9A86878B8B97981
:10D7C000BB7B7ABABE7E7FBF7DBDBC7CB47475B5B1
:10D7D00077B7B67672B2B373B17170B050909151A1
:10D7E0009353529296565797559594549C5C5D9DD1
:10D7F0005F9F9E5E5A9A9B5B9959589888484989C1
:10D800004B8B8A4A4E8E8F4F8D4D4C8C4484854570
:10D810008747468682424383418180400001010060
:10D8200003030102030202020906060205050A0AB1
:10D83000080A0A0AF1160208FFFFFFFF01000000B4
:10D840000004000000080040040000001E000AA0C0
:10D850006002400044004000000008000020001169
:10D86000000A000C0240200005000C0240400006A7
:10D8700007000C0240800000440040000002002627
:10D88000000A0000ED1D0208FFFFFFFF010000007D
:10D890000004000000000000000000000000000084
:10D8A00000000000000000000000030000000A016A
:10D8B000030100000200FFFF0000FFFF0000000066
:10D8C000000000000000C01200000101C59902081C
:10D8D000FFFFFFFF01000000000400001500000032
:10D8E000C800141105000100007A030AA800000016
:10D8F0003F900200010000000200010052000400FD
:10D90000E80300000000000050040000A001000037
:10D91000683E00001000000025830308020000009C
:10D9200001000000C800000004000000783701205A
:10D9300000000000DD5703080000000001000000A7
:10D94000580200000102020669BA01086DE90108E7
:10D95000C9F90208692802082571020871720208D3
:10D9600029B50108C5B40108000802400200000002
:10D97000000002400400000000040240001000000B
:10D9800000040240002000000008024010000000D7
:10D9900000080240200000000004024000080000CF
:10D9A0000000024080000000000002400200000071
:10D9B00001020602FFE7000079BA010851B301082D
:10D9C0009DE90108DDF902083929020855B5010869
:10D9D000D9710208795F0208FD5C0208ED47020870
:10D9E00005B7010851B7010831BA0108BD34010873
:10D9F0006D3301087D260208F526020802020D0299
:10DA00000000000041CA020819CA0208B9D202087F
:10DA1000F1F20208E9E30208EDAD020821AE0208C6
:10DA200055AE020895AE0208CDAE02084DE70208D9
:10DA300015BC020871C202084DBE02089DC0020852
:10DA400049C2020875C1020825CA02080000000088
:10DA5000010203040102030406070809706501209E
:10DA600080650120817003089065012071580308CA
:10DA7000000000000100000000040000A00B0020D6
:10DA8000CD58030801000000010000000002000062
:10DA9000A8650120E02E000000000000F8E0030867
:10DAA00000810000B4E0030898E00308A8E0030840
:10DAB000F0E00308D8E0030800000000889401208B
:10DAC0000A960402010000000000000000000000AF
:10DAD0000000000000000000B8D9030848D903087E
:10DAE000A80B0020C4E00308A4DA0308000000002B
:10DAF000149501200000000000000000000000005C
:10DB000000000000000000002C9501200A00000029
:10DB1000A49501200605280014000A007800A0053D
:10DB2000E01007006C9701200800C800E0E003083F
:10DB3000000000009162030845640308F96C0308C3
:10DB4000156D0308716F0308816F0308A57F030833
:10DB500000000000A9790308BD79030849610308A2
:10DB60005D610308B95E030800000000F56F03085B
:10DB700029700308FFFFFFFFFFFFFFFF04DA030820
:10DB8000B00B0020B40B0020CC98012080000200D4
:10DB900004080000ADA90208010000000100000017
:10DBA00000020000010000007CDB0308010000000F
:10DBB000D00B0020D20B0020D40B00209499012020
:10DBC000D8990120D80B00201C9A012000000101E7
:10DBD000100020004000040010002000400004005D
:10DBE0000101400040000100010000003C9A0120BA
:10DBF0003C9C0120000102020002000040000002E3
:10DC00000000000060E1030800E1030820E10308D0
:10DC100040E10308ECDB030894DB0308E9CA0208CF
:10DC20000100000001000000000200001CDC0308ED
:10DC3000A1D4020801000000010000000002000061
:10DC400030DC030885D10208B89C012044DC0308BD
:10DC5000E40B0020EC0B0020F40B0020FC0B002058
:10DC6000040C00200C0C0020140C002050DC0308D5
:10DC700054DC03085CDC030864DC030858DC03089C
:10DC800060DC030868DC03081C0C002088DC030847
:10DC900003000000B3A90208C1A90208A5CA02082E
:10DCA000EFCA020859CA0208ADCA020851CA0208DE
:10DCB000A7CA02081FD40208A7D40208F5D3020895
:10DCC00031D4020843D402086BD402085DD40208A0
:10DCD00027D40208DBAD0208E9AD0208EBAD02086B
:10DCE000DDAD0208D9AD0208E7AD0208E5AD0208D6
:10DCF000BDAD0208C1AD0208BFAD0208D1AD02083A
:10DD0000CFAD0208C9AD0208C3AD02080600FF0985
:10DD100001A101150026FF00750895400901810247
:10DD200095400901910295010901B102C00000006E
:10DD3000380C002007050000080000120110010047
:10DD400000000851C205350001010203010902402B
:10DD50000002010080FA0904000002030000040927
:10DD60002111010001222100070581034000100755
:10DD700005010340001009040100020806500507D0
:10DD8000058202400000070502024000000000007A
:10DD900000000000040309041C034B006500690037
:10DDA0006C00200053006F00660074007700610073
:10DDB0007200650024034B00650069006C002000C0
:10DDC00055005300420020004400650076006900C1
:10DDD00063006500200030001A034B004900570023
:10DDE00020003F003F003F003F003F003F003F005A
:10DDF0003F0012035500530042005F0048004900F5
:10DE00004400300012035500530042005F004D00F3
:10DE100053004300300000FFFFFFFFFFFF4162633C
:10DE20006445666768496A6B6C4D6E6F705172002D
:10DE300001000100010001000200040008001000C0
:10DE400020004000800000010002000400080010D3
:10DE5000FFFFFFFF7F000001000000000000000046
:10DE60000000000000000000B03495030000000036
:10DE70004FBB610567ACDD3F182D4454FB21E93FE2
:10DE80009BF681D20B73EF3F182D4454FB21F93FD1
:10DE9000E2652F227F2B7A3C075C143326A6813C57
:10DEA000BDCBF07A8807703C075C143326A6913C02
:10DEB000C4EB98999999C9BF711623FEC671BCBF6E
:10DEC0006D9A74AFF2B0B3BF9AFDDE522DDEADBFD6
:10DED0002F6C6A2C44B4A2BF0D5555555555D53FEE
:10DEE000FF8300922449C23F6E204CC5CD45B73F09
:10DEF000513DD0A0660DB13FEB0D76244B7BA93F81
:10DF000011DA22E33AAD903F1F1D1F1E1F1E1F1F77
:10DF10001E1F1E1F000000004C5555555555A53FAE
:10DF20007751C1166CC156BF9015CB19A001FA3EAE
:10DF3000AD529C804F7E92BEC4B1B4BD9EEE213ED8
:10DF4000D43888BEE9FAA8BD00004054FB21F93F4F
:10DF50003163621A61B4D03D0000601A61B4D03DF3
:10DF60007370032E8A19A33B0000002E8A19A33B6D
:10DF7000C14920259A837B39000000000000000081
:10DF80006E83F9A22915444ED15727FCC0DD34F524
:10DF9000999562DB4190433CAB6351FE61C5BBDEAA
:10DFA0003A6E24B7E0D24D42EA2E49061C92D109BE
:10DFB0001CEB1DFE3EA729B1F53582E88444BB2E3B
:10DFC00026709CE9417E5FB439D69139F439538388
:10DFD0008B5F849C3B28F9BDFF97F81F0F9805DEE7
:10DFE0008B112FEF1F6D0A5ACF7E366DB709CB27E5
:10DFF000663F464F2DEA5F9EC7BA27757BF1E5EB7A
:10E00000F739073DEA92528AB15FFB6B085D8D1FBD
:10E01000A6F810111111813FD561C119A0012ABFC5
:10E020007DFEB157E31DC73EEB9C2B8AE6E55ABE49
:10E030007CD5CF5A3AD9E53D7AFE10111111C13F76
:10E0400037D60684F464963F280356C9226D6D3F87
:10E050000165F2F2D844433FA69237A0887E143F70
:10E06000735360DBCB75F3BEFE41B31BBAA1AB3F6C
:10E0700093846EE9E326823F1583E0FEC8DB573FB9
:10E0800068108D1AF726303FE9A7F0320FB8123F1B
:10E09000D47ABF74702AFB3E3235352E3235352E98
:10E0A0003235342E300000003137322E31362E33E7
:10E0B000302E31003137322E31362E33302E32337E
:10E0C0003100000031452D33302D36432D41322DA6
:10E0D00034352D3631000000382E382E342E3400E1
:10E0E0003231372E37392E3137392E313036000064
:10E0F000382E382E382E38006D795F686F737400B3
:10E100004B65696C202020204D53435F44455620C9
:10E110004C554E3120202020312E302000000000B0
:10E120004B65696C202020204D53435F44455620A9
:10E130004C554E3220202020312E3020000000008F
:10E140004B65696C202020204D53435F4445562089
:10E150004C554E3320202020312E3020000000006E
:10E160004B65696C202020204D53435F4445562069
:10E170004469736B20302020312E302000000000D5
:10E18000C0E2030800000020E40C0000C401010804
:10E19000D0E40308E40C0020FC97010020020108F1
:10E1A000D0E4030800000010000001002002010874
:10E1B0001001000043000000F8FFFFFF0040404056
:10E1C000404040404040414141414140404040404A
:10E1D00040404040404040404040404040050202F6
:10E1E00002020202020202020202020202202020B5
:10E1F0002020202020202002020202020202909011
:10E20000909090901010101010101010101010100E
:10E210001010101010101010020202020202888862
:10E22000888888880808080808080808080808086E
:10E230000808080808080808020202024000000056
:10E2400000000000000000000000000000000000CE
:10E2500000000000000000000000000000000000BE
:10E2600000000000000000000000000000000000AE
:10E27000000000000000000000000000000000009E
:10E28000000000000000000000000000000000008E
:10E29000000000000000000000000000000000007E
:10E2A000000000000000000000000000000000006E
:10E2B000000000000000000000000000000000005E
:10E2C000410235013D4B4956203E2C020304040512
:10E2D00030060708090A35017C014AA980120F128D
:10E2E0000A1214120C02A5081AFF010126120502D7
:10E2F00023CD02117B63E8031310022A20040118C6
:10E300000A251EAE190102287F05B0AC101C0105BC
:10E310008855AAC3C3022F200352E8031AFF010144
:10E32000380009F09ED8899D18A648401A110101AD
:10E33000FF01350D31484D0240366A420423EB039C
:10E3400032041374D55B20EE0C1A440C5AF40C1AE8
:10E35000480C5AF50C1A4C0C5AFA0C1A500C5AFB71
:10E360000C1A540C5AFC0C1A580C5AFD0C1A5C0C62
:10E370005AFE0C1A600C5AFF0C1A640C2909290C5D
:10E380001A680C5A010C1A6C0C5A020C1A700C5AAE
:10E39000070C1A780C5A080C1A7C0C1A090932015D
:10E3A0001A800C5A0A0C1A810C5A0B241A840C5A23
:10E3B0000C0C1A880C5A1A0C1A8C0C1A0F09320CF5
:10E3C0001A900C5A100C1A9C0C5A12481AA80C5A83
:10E3D000150C1AA90C5A160C2AAAB401103FAC103D
:10E3E0001CFEFFFF08292401140510010101551E20
:10E3F0001060024028041A40041A58041A70041AC3
:10E4000088041AA0041AB8041B10642019041A40C6
:10E41000041A58041A70041A88041AA0041AB804BA
:10E42000595A29081A40D912401A08041A0C041A19
:10E4300010042A1414291C19281A04041A08041A8E
:10E440000C041A10041A14041A18041A1C045A2072
:10E45000481A302C1A38341A3C04011123803F1317
:10E46000A0428480BB452A52163102F7821AFF016E
:10E47000A90832010357D00715040240402A0607B5
:10E4800012802B0707080141054E94D80308094D57
:10E490004F41033D24F40B44B0DBE413BC0B1B20C1
:10E4A000C4041AE00481160CDD03082112121A3488
:10E4B000081A3B041A8E041A8F041A4D041A900489
:10E4C0001A91041A92041A94048B400C38017400B7
:040000050801018964
:00000001FF
